run_id,status,method,lr,batch_tokens,seed,momentum,alpha,total_tokens,last_step,last_tokens,endpoint_bank_nll,full_validation_nll,selection_metric,train_probe_nll,pre_cooldown_step,pre_cooldown_tokens,pre_cooldown_nll,best_observed_bank_nll,endpoint_minus_best,late_train_probe_change,overfit_sign,training_seconds,peak_cuda_allocated_bytes,issues
adamw_b16384_lr0.0005_m0.8_s20260928,complete,adamw,0.0005,16384,20260928,0.8,0.25,8388608,512,8388608,2.883750872330526,2.8754635614605495,full,2.834759473800659,456,7471104,2.967092959635921,2.883750872330526,0.0,-0.08356165885925293,False,54.0095505900681,437005824,[]
adamw_b16384_lr0.001_m0.8_s20260928,complete,adamw,0.001,16384,20260928,0.8,0.25,8388608,512,8388608,2.8743043605141287,2.865417745613985,full,2.821542263031006,456,7471104,2.9697364342258896,2.8743043605141287,0.0,-0.08688831329345703,False,39.35585735901259,437005824,[]
adamw_b16384_lr0.002_m0.8_s20260928,complete,adamw,0.002,16384,20260928,0.8,0.25,8388608,512,8388608,2.8447911502638448,2.837876432586647,full,2.805637836456299,456,7471104,2.948209733486832,2.8447911502638448,0.0,-0.10432195663452148,False,39.74918828601949,437005824,[]
adamw_b16384_lr0.004_m0.8_s20260928,complete,adamw,0.004,16384,20260928,0.8,0.25,8388608,512,8388608,2.8068919109161556,2.797844030666325,full,2.763108253479004,456,7471104,2.9279912096207097,2.8068919109161556,0.0,-0.12204337120056152,False,47.545810114592314,437005824,[]
muon_b16384_lr0.004_m0.8_s20260928,complete,muon,0.004,16384,20260928,0.8,0.25,8388608,512,8388608,2.6283920632713533,2.6194193635095644,full,2.5934178829193115,456,7471104,2.722191717902319,2.6283920632713533,0.0,-0.09002017974853516,False,66.83899351581931,434187776,[]
muon_b16384_lr0.008_m0.8_s20260928,complete,muon,0.008,16384,20260928,0.8,0.25,8388608,512,8388608,2.580023971991538,2.571820259540799,full,2.5528812408447266,456,7471104,2.690133748745874,2.580023971991538,0.0,-0.10410141944885254,False,42.51506728422828,434187776,[]
muon_b16384_lr0.016_m0.8_s20260928,complete,muon,0.016,16384,20260928,0.8,0.25,8388608,512,8388608,2.585620162389998,2.5774910203295605,full,2.552222490310669,456,7471104,2.6970593455613057,2.585620162389998,0.0,-0.11272025108337402,False,53.122323144227266,434187776,[]
muon_b16384_lr0.032_m0.8_s20260928,complete,muon,0.032,16384,20260928,0.8,0.25,8388608,512,8388608,2.60689415165239,2.5974119214299587,full,2.5667409896850586,456,7471104,2.737546152571503,2.60689415165239,0.0,-0.12913155555725098,False,42.87781971110962,434187776,[]
pd_b16384_lr0.008_m0.8_s20260928,complete,pd,0.008,16384,20260928,0.8,0.25,8388608,512,8388608,2.5699022549066433,2.559748015335307,full,2.529911756515503,456,7471104,2.674751952156273,2.5699022549066433,0.0,-0.10515618324279785,False,82.1290557263419,456355840,[]
pd_b16384_lr0.016_m0.8_s20260928,complete,pd,0.016,16384,20260928,0.8,0.25,8388608,512,8388608,2.5487409898855016,2.5430164470019596,full,2.5189480781555176,456,7471104,2.6694673715685893,2.5487409898855016,0.0,-0.10921049118041992,False,82.21802812558599,456355840,[]
pd_b16384_lr0.032_m0.8_s20260928,complete,pd,0.032,16384,20260928,0.8,0.25,8388608,512,8388608,2.5742472503261733,2.565537599024608,full,2.5391030311584473,456,7471104,2.7021637981634896,2.5742472503261733,0.0,-0.12652230262756348,False,92.64353304728866,456355840,[]
spd_b16384_lr0.004_m0.8_s20260928,complete,spd,0.004,16384,20260928,0.8,0.25,8388608,512,8388608,2.5854258035945037,2.5723604962307367,full,2.5429673194885254,456,7471104,2.66647499327844,2.5854258035945037,0.0,-0.08159399032592773,False,118.41088661924005,481521664,[]
spd_b16384_lr0.008_m0.8_s20260928,complete,spd,0.008,16384,20260928,0.8,0.25,8388608,512,8388608,2.543388846348284,2.5323385633089592,full,2.502204656600952,456,7471104,2.6406291641583217,2.543388846348284,0.0,-0.09483718872070312,False,120.09890650957823,481521664,[]
spd_b16384_lr0.016_m0.8_s20260928,complete,spd,0.016,16384,20260928,0.8,0.25,8388608,512,8388608,2.541686827112018,2.533814056983666,full,2.5126636028289795,456,7471104,2.6594968541450994,2.541686827112018,0.0,-0.10677552223205566,False,134.1003634557128,481521664,[]
spd_b16384_lr0.032_m0.8_s20260928,complete,spd,0.032,16384,20260928,0.8,0.25,8388608,512,8388608,2.543593845772397,2.541130294603162,full,2.511725664138794,456,7471104,2.6704685005151343,2.543593845772397,0.0,-0.12485408782958984,False,121.65095236897469,481521664,[]
ts_b16384_lr0.004_m0.8_s20260928,complete,ts,0.004,16384,20260928,0.8,0.25,8388608,512,8388608,2.5830109504588505,2.5722920332328814,full,2.542767286300659,456,7471104,2.671092085352159,2.5830109504588505,0.0,-0.08067917823791504,False,101.4114520996809,472870912,[]
ts_b16384_lr0.008_m0.8_s20260928,complete,ts,0.008,16384,20260928,0.8,0.25,8388608,512,8388608,2.5408848173122784,2.5316757212073067,full,2.502821445465088,456,7471104,2.6444104582469334,2.5408848173122784,0.0,-0.10029935836791992,False,122.32813295349479,472870912,[]
ts_b16384_lr0.016_m0.8_s20260928,complete,ts,0.016,16384,20260928,0.8,0.25,8388608,512,8388608,2.540860493328472,2.534680428663154,full,2.5093929767608643,456,7471104,2.6610735926210163,2.540860493328472,0.0,-0.11243700981140137,False,109.83588953316212,472870912,[]
ts_b16384_lr0.032_m0.8_s20260928,complete,ts,0.032,16384,20260928,0.8,0.25,8388608,512,8388608,2.561823066935037,2.551429567995914,full,2.527315616607666,456,7471104,2.6870388870189044,2.561823066935037,0.0,-0.12751507759094238,False,101.37667304254137,472870912,[]
