step,tokens,batch_tokens,lr,aux_lr,beta_warmup,beta_constant,train_warmup,train_constant,train_difference,warmup_clipped,constant_clipped
1,16777216,16777216,0.009333333333333332,0.0006666666666666665,0.8,0.9,10.919343697372824,10.919343697372824,0.0,True,True
2,33554432,16777216,0.018666666666666665,0.001333333333333333,0.8010895210735614,0.9,10.460257010534406,10.460253258235753,3.752298653125763e-06,True,True
3,50331648,16777216,0.028,0.002,0.8021790421471227,0.9,9.625189759302884,9.627152019180357,-0.001962259877473116,True,True
4,67108864,16777216,0.028,0.002,0.803268563220684,0.9,8.762451209127903,8.768384033814073,-0.005932824686169624,True,True
5,83886080,16777216,0.028,0.002,0.8043580842942453,0.9,8.128822969505563,8.121553166303784,0.007269803201779723,True,True
6,100663296,16777216,0.028,0.002,0.8054476053678065,0.9,7.680492379702628,7.673960183979943,0.006532195722684264,True,True
7,117440512,16777216,0.028,0.002,0.8065371264413678,0.9,7.50133948167786,7.460924011655152,0.04041547002270818,True,True
8,134217728,16777216,0.028,0.002,0.8076266475149291,0.9,7.361432253150269,7.335838654078543,0.025593599071726203,True,True
9,150994944,16777216,0.028,0.002,0.8087161685884904,0.9,7.208749289158732,7.205332905985415,0.003416383173316717,True,True
10,167772160,16777216,0.028,0.002,0.8098056896620517,0.9,7.16878630197607,7.174577480182052,-0.005791178205981851,True,True
11,184549376,16777216,0.028,0.002,0.810895210735613,0.9,7.028094466775656,7.017919420264661,0.010175046510994434,True,True
12,201326592,16777216,0.028,0.002,0.8119847318091743,0.9,6.896402283804491,6.902955728583038,-0.006553444778546691,True,True
13,218103808,16777216,0.028,0.002,0.8130742528827356,0.9,6.850268083391711,6.866791045526043,-0.016522962134331465,True,True
14,234881024,16777216,0.028,0.002,0.8141637739562968,0.9,6.7184503469616175,6.7205000054091215,-0.0020496584475040436,True,True
15,251658240,16777216,0.028,0.002,0.8152532950298581,0.9,6.685307111823931,6.729462661780417,-0.04415554995648563,True,True
16,268435456,16777216,0.028,0.002,0.8163428161034194,0.9,6.541562063153833,6.565787525381893,-0.02422546222805977,True,True
17,285212672,16777216,0.028,0.002,0.8174323371769807,0.9,6.533953486010432,6.542072269599885,-0.008118783589452505,True,True
18,301989888,16777216,0.028,0.002,0.818521858250542,0.9,6.429826334351674,6.461932443315163,-0.03210610896348953,True,True
19,318767104,16777216,0.028,0.002,0.8196113793241033,0.9,6.415063078515232,6.443502584472299,-0.028439505957067013,True,True
20,335544320,16777216,0.028,0.002,0.8207009003976646,0.9,6.318970563588664,6.353858201066032,-0.034887637477368116,True,True
21,352321536,16777216,0.028,0.002,0.8217904214712259,0.9,6.323297515511513,6.379524431657046,-0.05622691614553332,True,True
22,369098752,16777216,0.028,0.002,0.8228799425447871,0.9,6.25395624130033,6.275605516508222,-0.02164927520789206,True,True
23,385875968,16777216,0.028,0.002,0.8239694636183484,0.9,6.221739289117977,6.2699928702786565,-0.04825358116067946,True,True
24,402653184,16777216,0.028,0.002,0.8250589846919097,0.9,6.151063858764246,6.210430261213332,-0.05936640244908631,True,True
25,419430400,16777216,0.028,0.002,0.826148505765471,0.9,6.137889835750684,6.196585387457162,-0.058695551706478,True,True
26,436207616,16777216,0.028,0.002,0.8272380268390324,0.9,6.088664836017415,6.134662200231105,-0.04599736421369016,True,True
27,452984832,16777216,0.028,0.002,0.8283275479125937,0.9,6.054648243589327,6.114621812244877,-0.05997356865555048,True,True
28,469762048,16777216,0.028,0.002,0.829417068986155,0.9,6.001815745374188,6.044657894410193,-0.04284214903600514,True,True
29,486539264,16777216,0.028,0.002,0.8305065900597163,0.9,5.974324800539762,6.04658371838741,-0.07225891784764826,True,True
30,503316480,16777216,0.028,0.002,0.8315961111332775,0.9,5.946968832286075,5.9963336936198175,-0.04936486133374274,True,True
31,520093696,16777216,0.028,0.002,0.8326856322068388,0.9,5.929725270951167,5.9760832076426595,-0.046357936691492796,True,True
32,536870912,16777216,0.028,0.002,0.8337751532804001,0.9,5.8649524168577045,5.924532896373421,-0.059580479515716434,True,True
33,553648128,16777216,0.028,0.002,0.8348646743539614,0.9,5.863679268397391,5.94132196623832,-0.07764269784092903,True,True
34,570425344,16777216,0.028,0.002,0.8359541954275227,0.9,5.816525783855468,5.875442953547463,-0.058917169691994786,True,True
35,587202560,16777216,0.028,0.002,0.837043716501084,0.9,5.807775941910222,5.906757823890075,-0.09898188197985291,True,True
36,603979776,16777216,0.028,0.002,0.8381332375746453,0.9,5.75868668500334,5.83644759003073,-0.07776090502738953,True,True
37,620756992,16777216,0.028,0.002,0.8392227586482066,0.9,5.755799085600302,5.822456809924915,-0.06665772432461381,True,True
38,637534208,16777216,0.028,0.002,0.8403122797217679,0.9,5.712766656884924,5.771780112059787,-0.05901345517486334,True,True
39,654311424,16777216,0.028,0.002,0.8414018007953291,0.9,5.687016352778301,5.788337498204783,-0.10132114542648196,True,True
40,671088640,16777216,0.028,0.002,0.8424913218688904,0.9,5.659193443367258,5.732864466495812,-0.07367102312855422,True,True
41,687865856,16777216,0.028,0.002,0.8435808429424517,0.9,5.641293017426506,5.72189234639518,-0.08059932896867394,True,True
42,704643072,16777216,0.028,0.002,0.844670364016013,0.9,5.58955236163456,5.688740531215444,-0.09918816958088428,True,True
43,721420288,16777216,0.028,0.002,0.8457598850895743,0.9,5.570737324189395,5.681259382748976,-0.11052205855958164,True,True
44,738197504,16777216,0.028,0.002,0.8468494061631356,0.9,5.545046271756291,5.641759661026299,-0.09671338927000761,True,True
45,754974720,16777216,0.028,0.002,0.847938927236697,0.9,5.513171604368836,5.61917627020739,-0.1060046658385545,True,True
46,771751936,16777216,0.028,0.002,0.8490284483102581,0.9,5.463134156772867,5.579013489652425,-0.1158793328795582,True,True
47,788529152,16777216,0.028,0.002,0.8501179693838194,0.9,5.446802123449743,5.552615199005231,-0.10581307555548847,True,True
48,805306368,16777216,0.028,0.002,0.8512074904573808,0.9,5.399437184678391,5.52281931694597,-0.12338213226757944,True,True
49,822083584,16777216,0.028,0.002,0.8522970115309421,0.9,5.3903250431176275,5.495147988665849,-0.10482294554822147,True,True
50,838860800,16777216,0.028,0.002,0.8533865326045034,0.9,5.33806534903124,5.437381847761571,-0.09931649873033166,True,True
51,855638016,16777216,0.028,0.002,0.8544760536780647,0.9,5.325399084715173,5.441702795447782,-0.11630371073260903,True,True
52,872415232,16777216,0.028,0.002,0.855565574751626,0.9,5.281138923019171,5.393990445416421,-0.11285152239724994,True,True
53,889192448,16777216,0.028,0.002,0.8566550958251873,0.9,5.276503719156608,5.3779987674206495,-0.10149504826404154,True,True
54,905969664,16777216,0.028,0.002,0.8577446168987486,0.9,5.231950402958319,5.339609642978758,-0.10765924002043903,True,True
55,922746880,16777216,0.028,0.002,0.8588341379723098,0.9,5.217559200711548,5.315209789900109,-0.09765058918856084,True,True
56,939524096,16777216,0.028,0.002,0.8599236590458711,0.9,5.212240156834014,5.293949099490419,-0.08170894265640527,True,True
57,956301312,16777216,0.028,0.002,0.8610131801194324,0.9,5.174105438636616,5.272282741032541,-0.09817730239592493,True,True
58,973078528,16777216,0.028,0.002,0.8621027011929937,0.9,5.122019846457988,5.220417334698141,-0.0983974882401526,True,True
59,989855744,16777216,0.028,0.002,0.863192222266555,0.9,5.128389107529074,5.2262434244621545,-0.09785431693308055,True,True
60,1006632960,16777216,0.028,0.002,0.8642817433401163,0.9,5.080646694987081,5.1777203236706555,-0.0970736286835745,True,True
61,1023410176,16777216,0.028,0.002,0.8653712644136776,0.9,5.092490910785273,5.1753642780240625,-0.0828733672387898,True,True
62,1040187392,16777216,0.028,0.002,0.8664607854872388,0.9,5.06199137866497,5.148548660799861,-0.08655728213489056,True,True
63,1056964608,16777216,0.028,0.002,0.8675503065608001,0.9,5.0417803599266335,5.1302159246988595,-0.08843556477222592,True,True
64,1073741824,16777216,0.028,0.002,0.8686398276343614,0.9,5.015783491078764,5.101051759906113,-0.08526826882734895,True,True
65,1090519040,16777216,0.028,0.002,0.8697293487079227,0.9,4.99643566343002,5.082393956603482,-0.08595829317346215,True,True
66,1107296256,16777216,0.028,0.002,0.870818869781484,0.9,4.9694875865243375,5.062274341355078,-0.09278675483074039,True,True
67,1124073472,16777216,0.028,0.002,0.8719083908550453,0.9,4.958078529103659,5.032554894918576,-0.07447636581491679,True,True
68,1140850688,16777216,0.028,0.002,0.8729979119286067,0.9,4.942393895238638,5.0313002889743075,-0.08890639373566955,True,True
69,1157627904,16777216,0.028,0.002,0.874087433002168,0.9,4.916907331673428,4.9904093742370605,-0.07350204256363213,True,True
70,1174405120,16777216,0.028,0.002,0.8751769540757293,0.9,4.9149338458664715,4.98541065864265,-0.07047681277617812,True,True
71,1191182336,16777216,0.028,0.002,0.8762664751492906,0.9,4.883644839283079,4.957634707447141,-0.0739898681640625,True,True
72,1207959552,16777216,0.028,0.002,0.8773559962228518,0.9,4.8662967992713675,4.932345331180841,-0.06604853190947324,True,True
73,1224736768,16777216,0.028,0.002,0.8784455172964131,0.9,4.845316850231029,4.927471465663984,-0.08215461543295532,True,True
74,1241513984,16777216,0.028,0.002,0.8795350383699744,0.9,4.841308580012992,4.913061214843765,-0.07175263483077288,True,True
75,1258291200,16777216,0.028,0.002,0.8806245594435357,0.9,4.837756672175601,4.905976139008999,-0.06821946683339775,True,True
76,1275068416,16777216,0.028,0.002,0.881714080517097,0.9,4.817767643369734,4.891889511374757,-0.0741218680050224,True,True
77,1291845632,16777216,0.028,0.002,0.8828036015906583,0.9,4.805189580889419,4.875475524691865,-0.07028594380244613,True,True
78,1308622848,16777216,0.028,0.002,0.8838931226642195,0.9,4.802667928626761,4.887980164028704,-0.08531223540194333,True,True
79,1325400064,16777216,0.028,0.002,0.8849826437377808,0.9,4.774564659455791,4.848694771644659,-0.07413011218886822,True,True
80,1342177280,16777216,0.028,0.002,0.8860721648113421,0.9,4.763969247695059,4.841493387124501,-0.07752413942944258,True,True
81,1358954496,16777216,0.028,0.002,0.8871616858849034,0.9,4.730936389183626,4.806947546429001,-0.07601115724537522,True,True
82,1375731712,16777216,0.028,0.002,0.8882512069584647,0.9,4.73267900350038,4.80958064366132,-0.07690164016094059,True,True
83,1392508928,16777216,0.028,0.002,0.889340728032026,0.9,4.713088848511688,4.790902075590566,-0.07781322707887739,True,True
84,1409286144,16777216,0.028,0.002,0.8904302491055873,0.9,4.703135781106539,4.775925821973942,-0.07279004086740315,True,True
85,1426063360,16777216,0.028,0.002,0.8915197701791486,0.9,4.69198121514637,4.766759097226895,-0.07477788208052516,True,True
86,1442840576,16777216,0.028,0.002,0.8926092912527099,0.9,4.656825735932216,4.743650603457354,-0.08682486752513796,True,True
87,1459617792,16777216,0.028,0.002,0.8936988123262712,0.9,4.642031382303685,4.718851773650385,-0.07682039134670049,True,True
88,1476395008,16777216,0.028,0.002,0.8947883333998324,0.9,4.647262266720645,4.72354143531993,-0.07627916859928519,True,True
89,1493172224,16777216,0.028,0.002,0.8958778544733937,0.9,4.6356298110913485,4.713030281825922,-0.0774004707345739,True,True
90,1509949440,16777216,0.028,0.002,0.896967375546955,0.9,4.619205267634243,4.700016397284344,-0.08081112965010107,True,True
91,1526726656,16777216,0.028,0.002,0.8980568966205164,0.9,4.597230776911601,4.68589538289234,-0.088664605980739,True,True
92,1543503872,16777216,0.028,0.002,0.8991464176940777,0.9,4.600119889830239,4.681731673888862,-0.08161178405862302,True,True
93,1560281088,16777216,0.028,0.002,0.9,0.9,4.5701859364053234,4.651611329987645,-0.0814253935823217,True,True
94,1577058304,16777216,0.028,0.002,0.9,0.9,4.562840056722052,4.650654504192062,-0.08781444747000933,True,True
95,1593835520,16777216,0.028,0.002,0.9,0.9,4.542884366237558,4.634593609604053,-0.09170924336649477,True,True
96,1610612736,16777216,0.028,0.002,0.9,0.9,4.521400466677733,4.599486252409406,-0.07808578573167324,True,True
97,1627389952,16777216,0.028,0.002,0.9,0.9,4.529993030126207,4.609725682530552,-0.07973265240434557,True,True
98,1644167168,16777216,0.028,0.002,0.9,0.9,4.504093252704479,4.581853722105734,-0.07776046940125525,True,True
99,1660944384,16777216,0.028,0.002,0.9,0.9,4.50602116889786,4.578802459989674,-0.07278129109181464,True,True
100,1677721600,16777216,0.028,0.002,0.9,0.9,4.481320491991937,4.556059454916976,-0.07473896292503923,True,True
101,1694498816,16777216,0.028,0.002,0.9,0.9,4.48806191526819,4.556002310826443,-0.06794039555825293,True,True
102,1711276032,16777216,0.028,0.002,0.9,0.9,4.473116027191281,4.534772506449372,-0.06165647925809026,True,True
103,1728053248,16777216,0.028,0.002,0.9,0.9,4.451095727155916,4.527470431523398,-0.07637470436748117,True,True
104,1744830464,16777216,0.028,0.002,0.9,0.9,4.462400699034333,4.517296811682172,-0.05489611264783889,True,True
105,1761607680,16777216,0.028,0.002,0.9,0.9,4.466144296806306,4.510361178428866,-0.04421688162256032,True,True
106,1778384896,16777216,0.028,0.002,0.9,0.9,4.445744654047303,4.500828056712635,-0.05508340266533196,True,True
107,1795162112,16777216,0.028,0.002,0.9,0.9,4.430264263879508,4.490690670325421,-0.06042640644591302,True,True
108,1811939328,16777216,0.028,0.002,0.9,0.9,4.426308812573552,4.483165929326788,-0.05685711675323546,True,True
109,1828716544,16777216,0.028,0.002,0.9,0.9,4.420522002503276,4.476208014180884,-0.055686011677607894,True,True
110,1845493760,16777216,0.028,0.002,0.9,0.9,4.4192735514370725,4.471423190552741,-0.05214963911566883,True,True
111,1862270976,16777216,0.028,0.002,0.9,0.9,4.4004259505309165,4.45102251006756,-0.050596559536643326,True,True
112,1879048192,16777216,0.028,0.002,0.9,0.9,4.404006292345002,4.452651193249039,-0.04864490090403706,True,True
113,1895825408,16777216,0.028,0.002,0.9,0.9,4.394056862103753,4.440936636296101,-0.04687977419234812,True,True
114,1912602624,16777216,0.028,0.002,0.9,0.9,4.395491827744991,4.44964396499563,-0.0541521372506395,True,True
115,1929379840,16777216,0.028,0.002,0.9,0.9,4.3721274035051465,4.415733472909778,-0.04360606940463185,True,True
116,1946157056,16777216,0.028,0.002,0.9,0.9,4.365797755890526,4.411348434397951,-0.04555067850742489,True,True
117,1962934272,16777216,0.028,0.002,0.9,0.9,4.370664180372842,4.417985746753402,-0.0473215663805604,True,True
118,1979711488,16777216,0.028,0.002,0.9,0.9,4.355472274473868,4.402351455413736,-0.04687918093986809,True,True
119,1996488704,16777216,0.028,0.002,0.9,0.9,4.3403960393043235,4.38002264208626,-0.039626602781936526,True,True
120,2013265920,16777216,0.028,0.002,0.9,0.9,4.339158753864467,4.378246049280278,-0.03908729541581124,True,True
121,2030043136,16777216,0.028,0.002,0.9,0.9,4.3368117198115215,4.368496055598371,-0.03168433578684926,True,True
122,2046820352,16777216,0.028,0.002,0.9,0.9,4.347852442180738,4.381052837474272,-0.0332003952935338,True,True
123,2063597568,16777216,0.028,0.002,0.9,0.9,4.337594181648456,4.379698939505033,-0.042104757856577635,True,True
124,2080374784,16777216,0.028,0.002,0.9,0.9,4.324393124436028,4.361678451416083,-0.03728532698005438,True,True
125,2097152000,16777216,0.028,0.002,0.9,0.9,4.313170459354296,4.347489550593309,-0.03431909123901278,True,True
126,2113929216,16777216,0.028,0.002,0.9,0.9,4.284039840335026,4.330107592046261,-0.04606775171123445,True,True
127,2130706432,16777216,0.028,0.002,0.9,0.9,4.315714785363525,4.342736943392083,-0.027022158028557897,True,True
128,2147483648,16777216,0.028,0.002,0.9,0.9,4.307754254783504,4.334264475270174,-0.026510220486670732,True,True
129,2164260864,16777216,0.028,0.002,0.9,0.9,4.294030306860805,4.325618132366799,-0.03158782550599426,True,True
130,2181038080,16777216,0.028,0.002,0.9,0.9,4.286890902207233,4.314557729405351,-0.02766682719811797,True,True
131,2197815296,16777216,0.028,0.002,0.9,0.9,4.279042612295598,4.311805770499632,-0.03276315820403397,True,True
132,2214592512,16777216,0.028,0.002,0.9,0.9,4.275532221887261,4.3058389578945935,-0.030306736007332802,True,True
133,2231369728,16777216,0.028,0.002,0.9,0.9,4.273920614039525,4.307415987597778,-0.03349537355825305,True,True
134,2248146944,16777216,0.028,0.002,0.9,0.9,4.271480441093445,4.3020958479028195,-0.03061540680937469,True,True
135,2264924160,16777216,0.028,0.002,0.9,0.9,4.25239122135099,4.281340669607744,-0.028949448256753385,True,True
136,2281701376,16777216,0.028,0.002,0.9,0.9,4.267486775526777,4.304509815527126,-0.03702304000034928,True,True
137,2298478592,16777216,0.028,0.002,0.9,0.9,4.249945184448734,4.289306389866397,-0.03936120541766286,True,True
138,2315255808,16777216,0.028,0.002,0.9,0.9,4.24842301174067,4.279931089142337,-0.03150807740166783,True,True
139,2332033024,16777216,0.028,0.002,0.9,0.9,4.244482796289958,4.283679187414236,-0.03919639112427831,True,True
140,2348810240,16777216,0.028,0.002,0.9,0.9,4.237039029714651,4.268594711786136,-0.031555682071484625,True,True
141,2365587456,16777216,0.028,0.002,0.9,0.9,4.237242842791602,4.268222181708552,-0.030979338916949928,True,True
142,2382364672,16777216,0.028,0.002,0.9,0.9,4.223003825289197,4.256834094179794,-0.033830268890596926,True,True
143,2399141888,16777216,0.028,0.002,0.9,0.9,4.222478834912181,4.257069492479786,-0.034590657567605376,True,True
144,2415919104,16777216,0.028,0.002,0.9,0.9,4.218284010188654,4.244528370676562,-0.026244360487908125,True,True
145,2432696320,16777216,0.028,0.002,0.9,0.9,4.218717419309542,4.25023080909159,-0.03151338978204876,True,True
146,2449473536,16777216,0.028,0.002,0.9,0.9,4.214117130963132,4.2421370761003345,-0.02801994513720274,True,True
147,2466250752,16777216,0.028,0.002,0.9,0.9,4.188832298037596,4.218933644704521,-0.030101346666924655,True,True
148,2483027968,16777216,0.028,0.002,0.9,0.9,4.1784675675444305,4.21866090153344,-0.04019333398900926,True,True
149,2499805184,16777216,0.028,0.002,0.9,0.9,4.186229269951582,4.210680025047623,-0.024450755096040666,True,True
150,2516582400,16777216,0.028,0.002,0.9,0.9,4.17258856643457,4.201901142951101,-0.029312576516531408,True,True
151,2533359616,16777216,0.028,0.002,0.9,0.9,4.169914353406057,4.199819613597356,-0.02990526019129902,True,True
152,2550136832,16777216,0.028,0.002,0.9,0.9,4.170013880706392,4.200591286178678,-0.030577405472286046,True,True
153,2566914048,16777216,0.028,0.002,0.9,0.9,4.149824521970004,4.183002290665172,-0.0331777686951682,True,True
154,2583691264,16777216,0.028,0.002,0.9,0.9,4.159008601913229,4.185691720689647,-0.02668311877641827,True,True
155,2600468480,16777216,0.028,0.002,0.9,0.9,4.153727527125739,4.178705168655142,-0.024977641529403627,True,True
156,2617245696,16777216,0.028,0.002,0.9,0.9,4.159633171628229,4.185616799513809,-0.025983627885580063,True,True
157,2634022912,16777216,0.028,0.002,0.9,0.9,4.154607371077873,4.178011198178865,-0.023403827100992203,True,True
158,2650800128,16777216,0.028,0.002,0.9,0.9,4.150391367496923,4.171440067118965,-0.021048699622042477,True,True
159,2667577344,16777216,0.028,0.002,0.9,0.9,4.133463523117825,4.1583656867733225,-0.024902163655497134,True,True
160,2684354560,16777216,0.028,0.002,0.9,0.9,4.138671469409019,4.167204997036606,-0.02853352762758732,True,True
161,2701131776,16777216,0.028,0.002,0.9,0.9,4.116724068182521,4.15066867636051,-0.03394460817798972,True,True
162,2717908992,16777216,0.028,0.002,0.9,0.9,4.140227922354825,4.16714568505995,-0.026917762705124915,True,True
163,2734686208,16777216,0.028,0.002,0.9,0.9,4.1271866124589,4.149849560111761,-0.022662947652861476,True,True
164,2751463424,16777216,0.028,0.002,0.9,0.9,4.13935703097377,4.16387874877546,-0.0245217178016901,True,True
165,2768240640,16777216,0.028,0.002,0.9,0.9,4.120881624170579,4.140161823830567,-0.019280199659988284,True,True
166,2785017856,16777216,0.028,0.002,0.9,0.9,4.110112186404876,4.134489308926277,-0.02437712252140045,True,True
167,2801795072,16777216,0.02679530250435569,0.0019139501788825492,0.9,0.9,4.129735404043458,4.151942409807816,-0.022207005764357746,True,True
168,2818572288,16777216,0.02526997300136988,0.00180499807152642,0.9,0.9,4.1095297005958855,4.131892042118125,-0.02236234152223915,True,True
169,2835349504,16777216,0.023744643498384073,0.0016960459641702909,0.9,0.9,4.109196481877007,4.129987844265997,-0.02079136238899082,True,True
170,2852126720,16777216,0.022219313995398265,0.0015870938568141616,0.9,0.9,4.0891157881123945,4.115945550263859,-0.02682976215146482,True,True
171,2868903936,16777216,0.020693984492412453,0.0014781417494580322,0.9,0.9,4.082527396385558,4.106447335914709,-0.023919939529150724,True,True
172,2885681152,16777216,0.019168654989426645,0.0013691896421019032,0.9,0.9,4.093075344571844,4.117216438869946,-0.02414109429810196,True,True
173,2902458368,16777216,0.017643325486440837,0.001260237534745774,0.9,0.9,4.093811506405473,4.118858266388997,-0.02504675998352468,False,True
174,2919235584,16777216,0.016117995983455025,0.0011512854273896447,0.9,0.9,4.05358195817098,4.0794898914173245,-0.025907933246344328,False,False
175,2936012800,16777216,0.014592666480469219,0.0010423333200335156,0.9,0.9,4.060766029753722,4.0856530967867,-0.02488706703297794,False,False
176,2952790016,16777216,0.013067336977483407,0.0009333812126773862,0.9,0.9,4.052926202188246,4.078495653811842,-0.02556945162359625,False,False
177,2969567232,16777216,0.0115420074744976,0.000824429105321257,0.9,0.9,4.052863200660795,4.0779710377100855,-0.025107837049290538,False,False
178,2986344448,16777216,0.010016677971511791,0.0007154769979651279,0.9,0.9,4.04032834735699,4.066273872507736,-0.025945525150746107,False,False
179,3003121664,16777216,0.008491348468525981,0.0006065248906089987,0.9,0.9,4.041504971450195,4.0670190268429,-0.025514055392704904,False,False
180,3019898880,16777216,0.006966018965540172,0.0004975727832528694,0.9,0.9,4.031266513979062,4.057461241725832,-0.026194727746769786,False,False
181,3036676096,16777216,0.005440689462554363,0.0003886206758967402,0.9,0.9,4.039183531654999,4.065074166865088,-0.025890635210089386,False,False
182,3053453312,16777216,0.003915359959568554,0.00027966856854061097,0.9,0.9,4.047456836560741,4.073185088229366,-0.02572825166862458,False,False
183,3070230528,16777216,0.0023900304565827447,0.00017071646118448175,0.9,0.9,4.038879178231582,4.0650545075768605,-0.026175329345278442,False,False
184,3079741440,9510912,0.0008647009535969358,6.176435382835255e-05,0.9,0.9,4.035132252174036,4.061440092135257,-0.026307839961220658,False,False
