method,step,layer,input_mean_energy,preO_constant_energy,preO_mean_energy,preO_cosine,constant_energy,mean_energy,selection_shift_energy,cosine_constant_mean,relative_mismatch,constant_norm_over_mean_norm,constant_projection_on_mean,constant_selection_cross,postO_over_preO_constant_gain,postO_over_preO_mean_gain
M,10,1,5.819678084486091,1.6048888463562974,2.033844372528616,0.9547535312392209,0.0255016882933995,0.033524096760454064,0.0031516293650259986,0.9554720088465772,0.3066119141550105,0.8721795986814651,0.833343193227181,0.0024353895510142816,0.015890002819384002,0.016483117987427222
M,10,2,90.74409810915935,19.927754052071165,22.047175128772235,0.9795864117356851,0.26079406903373314,0.30025863031554345,0.012510136040907577,0.9801301100992986,0.20411892227506967,0.9319682252317103,0.9134501192054043,0.013477212620451364,0.013086977506460536,0.013618916190478152
M,10,3,187.7808015037686,42.99094674861973,44.190189679317385,0.9860003598253995,0.5401198272349766,0.5729948018102246,0.018654157159620682,0.9836705838550857,0.18043154778806478,0.9708893093098054,0.9550352537474373,0.007110408707813599,0.01256357135824923,0.01296656126548393
M,10,4,253.62275514454018,58.49879597256537,58.33858381382368,0.989539808848471,0.8600143580552095,0.8685429904182853,0.015123314264130862,0.991262969659068,0.13195560087422473,0.9950781524059271,0.9863841243967579,-0.003297340950527576,0.014701402717049717,0.014887968367385682
M,10,5,310.40842184189535,63.412023788990325,62.806192983478205,0.9897836855628026,0.9548422088335282,0.9571947883893599,0.02065406781059241,0.9891986210725026,0.14689351954957486,0.9987703511878891,0.9879822541631591,-0.00915074412738031,0.015057746966267131,0.015240452301274805
M,10,6,348.6017656612623,65.77053490224418,64.30111434145923,0.9896622698017624,0.8578298797040078,0.8604335929288558,0.018089752845502356,0.9894732087517707,0.14499653961101094,0.9984858297186577,0.9879749778248946,-0.007743019810327139,0.013042768786646093,0.013381316976245259
M,10,7,372.0852538342664,77.10519284984986,76.56780148292853,0.9929828522373273,0.9809199852586971,0.9688212393417159,0.014402587292983394,0.9926321887736858,0.12192659131389699,1.0062246815201885,0.9988110080154893,-0.013250666604982309,0.012721840760697963,0.01265311554697993
M,10,8,386.57836841465445,74.80064456338893,74.24888306393389,0.9919773833481927,0.9307377722082073,0.9243649359372665,0.01637856371586409,0.9911769230423026,0.1331116834003011,1.0034412220140336,0.9945877828896776,-0.011375699993402365,0.01244291112250329,0.012449546683972587
M,50,1,5.698074151610317,0.6828156394718196,0.8039249831822517,0.9091326551568697,0.008142935533729852,0.010106192848608767,0.0025839562212292,0.863417581026012,0.5056485719257863,0.8976286540199586,0.7750283611135478,-0.0003103494531751431,0.011925525812543898,0.012571064539634625
M,50,2,28.18529756559485,3.8109308732484353,2.8722240700202075,0.8549380766549165,0.07901345103588217,0.0648814375137037,0.028867746519860613,0.8032663731614925,0.6670312945670319,1.103545600188252,0.8864410718815394,-0.021499880021019532,0.020733372937969653,0.022589267387222764
M,50,3,35.964760990897105,5.796708681767466,3.90412219709759,0.8537125947076066,0.13887988129028533,0.09422814959112229,0.04347833689273314,0.8288316921188711,0.6792757807648984,1.2140297712864523,1.0062263496180361,-0.0440650342959481,0.023958402761744386,0.024135553354650004
M,50,4,41.21038156021113,6.867662830885134,5.036423906731823,0.8956409764881303,0.17410656269341326,0.1323626369335928,0.03271717564766236,0.9016480900768805,0.49717032365723085,1.1468981850100375,1.0340985580269408,-0.037230550703741414,0.02535164683834277,0.02628107549816711
M,50,5,49.63287323118186,7.4054080764052665,5.596753009579507,0.9189380843190962,0.19369793099488225,0.15443669619527098,0.028395173450257397,0.9243330695490801,0.42879233338835376,1.119920616787276,1.0351796613662818,-0.033828204124934334,0.02615628051775198,0.02759398099772033
M,50,6,62.46593150781277,9.568923381575445,7.021616321969135,0.8752591156799289,0.24402006840751755,0.18701836934641275,0.05590965545262802,0.8780019619956132,0.546765715872602,1.142274914304065,1.00291961589734,-0.05645567725686641,0.025501308629701,0.02663466084885218
M,50,7,76.0744980122165,11.691930937557062,9.729512940796173,0.903428833979491,0.38559982118270897,0.3577102488258358,0.04973309148624581,0.9337499039806774,0.3728696512653183,1.0382518657739586,0.9694675799741931,-0.03881133192155953,0.0329799947709302,0.036765483637515375
M,50,8,93.38621141431406,18.207940846802117,16.853747559505127,0.8796588419129757,0.687737211355816,0.6492885529019976,0.10536901623185738,0.9215726132636015,0.4028446399777781,1.0291824895590866,0.9484663964281069,-0.07190883734283789,0.03777127886905477,0.038524877070192844
M,100,1,14.367331598201858,0.9376373392796814,0.5486015188519388,0.6572073749030289,0.050983089915036986,0.035240308506079225,0.04025817133261571,0.5422087065400416,1.068826396840639,1.2027994633866448,0.6521683412699288,-0.028000476370786728,0.054373997044746096,0.06423662220226221
M,100,2,76.7972861120433,5.803736799820103,5.2181742825799295,0.7959065657429355,0.6009648017167438,0.5107479237880652,0.31491049151097056,0.7191056885658679,0.7852180240837351,1.084728905380331,0.7800347264108227,-0.20256368471982467,0.10354790757144117,0.09787866332734774
M,100,3,62.22399388359915,6.926058439718423,5.101729677559765,0.8537595834300677,0.8166575072108017,0.5629671656369157,0.21267010317907642,0.8605229175930157,0.6146270756281402,1.2044213528875019,1.03643217659808,-0.23318022237648112,0.11791086002502783,0.11034829385672026
M,100,4,51.81264470301671,4.739911230998036,3.6940785784204686,0.7445686853650418,0.5756971031224696,0.3950251442528181,0.26535717125254465,0.7395619608963852,0.8196020656274645,1.2072150801907109,0.8928103519295287,-0.223014565061098,0.12145735965634334,0.10693468908875371
M,100,5,47.39975525379666,3.6674336135175656,3.2484507460951146,0.7314533700612783,0.3993380108094583,0.2964074478817398,0.20682310963743003,0.7105506038449072,0.8353240313625818,1.160715460309956,0.8247470712153588,-0.15487683628257426,0.10888759085851292,0.09124578793076796
M,100,6,48.947007033682304,3.4673814380718158,2.819423808636352,0.6093252350271573,0.4036527441682839,0.25308388066276055,0.3059003366676979,0.5488305965241481,1.0994050687666967,1.2629079935274128,0.6931225474427652,-0.22823460008661067,0.11641428881639053,0.08976439791971806
M,100,7,52.847273295069705,4.189623335591451,2.9802540184004256,0.6309531749122719,0.5140399598899401,0.27295519892109044,0.35753034856234917,0.5732624067234033,1.144486754544487,1.3723116657119105,0.7866946882606127,-0.29930755476559934,0.12269359766141671,0.0915878972852093
M,100,8,59.35389529806159,7.0804348056081015,5.917939306495208,0.5671984996859236,0.8563164404065495,0.5312777893683612,0.7681570945949372,0.45918666865053587,1.2024421540577988,1.2695690046633188,0.5829691618733258,-0.5465978728165627,0.1209412223848596,0.08977411930961503
M,200,1,14.777714752898035,0.2855173577933256,0.17426581762580115,0.7678488364166051,0.054021451869198,0.03380669513339506,0.01974790442555777,0.796538210868491,0.7642917113665657,1.26410097824546,1.0069047315687478,-0.019981330580680357,0.18920549099610937,0.19399498762280368
M,200,2,60.785755952167634,3.500970963815801,4.343008600711281,0.49150655442094493,1.303967347019568,1.451823125446429,1.7273570847100395,0.37372827707497797,1.090772569539967,0.947712269487879,0.35418687363852214,-0.7897506531415893,0.37245877229394087,0.3342897191611951
M,200,3,64.88910518474937,5.392377589193646,5.31134919039101,0.7058319515076994,2.03667562984488,1.888082861144063,1.0134364302174608,0.7423159584955783,0.7326351158679212,1.038604998522393,0.7709730649764489,-0.5810145994591389,0.37769529231899285,0.35548083800625924
M,200,4,66.1086818001068,5.443735784076926,3.9800124470618803,0.7683191766813545,2.0714015229576663,1.372189554379808,0.6518659728467178,0.8279487526471028,0.6892425829937433,1.2286412472383794,1.0172519881017965,-0.6755389707122879,0.38051103233492184,0.34477016658397236
M,200,5,63.30761920658558,3.3768842333569493,2.4222954599157784,0.6947215922708885,1.1936123474296239,0.9137731270096767,0.497821489141499,0.7705971669170368,0.7381041189403852,1.1429111259050464,0.880724075660389,-0.3888303547807231,0.3534655809752346,0.37723438041759283
M,200,6,61.8029478472302,2.9505041761529975,2.0107067056201684,0.5416622982004311,0.9454577252191569,0.6991567560946009,0.6753937839712235,0.5960522714993512,0.9828590711823574,1.1628769923478544,0.6931354727632724,-0.4608473765478899,0.3204393787545449,0.3477169266608468
M,200,7,57.56929863269154,3.321647513117818,2.557537824972785,0.4545217196716761,1.0737855438750876,0.8262277552444965,1.0289319983856813,0.4624023460417905,1.1159466856746514,1.1400105919281516,0.5271435722200677,-0.638244893508136,0.32326896205407235,0.3230559279228992
M,200,8,53.030348040081726,6.288222404335146,4.354383002222935,0.5357061323759786,2.069329728578561,1.3795564532608144,1.7432321571052882,0.5047500384152596,1.1241075786240025,1.2247434061625773,0.6181892813093968,-1.2165027162115174,0.32908023850300683,0.31682019072657225
M,500,1,16.914518243136037,0.30330760821083214,0.2293497062587478,0.7232902225737865,0.17479641894637687,0.16230022054263088,0.07350563166812887,0.7824827540288407,0.6729778216221634,1.0377833782894785,0.8120475959293051,-0.043000915035937434,0.5763008055665856,0.7076539281002043
M,500,2,80.9854513289623,14.371014251639313,11.397481347249325,0.7049102214974211,19.64216497982083,13.538383175301554,8.009752204901378,0.7717717458706624,0.7691767343776057,1.2045124031147536,0.9296086402747405,-7.056767004710331,1.3667904460939653,1.1878399062762157
M,500,3,102.90392328476543,16.513234987903807,14.358267643379467,0.7671460799823678,20.388154163266524,17.207147396744155,6.787149671784551,0.8224173376116067,0.6280428472000356,1.0885152427579838,0.8952138078986724,-4.984078219153462,1.2346553645122322,1.1984138911547797
M,500,4,106.13425066397154,10.562889401329599,8.085084753887559,0.8117727936134979,11.572862427427902,9.63397612760849,2.3227869390656553,0.8942151119043222,0.4910230784445424,1.0960178123897586,0.9800756907552384,-2.130836619442533,1.0956152230441012,1.191573919243849
M,500,5,104.41255221247249,6.854009241528874,5.720322171049993,0.8098018462962074,7.347786370003526,6.794226880361419,1.6996183634927706,0.8804925824621885,0.5001562322813244,1.0399398918179248,0.9156593609522135,-1.1265889265674391,1.0720420867662135,1.187735004637738
M,500,6,93.76392760585102,3.884417784714013,2.602135529803937,0.6337301770095694,4.089540512595456,3.2533291695611455,2.089163074271287,0.7201692261325023,0.8013498629782493,1.121174609093313,0.8074354505901423,-1.4626872086527989,1.052806556670769,1.2502535445593312
M,500,7,80.69241216343124,5.150782624849112,4.458291930195486,0.5953029728465632,4.970854755458354,5.663466668874353,2.882429510291897,0.7305013144596323,0.7134083255058622,0.9368592785131868,0.6843769344175855,-1.094908798437949,0.9650678581303885,1.2703220779501585
M,500,8,67.3170606434861,23.442424494469293,27.835131732500784,0.8378736454468452,25.77390741280683,34.656502231438765,8.557702025708888,0.8678135473688469,0.496919701805348,0.8623781964861728,0.7483834818662138,0.1624463964615228,1.0994557077015477,1.2450633452894073
M,900,1,17.932104457337317,0.3183331597833452,0.2523392837198511,0.6797509405305537,0.30139160721364844,0.31693229183184873,0.1416716813757813,0.7711214776823794,0.6685875397324836,0.9751744894920351,0.7519779933352579,-0.0630654983787905,0.946780434117429,1.2559768227911325
M,900,2,92.95350448368934,25.02546227135325,17.293916213725296,0.7625200518836316,61.05795078018093,39.40328584819698,18.81912193512376,0.83223680415385,0.6910881694730665,1.2448152284247367,1.0359810474662474,-20.23689343355386,2.439833083526062,2.27844782877603
M,900,3,126.16945371104713,24.828748215054894,16.754585978561494,0.7211175351769401,48.13480905636504,35.26235099300507,17.600177508676488,0.7985290551289645,0.7064849131219726,1.1683527757772187,0.9329636380986855,-15.236317786018232,1.9386724066571561,2.1046387561068585
M,900,4,127.85482727590112,15.409963162924832,10.468721472618109,0.790200261964729,28.837589029155843,22.869713783256127,6.897568376069136,0.8724339060909329,0.5491837047611247,1.1229207561893695,0.9796741415528757,-6.432721810984427,1.871360023659033,2.1845756277950406
M,900,5,126.49739999765755,10.37842188993973,7.476484379178619,0.7672210821614441,18.115147515068955,15.751838399470317,5.121949512853135,0.8508368792646039,0.5702325746259561,1.0723963166200832,0.9124343353678875,-3.7426293142258844,1.745462624970833,2.106850974414909
M,900,6,111.75098470586474,7.347005085880992,5.103381069004119,0.6806559962090791,13.797104255326808,11.658231723056387,5.763629885092103,0.7763240398533319,0.7031236414293661,1.0878715803525139,0.8445408601008919,-3.9512512086812626,1.8779222409742449,2.284413326267911
M,900,7,93.47331728240444,9.038502290621421,8.374425636437323,0.6565876159481492,19.054137580575528,21.93822483211406,8.835343525665634,0.7864124768573933,0.6346159431238062,0.9319527772002816,0.7328992918321998,-2.9756281370635507,2.1081078444098624,2.6196691910022256
M,900,8,78.82142580523038,42.80729832144688,53.90466224498838,0.8303019081340197,102.10944070324076,139.86615615258688,33.69306594880236,0.8714321573658386,0.49081061426358447,0.8544302761441335,0.7445780188589712,2.031824750271876,2.3853278461183085,2.5946949730788917
M,1300,1,17.213448194893182,0.352190552557312,0.28397172646702784,0.7098155441723519,0.4513901712914996,0.5227338585062233,0.18242186406271355,0.8149209307844636,0.5907423809267808,0.9292567696699963,0.7572707916772372,-0.05553908842399495,1.2816646216483756,1.8407954376645252
M,1300,2,99.61941915922395,32.33381799761561,22.873097731546885,0.788326545517882,107.5747539472927,74.41427002573687,27.94671178076147,0.8608485246837844,0.6128260881985,1.2023393691099924,1.0350320720675692,-30.553597851158663,3.3270043752712897,3.2533533891696576
M,1300,3,142.42496965659723,30.36823096335815,18.481106446824533,0.6759716117060518,74.77107575806252,55.11809219133985,31.16962484919988,0.7688811929044248,0.7520014866834595,1.1647151540248224,0.8955275770204663,-25.411304207961273,2.462147888965945,2.9824021819218713
M,1300,4,145.03576794418188,18.844209948902957,12.053785297672388,0.7763679856730709,49.898828041088905,36.97656022059336,12.920804308942827,0.8608483982087262,0.5911279855213464,1.1616677126901171,1.000019789720082,-12.921536064719184,2.6479660424285303,3.0676305664523174
M,1300,5,141.10571188209775,15.213246127348382,9.450890005371429,0.760812644679843,36.49757099615364,27.710899250304823,11.996075898441848,0.8208925667483372,0.6579521232328198,1.147642628124383,0.9420913027108324,-10.39137382214533,2.399065307340495,2.932094145054623
M,1300,6,124.20797836886942,12.133835919495496,8.729139021891765,0.718856350555793,33.74861852373013,29.733566458662338,12.898140393561143,0.7984211882394816,0.6586277843162697,1.0653798968502026,0.8506218831695951,-8.45659622931447,2.781364339162198,3.4062427444555152
M,1300,7,103.97001807464895,16.259361900705493,16.11201962356875,0.7515074189541364,58.36238964870126,64.91174343105396,18.36516269950597,0.8522253712576258,0.5319070581007356,0.9482107965709399,0.8080892981381587,-5.9079044585766365,3.589463719739759,4.028777580192412
M,1300,8,88.55293053534534,62.558161510828384,81.27302117330456,0.8354180472008663,241.5759081031744,332.3638629069476,75.1004148297102,0.8802317003428194,0.4753508436088275,0.8525501034229258,0.7504416271634087,7.843769987031418,3.861620966296449,4.089473457596995
M,1469,1,17.187387632640892,0.3950365682709578,0.33142498446672114,0.7012932990270017,0.5775030575360582,0.705785229378413,0.21677982539393414,0.8352584601275587,0.5542084567429674,0.9045672527882449,0.7555474506457256,-0.04424882677578969,1.4618977176309047,2.129547446503032
M,1469,2,102.51202965219127,33.73735856429111,23.4177188624136,0.8082263883033786,117.7744930269547,81.10920305077957,27.673444902802466,0.875868847667261,0.5841125609083365,1.2050097325856668,1.0554304859076422,-32.16936743948881,3.49092217170824,3.463582577249365
M,1469,3,146.60867962463163,31.433702390151076,17.808210407140425,0.6793888127134258,81.36169266177693,56.53586894988483,33.41594593100018,0.7702609142253378,0.7688026010072941,1.1996317507976815,0.9240294491031646,-29.12088482144614,2.5883585602461348,3.174708050799763
M,1469,4,150.6518998573558,19.379241242646938,12.350333510236583,0.78654513873593,57.23755934249823,41.33858536463972,13.83490721203624,0.8710567437076114,0.5785092667820371,1.1766918570555354,1.024965377354057,-14.866940594947376,2.9535500707085665,3.347163485939566
M,1469,5,148.0865525591834,15.350807835419268,9.133608194163195,0.7460773321949683,38.4847292904869,28.228803004855095,13.586592630182448,0.8059244922311708,0.6937596634758083,1.1676104856621266,0.9410058877810401,-11.921259457907126,2.507016549428116,3.0906518436924664
M,1469,6,129.68039859121026,12.516502674887823,8.819688114312783,0.7271934735252141,36.99708504246418,31.916256363856814,13.530246066683773,0.8058561091573399,0.6510987701947674,1.0766580242453703,0.8676314463114031,-9.305537372645563,2.9558644298213084,3.618751133848193
M,1469,7,106.87694998733076,16.230637602961053,16.14074638131474,0.7409807440187515,62.09401652342078,68.95645580288121,20.543365782376473,0.8443993100507133,0.5458186031450979,0.9489370656865915,0.8012818035473063,-6.840463251458023,3.82572872627583,4.272197466822744
M,1469,8,88.93935492284652,62.97740367751854,81.07685045108661,0.8200354773994402,257.37317754085666,349.0874083788651,85.84093090998834,0.8684440222965449,0.49588402466450504,0.8586467890100904,0.7456866711799358,2.9366499640100336,4.086754335868769,4.305636028492108
PD,10,1,5.960401671240417,1.6719035665094548,2.133811022913874,0.9556596939731979,0.027230837752458523,0.03627593676000662,0.0033687004249093335,0.9567086503528225,0.3047346773050002,0.8664054654028943,0.8288976034639118,0.0028381992913193866,0.016287325595763978,0.017000538646796
PD,10,2,93.25153246150305,20.394956623396844,22.750414339084692,0.9784430192829614,0.2716061011986645,0.3153126217725856,0.013975462145044741,0.9789064300983539,0.21052923446823002,0.9281092111421732,0.908532074620584,0.014865529214438178,0.01331731693349528,0.013859643040913139
PD,10,3,187.8156854466697,43.18406451193725,44.39609605772028,0.984109062601253,0.5319139079074541,0.5708749606292765,0.02209609207629019,0.9805756006118338,0.19673754066856747,0.965273037964518,0.9465231889564666,0.008432480322766034,0.01231736553562295,0.012858674778229828
PD,10,4,254.12841993762444,58.26971212658229,58.19756299952149,0.9872874992597749,0.8629093824556359,0.880835322821111,0.019543749438510796,0.9888443335367516,0.1489555131454363,0.9897721611946582,0.9787305930897621,-0.0008089045365177632,0.01480888356855262,0.015135261296565861
PD,10,5,312.10347783774864,65.20503666640465,64.3017572699645,0.987057180310474,1.0045536252445966,1.0090830766903676,0.028187978794718925,0.9860039520473589,0.16713542371664988,0.9977531355915142,0.983788534860877,-0.011829263674474138,0.015406074079583625,0.015692931570343144
PD,10,6,352.29291623030525,67.58783444095023,66.3089197388642,0.986312735073917,0.8954876809906553,0.912173298094435,0.02666827806440275,0.9852890551297067,0.17098531384176333,0.99081170919782,0.9762359327669696,-0.004991330480311572,0.013249243571681826,0.013756419222130726
PD,10,7,377.45770677349606,76.77127291020093,76.70083090044245,0.9903935373408416,1.0178759493663998,1.022169207876733,0.02029355260769637,0.9900545927153429,0.14090215773988227,0.9978977178895149,0.9879732186566735,-0.008000147048681329,0.013258552460853494,0.01332670319052354
PD,10,8,394.81055536909855,77.18866302633751,77.69657244831075,0.9894019321147909,0.9988675081213879,1.0243864149982398,0.023831808837364563,0.9882996628800778,0.15252695425389476,0.9874657427129651,0.9759120606288492,0.0008435490197436202,0.012940598644396326,0.013184447945625066
PD,50,1,16.399445296995502,3.9868913274086104,5.535266723937498,0.9765857639526248,0.06667467564123736,0.09618559069447781,0.008098088119692787,0.966271953088157,0.2901591303417155,0.8325789905005081,0.8044977272510921,0.010706413466773831,0.016723474548420762,0.017376866462192164
PD,50,2,94.4041485395081,18.72557431610758,20.554200890756675,0.9781820314587435,0.2819252638089379,0.3180788498196765,0.025604007782919946,0.9590695922532264,0.2837177970783619,0.9414550765412192,0.9029209363831172,0.005274789113909377,0.01505562708249905,0.0154751260586695
PD,50,3,110.47906380562108,21.590974166398055,22.82319691998861,0.968760450773519,0.3037001247438696,0.31744074741494227,0.04127621846840137,0.9337762404970009,0.3605940984563182,0.97811776909309,0.9133431331870593,-0.013767797898664344,0.014066068645319249,0.013908688976736949
PD,50,4,101.52082280819113,21.593074500296805,22.646568655262122,0.9712901124969814,0.34211943720939947,0.36316798031646275,0.0440493483276844,0.9379619126404604,0.34826992187583233,0.9705884056721837,0.9103749573709367,-0.01150040261031056,0.0158439427977103,0.01603633582838951
PD,50,5,99.47186007674918,19.277939084191946,20.558586943398097,0.9601705941338403,0.3517037436540721,0.36374908550335316,0.05623044629350783,0.9215364089806951,0.3931740174588137,0.9833033992079904,0.9061498834446422,-0.02209255222211337,0.01824384557488678,0.017693292175421742
PD,50,6,98.60626881273676,17.925426317262747,17.06371696290266,0.9364132170149789,0.2979429888638466,0.2805438805872257,0.07506712661740034,0.87062926788948,0.5172785813770229,1.0305431598976376,0.8972210368301916,-0.04623311744701064,0.016621249815236928,0.016440959563332042
PD,50,7,96.21603651606995,17.269881989638655,17.365613264730285,0.9457274855250067,0.3131452604779674,0.3525570204072467,0.06798959628076445,0.8994455382436123,0.43914358969668554,0.9424498245187308,0.8476822896818479,-0.014288918175742567,0.01813244935117935,0.02030201957354959
PD,50,8,96.04347010735327,18.465823369728156,17.641904346661832,0.9419134336973984,0.28423088267370444,0.2979671836570191,0.07502491251469073,0.8713776397474945,0.5017859891512909,0.9766780194260754,0.8510553873607508,-0.03064430576568801,0.015392266945413154,0.01688974034786669
PD,100,1,21.75948201882138,5.4958327074374544,7.365712119765541,0.8998237817924669,0.24023327376466908,0.2968722061193596,0.12836134122027565,0.765279698785012,0.6575554069549536,0.8995634676782533,0.6884176595828149,-0.035861204432792525,0.04371189709606041,0.04030461702714624
PD,100,2,106.15299936957888,21.941453872912803,23.394315985921942,0.9783757201403115,0.6574267590525036,0.7078314764029282,0.09904724001369077,0.9280843741556449,0.37407290599459575,0.9637374883410416,0.8944297037173289,-0.02432126133163306,0.029962771057031507,0.03025655791042926
PD,100,3,110.0627494761321,23.055854188625432,23.88274785199978,0.9621069297995604,0.7516680434293375,0.6474886233216537,0.20602474381123181,0.855124511803584,0.5640837909258493,1.0774496203104615,0.9213535805609403,-0.15510208195945777,0.03260204706708163,0.027111144301070755
PD,100,4,100.62600007135973,19.832825954850676,20.292795314441953,0.9530763328714871,0.5752714408429975,0.531502980194428,0.17290084074807643,0.8444400726577261,0.5703555875794197,1.040359782215623,0.8785214900843366,-0.10833465069832304,0.029006024766848656,0.026191708532937726
PD,100,5,92.31444344728928,17.37487784948495,20.668699766723112,0.9477822264675447,0.5678748557254347,0.6439706718085776,0.18149788301114037,0.8519113860572337,0.5308877905483858,0.939059856194717,0.7999957836815478,-0.05270103346399878,0.032683674708094045,0.03115680614052845
PD,100,6,81.77661421044814,14.755073173364746,16.252505430013628,0.9249433121853473,0.396140927516907,0.4667091609679751,0.20654511366441525,0.7631812301514352,0.6652491062009493,0.9213013217167392,0.7031198760479243,-0.0679884401066736,0.026847777904077382,0.028716136289122517
PD,100,7,71.89230109876449,12.666111435305112,14.568162939093346,0.9191085394534201,0.4483239118759493,0.5767888779646803,0.18751863224513607,0.8235676014632406,0.5701823565680622,0.881632340517365,0.726083832052309,-0.029526833078202627,0.0353955445730807,0.0395924235867022
PD,100,8,65.91932392869856,12.790038914876657,14.96360781080573,0.9170012866718358,0.43289848335901415,0.6191116471738922,0.23744305820195388,0.7867184502097576,0.6192916885679954,0.8361968841971243,0.6578515168057902,-0.02561494719353786,0.03384653371581934,0.04137449036366822
PD,200,1,27.612584319105604,9.235493192141897,10.606631757819283,0.9717959660629883,0.7806172512678848,0.7600984196285503,0.07320456469716763,0.9525711274913791,0.3103374351312249,1.0134076015347044,0.9653428216022474,-0.04686169816825113,0.0845236128734392,0.07166256328906681
PD,200,2,97.66733808622334,22.169771575594012,23.7326874254233,0.9614370393058617,1.5543048285859913,1.4595244213368437,0.5098773255445825,0.8312319146932443,0.5910540077405495,1.0319589334793615,0.8577972001608479,-0.30232886639686507,0.07010919455286925,0.061498489200736244
PD,200,3,95.19778895100944,20.243019497973957,21.57581796767853,0.914581919669967,1.5303019815181291,1.2670262517397939,1.0563333981195977,0.6251526985012386,0.9130776217281803,1.0989951192955048,0.6870397644672753,-0.6598045639489665,0.07559652756701099,0.05872436695738959
PD,200,4,86.42598893860401,17.20582216122799,17.761569296923575,0.9131817965254491,1.4409805347229616,1.1290515894112823,0.7225304723938646,0.7242172905833517,0.7999653768130425,1.1297235027176713,0.8181652942465261,-0.5172297088527718,0.08374958901819302,0.06356710775589192
PD,200,5,75.80789595701984,14.665666304928461,18.513939797129083,0.9278969344794638,1.204131461775849,1.3636134711227745,0.5213721728052402,0.7984949191625779,0.6183413395168137,0.9397045083691855,0.7503492754469628,-0.18094508172915733,0.08210547251925372,0.07365333829886533
PD,200,6,64.75084051041691,12.00350486566977,15.06071455729938,0.9224444078205216,1.0905154475248107,1.3112890902754888,0.43883693173161664,0.8207634382650137,0.5784986648601358,0.9119408852437849,0.748487736467129,-0.10903164449046959,0.09084975261214777,0.0870668576372397
PD,200,7,61.064087632325766,12.185149326432665,16.509850745097264,0.9040930672970804,1.1976890797307307,1.8088438823589583,0.5880394680222989,0.8215657772248177,0.5701678108346923,0.8137134642506804,0.6685191346954091,0.011557667302964397,0.0982908824213291,0.10956149212288363
PD,200,8,56.32614561923544,13.042878619144016,19.421621530353306,0.8870861771932927,1.3953380426936732,2.2751361364672893,0.8438237463146374,0.793229205507602,0.6090068495075796,0.7831338988075071,0.6212046803571494,0.01798717372948919,0.1069808347863968,0.11714449964497385
PD,500,1,44.38004426686811,20.015020339843375,23.72359994544419,0.9793247526652868,4.380033293493691,4.584368529756996,0.2625045379797385,0.9709692804596572,0.23929225728636336,0.9774598885627944,0.9490835246759937,-0.02908465085821603,0.2188373141332499,0.19324084625855298
PD,500,2,143.3534949316139,45.086276774540735,51.93976221559144,0.9612156774536967,12.213039659538712,13.078939076152071,3.2520231209321953,0.8719319221444823,0.4986439497499695,0.9663303621571315,0.8425742901022413,-1.1930618521594176,0.2708815305511134,0.2518097603501541
PD,500,3,156.47521311149524,44.6182863653236,53.79962143577322,0.9394894348913828,12.446296316216943,14.320220201254951,4.486062111574396,0.8344477194655566,0.5597032040740508,0.9322775368630483,0.7779368645443367,-1.3060691132681936,0.27895056780777544,0.2661769696344544
PD,500,4,159.25099046223147,39.57638079473065,45.41107690054175,0.9017201757567194,15.129290795006211,13.248087242892733,9.041696777213406,0.6828787646533918,0.8261299736114058,1.0686431234447722,0.7297536959933083,-5.461450164663441,0.38228080716821333,0.2917369097391893
PD,500,5,154.29182266167112,35.13229899043102,40.139211446297054,0.9588401848170836,11.932213862062637,12.154947378906769,2.098817833298922,0.9129047347177571,0.4155380824206509,0.9907953799322506,0.9045017934766304,-0.938042158227397,0.3396365795848605,0.30281978496685424
PD,500,6,145.68032472232434,32.930968550970306,42.34016886784321,0.9275473080238681,11.96144991906068,12.619784873650527,3.4151264096808456,0.8613767217499908,0.5202084662664008,0.9735672077459194,0.8386081298114725,-1.3783957275455,0.3632280022540739,0.29805702743040036
PD,500,7,125.40307234844929,31.84165172969034,41.45348846854937,0.9403179381867026,12.368352108069537,14.727835910512226,2.58659178161215,0.9079893875349242,0.419077629094068,0.916402893531377,0.8320841020327875,-0.1135539895847304,0.3884331193955251,0.35528580234414264
PD,500,8,97.28305162379468,39.63920437639501,69.76146174703737,0.8808988451718144,20.813746421561763,31.43961099217566,9.337899334151654,0.8388224502413757,0.5449868358011315,0.8136479745670993,0.6825061876603067,0.6439826182311178,0.525079823094438,0.4506730536435589
PD,900,1,53.804574272836845,28.738930862429974,35.47614877436137,0.9790124696300775,11.746586262690263,13.60098043014925,0.5309421104946535,0.9816841322298233,0.19757795136964054,0.9293316505384535,0.9123101349125511,0.6617260284821653,0.40873428169335346,0.3833837916470427
PD,900,2,191.33161735886438,86.27523345578865,101.00102998256669,0.9742302588407761,50.654824063254026,55.31388943049306,6.887950466298633,0.9359051617772225,0.35288070224364526,0.956958946644022,0.8956228177730337,-1.114442549529797,0.5871305360096402,0.5476566866698342
PD,900,3,218.60258451080983,85.61167624220427,105.71142568305106,0.9672495633550016,46.348836717673194,60.249896352431904,8.681199531382907,0.9264732797680321,0.3795873379697216,0.8770841587890766,0.8125950372259012,2.609930051687896,0.5413845254769636,0.5699468715243323
PD,900,4,226.41450737265154,72.6643619207243,86.2939599659517,0.9126549098072702,58.399102649555424,52.09521510396445,25.001598431368034,0.7749918417979608,0.6927634556322442,1.058776197097762,0.8205429150406351,-15.652742988479506,0.8036828660694487,0.6036948023305366
PD,900,5,223.85531868923556,62.090764921669766,69.23259854619133,0.9737792680858627,43.4387005256973,45.43188543309272,4.843808937421663,0.9457338146880323,0.3265225066579494,0.9778180101519679,0.9247555568116814,-1.425312015013129,0.6996000223301667,0.6562210055250346
PD,900,6,212.96076553880624,57.796033122543164,70.72618020956327,0.941047940908931,43.21173502106334,46.69289761207203,8.44990281769913,0.906692549008006,0.4254028980807331,0.9620008135090912,0.8722389697483333,-2.484370113345222,0.747659185007435,0.6601925549170041
PD,900,7,181.80602048624917,58.30383535065039,74.82711708801497,0.9532652436717789,50.81347602307228,59.738024018028526,7.716238022438102,0.933248250078031,0.3593994278107303,0.9222826226729126,0.8607186436868728,0.6041549862590712,0.8715288748582378,0.7983472615651089
PD,900,8,144.46486892604355,101.72090749738832,180.16938595280428,0.8832256694348763,137.07742209311337,192.3257867091212,41.07608512256359,0.8878789930943032,0.4621423450892249,0.8442366569661554,0.7495799929204108,7.086139746722107,1.3475835545080328,1.0674720663115391
PD,1300,1,56.70709664431635,35.3981548049443,44.398153400992086,0.9774947566754731,24.113383750137057,27.888185936219713,0.8013176870934666,0.9871948733089226,0.16950879311481665,0.9298629552295369,0.917955942282483,1.4867422494945943,0.6812045397001592,0.6281384201802533
PD,1300,2,228.88693183928933,128.85800750472754,150.51943118238745,0.9814660139200065,115.08470002013718,126.79611503805046,10.038986465360745,0.9596216317366503,0.28137918069805956,0.9526992457879865,0.9142308047973438,0.836214276276263,0.8931125216716932,0.8423903415128445
PD,1300,3,263.61747101466693,124.82052960054739,152.62444162951857,0.9797216166304856,101.31382806551784,130.20614940985644,10.759701223458354,0.9610385808957994,0.28746459157488974,0.8821016099662655,0.8477336794478795,9.066310060440113,0.811675999050348,0.8531146651197556
PD,1300,4,272.47790340772974,101.13535480360547,122.07384472818458,0.9235342134732121,117.59372779844759,107.89926641277947,37.757172068791164,0.8333277193850469,0.5915486717706477,1.0439575343901901,0.8699587512682138,-23.725816727229645,1.1627360978443453,0.8838852143391821
PD,1300,5,271.861064145132,87.19170349474277,96.97355567454903,0.9794263513060928,94.0054086730037,100.96492597779465,8.267126692244222,0.9582086741073207,0.28614886720315225,0.9649196603356887,0.9245943883503466,-0.6538046937266487,1.0781462559528014,1.0411593684018452
PD,1300,6,263.49048831507156,81.99946331849294,99.16705639698198,0.9528912223542547,90.51831671331824,101.85620444178605,14.323427449330055,0.9271556968784918,0.3749986739413566,0.9427021341558083,0.8740316541420698,-1.4927698604311153,1.1038891359780898,1.0271173527026856
PD,1300,7,229.9410137229528,88.98214630849162,112.4755435457055,0.9658313733810893,118.26638165557048,144.82975242054377,12.772886147781646,0.9563385012561126,0.2969720838333957,0.903653137433347,0.8641982871083912,6.895242308595835,1.3291023712279713,1.2876555014085425
PD,1300,8,191.3104526318092,192.36597213114112,326.1868696453225,0.9106572519279822,405.9641595220267,543.4838868199702,80.27857280590258,0.9252035405486357,0.38433194623298905,0.8642721337130175,0.7996276381088074,28.620577246020375,2.110374069927866,1.6661734036410614
PD,1469,1,57.347570061826744,37.42403355672338,46.86385080256506,0.9773098280823048,28.535375773552758,33.206938513734414,0.8898628047790479,0.9884207774926707,0.16369940770774993,0.9269949729551317,0.9162610919001086,1.8908499677013042,0.7624879806261894,0.7085832244907381
PD,1469,2,237.12873588746376,134.4843368601311,156.3164183516546,0.9827304273719232,126.26063958730619,137.83663919941847,10.266461328288234,0.9620508387688815,0.2729154047022911,0.9570875233725579,0.9207668546358003,0.6547691419120221,0.9388501481672332,0.8817796662237782
PD,1469,3,270.2585306956647,130.6858063249972,158.3423594908821,0.9815368650448011,112.87367714838307,143.25359681994058,10.724199079629336,0.9649413118151563,0.27360855104097376,0.8876537031686474,0.8565337287731359,9.827860295964083,0.8637026492967578,0.9047079838935305
PD,1469,4,279.37878236313134,104.87558299929731,125.33347052808283,0.9267688574778269,130.82003910345716,116.8943864587606,38.55947698632828,0.8456763463448469,0.5743395709043531,1.057889506808014,0.8946321329539536,-26.242564815512416,1.2473831883664828,0.9326669561309935
PD,1469,5,280.8871247941272,91.05600065628953,100.45618656900737,0.9813109418866206,103.94676394148559,110.43503911443796,8.49745373954001,0.960803125364794,0.2773901017120356,0.9701793846705795,0.9321513849559855,-1.004589283293815,1.1415696186114632,1.0993353708342861
PD,1469,6,274.60511136885907,85.52891940825981,102.05484875217869,0.954977344654273,100.47283490148973,110.20343454820909,15.058254102121744,0.9295161925153212,0.36964917889794935,0.9548315555999729,0.887531392054768,-2.6638272277011903,1.1747235390862045,1.079845160672549
PD,1469,7,241.33268803996032,93.6253486557587,116.9908719136753,0.9660873341022461,129.7895488225555,155.73185036703302,13.187502569886968,0.9577741715174214,0.2909997103681198,0.9129166742598582,0.8743680113536754,6.3773994872952775,1.3862650519974584,1.3311453091993684
PD,1469,8,200.45794066545082,208.74863948070683,338.55666156990947,0.9119993639433073,462.52791688541083,580.2409607778949,90.08936575044454,0.9194829123076825,0.3940329797608931,0.8928217952068291,0.8209343844285484,13.811839071019675,2.2157170367002994,1.7138666186253122
SPD,10,1,6.1652555548203924,1.702939588874715,2.127627981530061,0.9574189221496612,0.0260601379798048,0.03347218479047566,0.002993188024115882,0.957169335025097,0.2990370289866118,0.8823610425868483,0.8445689323849053,0.002209429393277488,0.015303031387640165,0.015732160453353548
SPD,10,2,84.9273604883402,17.734450182530693,18.974042475848172,0.9800061855981187,0.22223300624681752,0.24363708399951334,0.00988219374624882,0.979822351784723,0.2013979221856006,0.9550642396268365,0.9357932893766552,0.005760942003223505,0.012531147228106793,0.012840546989901388
SPD,10,3,158.41840164061227,35.61245817277132,35.440054900699856,0.9853219426559224,0.4193757172631471,0.4243102702237892,0.014825936698994447,0.9824439903852317,0.18692582189312348,0.9941682018502435,0.9767145753398635,-0.004945691869176162,0.011776095747970429,0.011972618874679285
SPD,10,4,201.15038881281419,42.7032930514937,41.48265311510879,0.988579871638024,0.5912767648573563,0.5726654922448001,0.011834872316666467,0.9899586417383618,0.143757754789736,1.0161197658473913,1.0059165432417856,-0.015223072464611243,0.01384616320208294,0.013804938914001723
SPD,10,5,241.4010348741241,49.7726693200273,47.97889403117939,0.9896936355782161,0.7231851277394513,0.697710487614303,0.01470482665546726,0.9898101076106031,0.1451751652615643,1.0180922174476852,1.007717967309411,-0.020089733390307698,0.014529763776371532,0.014542029400696302
SPD,10,6,271.93589427135817,51.571320730093916,48.67463323095888,0.9900942212944124,0.6681460410478772,0.6322302740366514,0.013364776554627486,0.9901000926684437,0.14539290269634786,1.0280116958596914,1.0178344753349244,-0.024640271782926583,0.012955767500016487,0.012988906789225263
SPD,10,7,292.5821878908292,59.66474444683993,57.06773884110693,0.9922265473148079,0.7072383611744519,0.6638175589744135,0.012651290902603297,0.991269821751529,0.13805211133030623,1.0321873602657579,1.023176180624819,-0.02803604655132083,0.011853538764497464,0.011632098493032523
SPD,10,8,299.2549503213745,59.354888119183414,56.19946759422473,0.9901616044050935,0.7036082833820341,0.6703553882524704,0.015304754415720205,0.9891506113675601,0.151098666070535,1.0245022571158617,1.0133870339736,-0.024278824772641858,0.011854260123769467,0.011928144819673678
SPD,50,1,41.353924412631414,11.444338136880571,14.846972562812535,0.971779788181183,0.18066450769602457,0.2391303785768484,0.017074880575098053,0.9687671681713023,0.2672153865784906,0.8691986543180925,0.8420511189220451,0.020695495152862876,0.01578636575878638,0.01610633936078001
SPD,50,2,167.48545597685663,32.302234691935936,34.231531014319984,0.9718120571161197,0.40653570024320956,0.4479085637868044,0.031921810953528834,0.9637707436253347,0.26696177279242067,0.9526967018788742,0.9181812088192062,0.0047255262950329805,0.012585373864078165,0.01308467808814721
SPD,50,3,188.42154690188056,37.11880303675204,40.37642897409094,0.9804903937514898,0.40992993957760615,0.4484583921992902,0.02937285610881804,0.9667557083584267,0.25592458699427845,0.9560789170897155,0.9242947507376253,0.0045777982564329505,0.011043727330639585,0.011106935496625035
SPD,50,4,177.1723130315614,36.78574907535544,39.63037495046599,0.9801650859398064,0.5027928106979986,0.5536856391494974,0.02849376054407093,0.9741604449434474,0.2268523358226769,0.9529341697021266,0.9283107747588383,0.011199533953713946,0.013668141150749163,0.013971244022837259
SPD,50,5,166.71349738494257,35.247596109851216,38.325872585606824,0.9811900099777566,0.4679100177402903,0.5098951771042413,0.03035952466982015,0.9698458147288951,0.2440096667172203,0.9579453189995824,0.9290592583708815,0.005812817347065433,0.013274948347740399,0.013304202688805342
SPD,50,6,146.12762374835813,27.126095013577604,27.669704365313073,0.9709293879043784,0.33327004749979877,0.3407757809620629,0.03577094102273898,0.9469897088746222,0.32398941504813006,0.9889259673828779,0.9365027139504656,-0.014132603780237415,0.012285957390217239,0.012315844667616387
SPD,50,7,125.67178394146407,25.592443187999514,27.66138611913336,0.9771982838878727,0.3539987102170675,0.392203693063775,0.02767014912156545,0.9641832732949218,0.26561335680687004,0.9500468021679437,0.9160192354976613,0.005267416862571031,0.013832157704390651,0.014178743298496093
SPD,50,8,111.61545441333294,22.69304943202865,23.475620885767064,0.9714652668394856,0.2943523546437191,0.31993526024685776,0.030085169745856465,0.9518501096713663,0.3066515610193244,0.9591857185063368,0.9130010313554651,-0.002251132071358902,0.012971035714057642,0.013628404624681512
SPD,100,1,57.31611194989226,17.770365375302834,21.908351231804772,0.9444519651736646,0.5266201389014642,0.6079240857729877,0.10838505349680261,0.906799617936661,0.4222406320594704,0.9307307368418518,0.8439862765700981,-0.013540553312639498,0.029634738947650355,0.02774850920275793
SPD,100,2,170.55683358409294,32.204897177307814,34.83081879374433,0.970075149045822,0.62940989046991,0.7197248780874048,0.11796333576919865,0.9146153697901875,0.4048463844718966,0.9351548361028459,0.8553069862332867,-0.013824174075851882,0.019543918647049872,0.02066344987033921
SPD,100,3,152.09411183751317,30.37525606590804,33.09040466879415,0.9778203942110545,0.5852288567733315,0.5858743086374505,0.08453466751768002,0.927816348735277,0.37985268224108354,0.9994490032037948,0.9273051248996567,-0.041944607826780486,0.01926663121797247,0.01770526273406255
SPD,100,4,140.48703108074477,28.854926746831765,32.006660773208985,0.9783656866830431,0.6165978767177795,0.6677977395854415,0.06157625166469636,0.952815530105715,0.3036575977099671,0.9609007671228372,0.9155611738051344,-0.005188194398517178,0.02136889419708824,0.020864336467877283
SPD,100,5,131.7505882870597,27.51567123084461,31.10397977578687,0.9715429415820613,0.5641340226028593,0.5882225755585824,0.09468566853983397,0.9180336105872863,0.4012095673330755,0.9793102544862691,0.8990397288111839,-0.03529855779205551,0.020502280968180575,0.01891148913414896
SPD,100,6,116.05374221660827,23.36183866001892,26.279630650251036,0.9573210552427416,0.46242381551588474,0.5160441240137337,0.10677021309270476,0.8922209211932939,0.45486407326462325,0.9466221836960591,0.8445961167593053,-0.02657495229742794,0.019793982068169555,0.019636658173839448
SPD,100,7,93.08022990970233,20.28899422062255,24.8047921113715,0.9608392432779297,0.4706616552639109,0.5781120396122486,0.0988676654660825,0.9105215577870892,0.41354343683053646,0.9022946907868107,0.8215587674382272,0.004291359441127573,0.023197880099226974,0.023306465823884855
SPD,100,8,72.17066433324786,15.48001350178677,19.446090331480065,0.9438407325100612,0.34719105985350784,0.5404510977792205,0.1453570334564012,0.8567977019760147,0.5186087307797577,0.8015046847643383,0.6867273720290954,0.02395150223465579,0.02242834347744164,0.027792275391435257
SPD,200,1,67.43566100667626,29.498357078138234,34.65422020134264,0.9659327613084023,1.5123185078173704,1.4888238546580206,0.15498027509500928,0.9483886344900454,0.3226387707862604,1.007859454598415,0.9558424519044728,-0.08923746412717942,0.05126788938825942,0.042962266817948416
SPD,200,2,159.7150630814079,33.8110827836394,37.27326910482196,0.9728039527897253,1.3937318067400182,1.4481306316267228,0.27131248295616855,0.9046958057693673,0.4328436174124209,0.9810377870860431,0.8875407712780048,-0.10845682903473186,0.04122115271074433,0.03885172045291249
SPD,200,3,148.21062637702875,31.66277000521955,34.47807204099648,0.9725216969622893,1.275801849524953,1.2010351814048195,0.38198794258799224,0.8461615135011726,0.5639582610589495,1.030656031433898,0.872101467457219,-0.22837730535406273,0.040293437665581355,0.034834754680502934
SPD,200,4,145.42859482832293,31.065167351497436,33.803210000638074,0.9782048807323767,1.2847120460681856,1.3508143082436423,0.22545282572766576,0.9147440066801369,0.4085357018042837,0.9752255526751752,0.8920817294709408,-0.07967528177610461,0.04135538790220805,0.039961125236867866
SPD,200,5,134.95186534730058,28.2086159479367,32.25027664226617,0.9752876922294197,1.284435243467274,1.3201897124157072,0.20953657189601346,0.9196387657399662,0.3983930422861582,0.9863656388403113,0.9071000786714173,-0.08689105147379009,0.045533437224920745,0.0409357639644402
SPD,200,6,113.15831631168014,24.185768033136064,28.46601375838845,0.9657574782462437,1.0731124828652638,1.1722402969902208,0.2052602337349136,0.9094711492812835,0.418450495291735,0.9567848722896929,0.8701682374162533,-0.053066209804978184,0.044369584682819686,0.04118034604141866
SPD,200,7,89.84220014683892,21.31081344576004,29.260066381162563,0.962124787409774,1.0763659013509481,1.5493232034072397,0.28281425832092877,0.9071270466531755,0.427247606022682,0.833506427110652,0.7560962235913259,0.09507152186768139,0.05050796883424926,0.05295009188375197
SPD,200,8,72.55655146238338,19.39243342074778,30.851908303368972,0.9384643036715157,1.2653272342941282,2.4433020613417784,0.6132058403700422,0.880237902112254,0.500973277356239,0.7196359440294421,0.6334508336570476,0.2823844933388041,0.06524850217819321,0.07919451974628662
SPD,500,1,83.92439573593305,57.28188425545069,68.94769774272822,0.9774321036247127,6.4878066617907875,6.2282802486696704,0.3670919550787832,0.9713340092737378,0.2427746633136637,1.0206218852561413,0.9913647477583686,-0.31330918409994946,0.11326105532524336,0.09033340419733674
SPD,500,2,199.4158817337149,56.301224420350536,67.08824083252216,0.9671583806843385,6.7363041147097995,7.398267082561228,1.1300075971186834,0.9210642834557595,0.39081900871804365,0.9542141225688773,0.8788925470672693,-0.23402231463362788,0.11964755978335184,0.11027665937805889
SPD,500,3,206.32943954141712,56.60091585285403,62.97007840986015,0.977550481990214,7.646244846358632,7.884601732129914,1.6640598416770715,0.8929597011042976,0.4594038066437463,0.9847686622956836,0.8793587303404328,-0.712851477952895,0.13509047921126668,0.12521187731116604
SPD,500,4,220.91190868747785,58.486178850782515,65.45415779272693,0.9819262785639468,7.6580886118019125,8.739940315276378,1.1178075916433405,0.9338674156901099,0.357626171924625,0.936064899065907,0.8741605082089022,-0.01797794408443741,0.13093843301577654,0.13352765676021783
SPD,500,5,220.76223390408842,56.00134685345913,62.141973671617436,0.9850896773534816,9.352672531587007,9.640143509858351,0.8056685363731433,0.9576900595125716,0.2890922519692237,0.9849770571090546,0.943302736441288,-0.2590987790508995,0.16700799279096812,0.15513095159803986
SPD,500,6,201.43677501700535,50.04950833034533,61.5325835241604,0.9541834231648307,8.071951181515207,9.11447449141625,1.9880526791497717,0.8859557328495623,0.46703360087121737,0.9410732882356743,0.8337492747439841,-0.47276468462436494,0.16127933022313293,0.14812435898839688
SPD,500,7,167.96974898691104,48.50475361579848,66.79979354438754,0.9682652424050668,10.24832811967445,13.56334513450092,1.765413592687382,0.9349642500784225,0.3607778171162556,0.8692468075849854,0.812714689586759,0.7748017110695432,0.2112850258110881,0.2030447163805718
SPD,500,8,126.05484180783232,58.09275564179417,103.40589559766102,0.9256991032128092,18.774637114081273,30.08132650910364,6.622020314512905,0.8885817092980766,0.4691878558009277,0.790018541075037,0.701996025605629,2.342334540254731,0.32318379299903743,0.2909053331557245
SPD,900,1,88.15045216650877,74.47969194732741,93.34072206279602,0.976158714106047,14.927397607002895,15.419536170086833,0.69418836013367,0.9772534400023405,0.21217929821321338,0.9839123127792847,0.9615316923242144,-0.10102489852486615,0.20042238651523506,0.16519623835471475
SPD,900,2,227.90689041089453,91.38917048287607,110.9143124531951,0.970562774698627,26.127038208699993,27.536177949371854,2.3308490656002965,0.9568951992392482,0.2909412135763992,0.974076936183684,0.9320895439238424,-0.46085466246421875,0.2858876830881785,0.24826532609118313
SPD,900,3,249.15071336882272,91.91468530433838,104.8707416881077,0.9829211556860215,26.660145008679237,30.39804779477762,2.979046426305497,0.9498296702911848,0.313051499927116,0.9365013481132854,0.889516766705692,0.37942817989644373,0.29005316093293393,0.28986204641503693
SPD,900,4,273.96437729592435,95.05509151976061,106.12596457519487,0.9881343202427236,26.756479988566092,31.253621721864175,2.466934544987455,0.9603642389279451,0.2809497419820845,0.9252611203848412,0.8885876916880058,1.0151035941553137,0.2814839222263417,0.2944955256422628
SPD,900,5,281.2020556408438,89.29460297180611,97.9850045229234,0.9899303834606413,32.6054315339355,33.482486684435656,1.800142073134289,0.9728470773601671,0.23186998760714145,0.9868158668980913,0.9600209320044479,-0.46154346131706536,0.36514448184769177,0.341710314220606
SPD,900,6,266.0573472843102,75.81779527929496,96.20530179818437,0.9474731855280432,26.17816981772547,31.45601451383524,6.68911000391128,0.8876683104518469,0.46113949621332173,0.9122582341669171,0.8097827254187329,-0.7056326539007544,0.34527738140223196,0.32696757793892073
SPD,900,7,232.44483482256447,81.74623167746613,109.91634528620537,0.9740649513731646,36.04105701512374,46.961894254782294,4.788029913447183,0.9505786468977726,0.319304930262627,0.8760440748655866,0.8327487913085401,3.066403663105686,0.44088952206782506,0.42725123485957156
SPD,900,8,182.1988061646708,136.8078720667824,250.01037710396497,0.916846728621442,111.91887650160132,163.99914797164513,27.53829392015078,0.9166714158587498,0.40977713299092167,0.8260966766940945,0.7572592102613835,12.27098877494651,0.8180733667648044,0.6559693636374433
SPD,1300,1,88.10916110628179,84.41035110303616,108.68167575871104,0.9735594284425195,26.92960964205814,29.208053840898497,1.1386753203581268,0.9805243081029207,0.19744613809953734,0.9602044598964941,0.9415038136773485,0.5698844392411166,0.3190320771108546,0.26874865184950386
SPD,1300,2,253.71437520106133,128.16713670930574,156.13873251382495,0.9757308774467581,61.8376958150191,63.80010670800094,3.4832370100827914,0.9723941911393461,0.2336580836746089,0.9845005129603289,0.9573225799763301,-0.7604130585504729,0.48247700153645784,0.40861166016159317
SPD,1300,3,282.6249619433499,128.5765990680919,146.99732361362345,0.9871007149567119,60.302688501731694,69.72573092795076,4.195136692287459,0.9702879897037497,0.24528812322063073,0.9299761259854415,0.9023446657548952,2.613952866965807,0.46900204966376857,0.4743333362396586
SPD,1300,4,310.91365861924265,128.71212074061407,141.93930863501416,0.9911386415245352,56.08105024125072,65.66687662170304,3.681986503944512,0.9727772060750481,0.2367924855062389,0.92413387301286,0.8989763670287633,2.951919938253896,0.43570916179889185,0.4626405275127856
SPD,1300,5,317.8100128050677,116.38951461282915,126.30875204434031,0.9926475257736386,65.34935692695446,67.19071681139872,2.598148308732979,0.9804918898535724,0.19664247506243346,0.9862023248028535,0.9669633812239365,-0.37839421214436497,0.5614711698415422,0.5319561449535312
SPD,1300,6,305.979764539009,97.37675077520862,126.12572654651257,0.9459706144435436,54.48359147228476,67.13707853979595,12.569622256641045,0.9015415838806555,0.4326930242457463,0.9008482607445658,0.8121521678277892,0.0419324054350676,0.559513344186833,0.5323028090945203
SPD,1300,7,277.15008495311065,111.5482978690455,144.59048450379,0.9789464275842441,78.57177344670917,96.96089780414218,7.272273213391533,0.9638741304426376,0.2738651553417869,0.900191615990617,0.8676714110947089,5.558425572020738,0.7043744722931602,0.6705897565589846
SPD,1300,8,228.55448786718898,233.3959418613551,414.33962512328435,0.9278025526298785,311.3961039384127,434.90089909863104,50.918066248856576,0.9447998071474394,0.3421691083973788,0.8461774246610291,0.7994682676322572,36.2933644556809,1.3341967364770733,1.0496242037416257
SPD,1469,1,88.23683340733663,86.41867063038335,111.34222769535438,0.9729608433763984,30.382538631906286,33.44796437110236,1.2230423337014624,0.9819722574459627,0.1912211381966393,0.9530752318769089,0.9358934369620026,0.921191702747302,0.35157377925719097,0.30040681836023597
SPD,1469,2,257.8389349250758,132.2992256105564,159.47606279658325,0.9773853277749563,66.69652457539327,68.1557386449926,3.441343764126649,0.9745376938919571,0.22470504042706463,0.9892370819602552,0.9640488245659558,-0.9910648472636625,0.5041339000103069,0.4273728448634162
SPD,1469,3,284.1929872658642,132.63019033646583,151.1413810577081,0.9878810972437929,66.44752226758857,76.73394127822004,4.19051414089779,0.9732476806437287,0.2336898783828997,0.9305627051018356,0.9056679944339158,3.0479524348668408,0.5009984687424462,0.5076964411812662
SPD,1469,4,313.7486634762645,132.3348379587941,145.30603181224728,0.9916855716955354,60.88688955216155,71.08711156289324,3.7407031711991587,0.974571008319848,0.22939354335379475,0.9254787687093491,0.9019447767996817,3.2297594197662756,0.460097208651287,0.48922340439897405
SPD,1469,5,321.8158697975001,118.98087118974759,128.71575439640077,0.9930625776548605,70.96918009590343,72.89817023498631,2.7384389313270976,0.981053718530367,0.19381760219562907,0.9866805793891095,0.9679866514113826,-0.4047243961221091,0.5964755459112719,0.5663500212296059
SPD,1469,6,312.4668705032676,100.32713352170568,129.08167230968684,0.9456200989118206,61.37322208675898,74.63165989416625,13.312548594322486,0.9064344808235918,0.4223466488380171,0.9068342440499534,0.8219858271984732,-0.027055393457616206,0.6117310435614204,0.5781739464539426
SPD,1469,7,285.65063579677366,115.41312039007158,147.8125178909118,0.9795829841726882,86.75875842494432,103.47293204536473,7.25112749700436,0.9656170417283407,0.26472160843977893,0.9156790676891802,0.8841953125145915,4.7315230617080335,0.7517235313603716,0.7000282081773991
SPD,1469,8,237.3226703633512,255.0402245030403,445.0637288902391,0.9306325940810672,363.38589975811874,492.1287806621673,54.15649079668895,0.9474870133670683,0.33173086077043273,0.8592996872553236,0.8141752942648026,37.29319505367979,1.4248179888729156,1.1057490168639093
S,10,1,6.177361806564299,1.7053136730134055,2.128088558153342,0.9574991231402253,0.02587318613800144,0.033153173374022654,0.0029605018868668065,0.9571521193598832,0.298827195325866,0.8834101892153604,0.8455579348715979,0.0021597426745772045,0.015172097982585078,0.015578850441633622
S,10,2,83.93510249409428,17.451484844115303,18.643286846066466,0.9798938512808717,0.21698385820425364,0.2373446302513186,0.009725247638465492,0.9795784209560504,0.20242335987075377,0.9561455503654804,0.9366195484311715,0.005317762204299744,0.012433547067338587,0.012730836156254055
S,10,3,155.21747124943874,34.68906569479792,34.43641173361681,0.9848219605592883,0.40658385482334936,0.40971351555205066,0.014780027983982846,0.9819010356167575,0.18993171198872932,0.9961733502233828,0.9781436442381543,-0.005825183627640769,0.011720807311461317,0.01189768314775051
S,10,4,195.5322642189514,41.526015677536805,40.282243823878886,0.9880743581615006,0.5676261284440538,0.5488655330458856,0.011954720269434737,0.9894322934690428,0.1475831343303604,1.0169467423674574,1.0061999476365047,-0.015357657833801518,0.013669169054210685,0.013625495527151442
S,10,5,234.59888918302897,48.12903572176388,46.2842254077961,0.9890598614364853,0.6965810707492694,0.6694038591642797,0.015279739712888058,0.9890098862218675,0.15108239898075607,1.0200976060863356,1.0088866173306463,-0.021228475648938837,0.01447319814957931,0.014462894285609575
S,10,6,263.67382043092056,49.74800795795998,46.800652619104,0.9891293690952693,0.6444808724242883,0.6079196699561347,0.014220973796433101,0.9890665710704996,0.15294721389643687,1.0296317315883337,1.0183743262274543,-0.025391088132293422,0.012954908123535579,0.012989555400088207
S,10,7,283.6226139034904,57.05692286773388,54.31232922368997,0.9912105517055824,0.6771937817881405,0.6311180253727307,0.013708634554098069,0.9901361076763617,0.14738110469082794,1.035860299789346,1.0256426853298921,-0.02989219548475397,0.011868739983717186,0.011620161285541946
S,10,8,289.32083452049665,57.609915172842605,54.46927393415975,0.9887767681117915,0.6847000545734546,0.6526643924997776,0.016943249452142164,0.9876142579144913,0.16112146153574727,1.0242482285347605,1.0115621541445896,-0.024489455762909642,0.011885107841579035,0.011982248804871014
S,50,1,46.37748966630811,13.764362918249528,17.648109884167347,0.9687276436202357,0.28708862772924293,0.37757578703016054,0.026417501611208326,0.9692786895991276,0.2645110400380664,0.871978800529195,0.8451904691351572,0.032034828844854646,0.02085738580378504,0.021394686995285267
S,50,2,188.82811352119174,40.66015242400727,41.744473970611224,0.9679159707372544,0.7687976010431583,0.8063997862190769,0.051529406287425236,0.9675627357413377,0.25278562137156374,0.9764068279767751,0.9447348616737299,-0.006963610555753261,0.018907887826540255,0.01931752180628256
S,50,3,214.07735160712377,40.952782823902666,40.74979181647103,0.9660687319860423,0.781156856909731,0.8114959462067975,0.0562315027476742,0.9648682634557485,0.26323683932813047,0.9811286264152891,0.9466598739960435,-0.012946206725303857,0.019074573277931137,0.019914112687044246
S,50,4,230.63427697441423,45.61041669081631,43.3982243090454,0.9665818868158161,0.992144427806184,0.9279546695502633,0.06952806087622226,0.9643283518375675,0.27372639504554375,1.0340084028018748,0.9971236188601278,-0.06685890956607143,0.021752584163651216,0.021382318846553627
S,50,5,245.22878787586984,52.939261011657436,52.33292086181399,0.9766442118015766,1.1447578329196872,1.165938996704746,0.05279398301249835,0.9771934097611538,0.21279151179482134,0.9908750607052494,0.9682765792178532,-0.015806409613719704,0.021623985885779688,0.022279264705737115
S,50,6,252.4005820160222,52.467387232059394,52.67677394077896,0.9792248880959884,1.1308271505635181,1.132228970264438,0.04818666795930664,0.978707446717221,0.20629861711287334,0.9993807551710053,0.9781013871917423,-0.023392424129193606,0.021552953372005218,0.02149389352387693
S,50,7,259.13364294881137,55.83963351203652,54.39719757275437,0.981844097089702,1.2264044512610188,1.1891870959566777,0.04681725310267671,0.9807351315901623,0.19841653923925165,1.0155276793389862,0.9959636722299731,-0.042017304203508896,0.021962974577844623,0.021861183094334612
S,50,8,263.9776020308103,57.44471778161255,57.31051305809517,0.9780333010318408,1.1864793109744212,1.2175817675776766,0.05381502701356837,0.9776967760728156,0.21023388369535434,0.9871451514256653,0.9651286320647839,-0.011356285205156556,0.020654280442025264,0.021245347539349795
S,100,1,43.22717580910065,8.85118460261926,9.638486459339635,0.9325964971111168,0.3947420579781387,0.4370751483089368,0.06714348802408204,0.9204737563748409,0.3919438844514044,0.9503392001797712,0.8747622934197359,-0.012405198846641978,0.044597652822801356,0.04534686541841988
S,100,2,140.8336327942135,20.52687961847345,22.000082453990373,0.95573407045556,1.0382844414120866,1.1740840453041854,0.14854596224628686,0.9346189578591898,0.355697516122677,0.9403912507866306,0.8789074907901008,-0.006373179177094106,0.05058169876329708,0.053367256589132925
S,100,3,123.61056176310481,20.82522512120119,21.177810176062877,0.9613520372402177,1.1348090330111433,1.1337286094994783,0.12390492929947103,0.9453812518926251,0.33059002021549627,1.0004763777764014,0.9458316105112531,-0.062492676405568034,0.05449204157009795,0.05353379787967518
S,100,4,117.35294357599375,23.76182765389135,25.676851440300467,0.9594212086301233,1.4339796454882425,1.5570952235037898,0.15084343766681133,0.9503742349967532,0.3112473227023805,0.9596522970284348,0.9120288176512759,-0.013863929825631931,0.06034803662307547,0.06064198436183221
S,100,5,106.7267876112424,19.47968473134579,23.13630167697062,0.9523524311972712,1.1337119550687564,1.3163590221535486,0.1473201045929985,0.9424936211000826,0.33453674893592805,0.9280346376307418,0.874666726126901,0.017663481245896895,0.05819970757763038,0.056895827195399346
S,100,6,94.80175612925285,16.574087438181856,19.492848706968577,0.9367331769029,0.9809982929895872,1.1984006373706406,0.17923487238804836,0.922360044875524,0.3867321164035531,0.9047594130473807,0.8345139328199348,0.019083735996502614,0.059188676097463665,0.0614789893147952
S,100,7,81.59228062996198,14.780360331896492,18.26704781027074,0.9369498726654362,0.9026719776551924,1.1241559349057888,0.17969682224850397,0.9168313678235859,0.3998130078771796,0.8960901457509739,0.821563554022102,0.020893567501046262,0.06107239318835801,0.06154009923123574
S,100,8,73.45395289490736,13.928320436033673,16.488103262977646,0.9168631457582003,0.9767214486094591,1.129001578487764,0.21045177828864728,0.9024200621789007,0.43174669858183806,0.9301180830339686,0.8393572183252338,-0.029085824205171203,0.07012485483049363,0.0684737086177051
S,200,1,37.92987847487256,6.232361696169312,6.408008671416534,0.9767058440822687,0.8787062771898817,0.7894579488004958,0.03661496404556401,0.979453517148927,0.21535988224172292,1.0550119126756479,1.03333512850418,-0.06293164621747495,0.1409908988000446,0.12319863927805529
S,200,2,114.36930619824601,10.251708608727277,11.807074872913965,0.8998686640898343,2.3087713758178765,2.627784728362456,0.6414236799447843,0.8718890143597282,0.49405762048107366,0.937336594273727,0.8172534793046241,-0.1612051637001025,0.22520844709265536,0.22256018164081678
S,200,3,100.77719693115836,10.43222633281124,10.76510112397241,0.9282432224441104,2.300642082117803,2.2233409420635564,0.3188667499128258,0.9296520916011168,0.3787054759170921,1.0172354742026248,0.945675086243324,-0.19808394498353593,0.22053222473537287,0.20653228580570224
S,200,4,99.03915939224632,14.088312236112403,14.228502915587985,0.9270558444999589,3.1168542465944427,3.134606886678478,0.4583241082591165,0.9266890188138293,0.38237968347468254,0.9971642621574067,0.9240611716948635,-0.22028573408754062,0.22123688021373117,0.22030475765966712
S,200,5,80.37715327384868,9.880635396991824,11.062295586339397,0.9441001306649324,1.908801950325866,2.137225683811505,0.20404571621701612,0.9510857911671153,0.30898581946460074,0.9450509928946753,0.8988245712705,0.012189008634311365,0.19318615388915208,0.1931991119863694
S,200,6,75.09734606466037,10.670846618116343,12.133049190437283,0.9309549618526486,2.453674234357824,2.6998273511138313,0.31208173424876295,0.9405162494332702,0.33999002778909027,0.9533238426518057,0.8966165649861894,-0.03296430874637705,0.2299418520543739,0.2225184542432839
S,200,7,65.00666581771942,8.4476983454647,11.41676466840724,0.915101268833651,1.853581178717933,2.521143715414754,0.41903135087221255,0.9149303533637744,0.40768474122697745,0.8574464448704484,0.7845037787958316,0.12426559291230418,0.2194184857125091,0.2208282108495524
S,200,8,57.1114553028855,8.283900349188869,12.458061579805968,0.878518631089197,1.901785830998334,3.2409721974400227,0.7848479891613016,0.8776670795932373,0.49210199107887453,0.7660253659485834,0.6723152458264343,0.27716918864019374,0.22957613573714106,0.26015060021002884
S,500,1,39.1339735773668,6.024723148036543,6.464063939555963,0.984324329626024,3.4616709524012172,3.5857259169676965,0.06828520982639183,0.9904640432920476,0.13799863130512002,0.9825492914628878,0.9731797439560682,0.027884877370044234,0.5745775975663505,0.5547169629658724
S,500,2,163.7738978272858,18.469810275850932,21.626801829952484,0.9249471943013807,15.27225899061019,16.47693813551971,2.6306773783570643,0.9178028507109735,0.39957245278154824,0.9627496836923125,0.8836144042138928,-0.7129991167237725,0.8268768743433438,0.7618758550189162
S,500,3,166.88002126581085,19.781051107508652,21.086249047084145,0.9487096779400568,15.726904314486724,17.2440667713115,1.3945640756462216,0.9587188039295164,0.2843802219394404,0.9549964876656866,0.9155730904117364,0.06129919058927755,0.7950489703005205,0.817787304551259
S,500,4,166.10248812742876,24.5839227764099,23.44534687870962,0.8589478992381929,20.599886895726137,16.93548567901264,4.544570605558678,0.8831442208214509,0.5180212787166296,1.1028935324780287,0.9740140493893265,-4.104485911136084,0.8379414092324297,0.7223388831321369
S,500,5,153.7152678401935,16.767059974665756,18.422696458131355,0.9112353640988277,11.558440133529635,12.959127565992425,1.9396058346379361,0.922395643386037,0.38687338949636835,0.9444125105099055,0.8711219852536067,-0.2694592010875737,0.6893540162076057,0.7034327247069505
S,500,6,129.13153138692655,16.8481364660667,17.830209581013598,0.9347305047807497,13.362122572358862,14.059483583792787,1.2190559272979673,0.9558531074729782,0.2944605579937231,0.9748842209381239,0.931846112010079,-0.2608474579320206,0.7930920193619687,0.7885203771672965
S,500,7,103.55968873769045,14.012734985142625,18.196977141709816,0.9290020619192187,10.712366805208315,14.178285056141831,1.5716321040662695,0.9460753462612661,0.33293817452855334,0.8692223120870677,0.8223497998857912,0.9471430734336241,0.7644736603215851,0.7791560623353961
S,500,8,91.3163679575469,32.43917394097391,50.28715133793793,0.9438684453936166,31.742732791308395,53.555886911272296,6.292506205281358,0.9580869795323809,0.3427742729423939,0.7698720424506823,0.7376043797779991,7.760323957341267,0.9785308605289162,1.0650014066489455
S,900,1,39.50797447221535,6.166957594939449,7.013606050638142,0.976332708750267,9.637718911935437,10.760756233242954,0.1639698855661365,0.9934684280926974,0.12344134643376294,0.9463803868682515,0.9401990353197607,0.47953371787068977,1.5627996080018556,1.5342686993752483
S,900,2,215.4324378046758,28.54525096926492,31.230704086277832,0.9408401006325762,48.361567229333914,48.06853168523922,5.072210045174151,0.9474045108820534,0.3248390163878475,1.0030434703213398,0.9502879083932262,-2.6826227946344194,1.694207112819064,1.5391433876240916
S,900,3,228.89196647852742,29.689192253177282,32.40618657389044,0.9606037284060079,44.274690564854154,49.59855509683133,3.137448225961255,0.9681360343752968,0.25150913959136956,0.9448073320128224,0.9147020236635987,1.0932081530079656,1.4912729921143597,1.530527357291485
S,900,4,226.87695739110097,40.06372871476411,36.79437550558791,0.8288117586391258,62.83464155254504,49.52306538887127,16.488456596171925,0.8593023615194335,0.577013857482267,1.126408221132136,0.9679252444537485,-14.900016379922846,1.5683672880250281,1.3459411855312036
S,900,5,206.45830922465615,23.69147361227544,23.37674072191068,0.8800910527559939,30.673090789514724,32.8210101772445,6.223066168138635,0.9025064047243352,0.43543791067067655,0.9667246623905876,0.8724751994124759,-2.037573390204426,1.294689021522994,1.4040028320321767
S,900,6,172.56390332563916,24.85920729210948,26.190245777364073,0.9301585713271457,39.3508159480079,41.09642913996967,3.56373519315084,0.9559260374223645,0.29447651790054635,0.9785315371260664,0.9354037747777358,-0.9090610005945332,1.5829473355933668,1.5691501900867553
S,900,7,142.76722127858415,22.031228954407204,28.211240704166563,0.9175828943217973,37.79435097768435,51.198310566237595,5.200676557132429,0.9524259547669583,0.31871470908298843,0.8591829115969422,0.8183081048971725,4.101641515710401,1.7154899100680372,1.8148195289644258
S,900,8,130.75450960214897,73.65679166555051,104.65243553511597,0.947660149315551,187.6742226498369,276.15120299883625,25.64405842483466,0.9623834100945518,0.3047332960446891,0.8243826501565048,0.7933721860804007,31.416460962082343,2.5479554350126907,2.6387460701397067
S,1300,1,37.86950483377892,6.578073352528013,7.656870292936146,0.9714421445051238,18.65393965344894,21.59629183326675,0.3124600404139095,0.9948989079079328,0.12028394088839128,0.9293850666830518,0.9246441878689092,1.314946069701948,2.835775561286507,2.820511646016837
S,1300,2,248.7332142949545,36.784934656074725,38.70280290289594,0.9461227653553652,95.71886586041418,92.14031777186305,7.653944812282008,0.9594310994379422,0.2882158167353887,1.019234039040825,0.9778848346615133,-5.616246450416581,2.6021214052804362,2.3807143374871345
S,1300,3,269.695034879477,36.47475861956598,39.1998984612312,0.9689849039702692,80.52346325926419,89.69431155115139,4.425576518592798,0.9754172266513398,0.22212757566502378,0.9474990261539525,0.9242068723459336,2.372635886647199,2.207648968952172,2.2881261195066434
S,1300,4,267.20180443648724,50.80302329355146,46.08081930787908,0.8337275552908119,110.52007463038248,92.05639889028046,25.919718844963086,0.8756946097410039,0.5306255432513455,1.0957048746838813,0.959502852627617,-22.191697292532545,2.1754625505606677,1.9977161923972193
S,1300,5,245.70670073024223,27.555083841374092,26.917388022964584,0.8715378507406962,51.35510765084385,57.01768694298697,10.91718397121285,0.9004927731460862,0.43757300042447933,0.9490454784137677,0.854608594698568,-2.6273023395348565,1.863725327292741,2.1182473906584955
S,1300,6,208.99758215034086,35.56007254200665,35.5822595460952,0.935781627283348,84.1734727937396,85.57170719373966,7.03297259231667,0.9585999902505452,0.2866845999528534,0.9917963930447199,0.9507360127031943,-2.8173690961583078,2.3670782081309474,2.4048980667707567
S,1300,7,177.55083511888284,33.843957382439896,41.948358577158274,0.927491120562825,104.65054429789636,134.86201629562495,10.788337773820896,0.9626459653613169,0.28283453914766926,0.8808986035610973,0.8479934866105084,9.711567111953851,3.0921485662960566,3.2149533586055505
S,1300,8,165.93418560393988,118.36224627648268,158.43097009722388,0.9539896739111527,524.96931623406,708.1198643435666,45.464266087085385,0.9739327172901385,0.2533854678737549,0.8610206579795634,0.8385761890689793,68.84314101121072,4.435276726734155,4.469579804434807
S,1469,1,38.03070275401413,7.3259904458999205,8.597041212374632,0.9712795380657582,23.705734105546405,27.979314666704994,0.3972367685537209,0.9957239094814844,0.11915332992541447,0.9204668835941546,0.9165308838806098,1.9381718963024297,3.2358401612185568,3.2545283866304375
S,1469,2,262.64572817397556,36.630861747345435,38.25476092154989,0.9505309564359922,100.75578304975733,97.82280389009935,7.260069229824202,0.9635449221395517,0.27242711271125836,1.0148805698037993,0.9778830196125459,-5.096524194741091,2.7505709187160714,2.5571406416761384
S,1469,3,280.25438951197896,36.521206869852335,38.808404173007396,0.9721847168086744,86.77991287380331,95.21776140678728,4.17778704825226,0.9780965938349507,0.2094663022784394,0.9546641662668282,0.9337537692818676,2.1300307423658493,2.3761512915784477,2.45353457416872
S,1469,4,278.23861353896086,52.02173628681432,46.715722051243176,0.8307287708316174,121.23381773776597,100.5242802409731,27.948123163583855,0.8778064194440799,0.527279440894213,1.0981872689000822,0.963995834392254,-24.328830330188374,2.330445432835245,2.15182974439968
S,1469,5,258.8143165313224,27.825598599375986,26.38164462411933,0.8702784085186605,54.141509014276856,58.752786645078494,11.553871204216069,0.898407378825849,0.44345496936638157,0.9599551503896586,0.862430790451947,-3.471296786707218,1.9457446286704871,2.2270327525890465
S,1469,6,221.92289282673067,36.89009700676681,36.711304804570744,0.9371514142752838,94.84602149978971,95.70285063159233,7.2710745553184335,0.961851143327657,0.2756365858357665,0.9955134274438352,0.9575357283848871,-3.2071227117579015,2.5710428867235553,2.606904089654608
S,1469,7,189.73429643101537,35.409310710891546,42.28015858268247,0.9280236730650593,118.70177619925212,146.7867745457079,10.895071749975534,0.964373365851562,0.2724404466261038,0.8992597288643572,0.8672221314996834,8.594963298240147,3.352275822831554,3.4717649948888867
S,1469,8,174.25413007592857,120.09935293503182,155.07493252494592,0.9508282369453289,560.245203419577,728.7908834183074,47.13189456855967,0.9717791085635293,0.25430563473761436,0.876773889234124,0.8520305484917157,60.70689271508539,4.6648478091521755,4.699604710781167
