method,step,layer,c_energy,Vonly_energy,Oonly_energy,VOcross_energy,joint_energy,V_O_cosine,joint_relative_norm,Vonly_relative_norm,Oonly_relative_norm,joint_radial,Vonly_radial,Oonly_radial,cross_V_O,cross_V_VO,cross_O_VO
M,500,1,0.17479641894637687,0.0003398342105403933,1.490442666396264e-05,4.015446116985949e-08,0.0003964263632821195,0.2987068205861341,0.047622807935139774,0.04409275982137192,0.009234031925443606,-0.0013624135283479685,-0.0015081562398478981,0.00014064642134113334,2.125868147018254e-05,-3.4290938655902776e-07,-9.198627532626505e-08
M,500,2,19.64216497982083,0.0039306992174701055,0.0007005039926903226,1.854963479420937e-07,0.005820973793040696,0.3580323479004667,0.01721484611150509,0.01414621416995346,0.005971873920883322,-0.017851157108169778,-0.03483989262478202,0.016863382731813294,0.0005941040051325674,1.4358118370849709e-06,-7.472737035161309e-07
M,500,3,20.388154163266524,0.005856166572968937,0.0007967452186161039,2.4455354880168324e-07,0.008903570024914046,0.5201307323710929,0.020897442308174117,0.016947972719043008,0.006251306295098036,-0.022360832339013283,-0.03049393943324976,0.008062682570121623,0.0011235152166727074,2.584923757034045e-06,-8.933005396518765e-07
M,500,4,11.572862427427902,0.006853258241030166,0.0005084034893784468,2.537779399314355e-07,0.00956968818196245,0.5886624168338679,0.028756001543966778,0.02433482084395711,0.006628020852357499,0.017602836958002677,0.008187434634028656,0.009423251899843638,0.0010988011846308884,4.994257083626255e-06,9.089509242916365e-08
M,500,5,7.347786370003526,0.0066723592936775294,0.0003433445648613313,2.5929772205296396e-07,0.00904674430837419,0.669545531754755,0.03508875001357054,0.03013432386822839,0.006835760337420416,0.01711925810517636,0.011431549043541897,0.005618963064626597,0.001013409372751512,1.8569995661669037e-06,1.2420373895957003e-07
M,500,6,4.089540512595456,0.004893004300384517,0.0001915566769180474,2.2016381764431145e-07,0.006001677636711531,0.4731778438444982,0.038308846468523915,0.03458999835076057,0.0068440218876807245,0.00040809600940128996,-0.0023923971510449484,0.0027731981197456714,0.0004581005855332557,4.231422756798608e-07,-7.548001326301663e-08
M,500,7,4.970854755458354,0.004498050958582429,0.0002483946575278022,1.881560815255521e-07,0.005623431056709488,0.41598546761664174,0.03363451353460569,0.030081303321625324,0.007068961048512721,-0.017956014405864997,-0.02122415180702599,0.0032730853462066985,0.00043970506661476257,-7.872116705144639e-07,-5.192126853658744e-07
M,500,8,25.77390741280683,0.003469391699125005,0.0011071943573001904,1.6412522966439732e-07,0.006662004578438228,0.5318354333135389,0.01607727096444188,0.011602098159433648,0.006554231846408855,0.0030234123249292637,-0.0031991966024525406,0.006218330302522726,0.0010423555138424094,1.222127696745175e-06,-9.504431474786928e-07
PD,500,1,4.380033293493691,0.0001977840908332546,3.330664135243543e-05,3.646486509065852e-08,0.00029803527860070684,0.41262917677084804,0.008248882768906247,0.006719809661047837,0.0027575710716305464,0.00992523057267664,0.00872224598888943,0.0011647353249819822,3.349045372627965e-05,1.1198992199890025e-08,-4.7611943516808274e-08
PD,500,2,12.213039659538712,0.00039273286885456774,0.00017297683887215116,2.830398792026518e-08,0.000760545430901658,0.37257978781802037,0.007891338939667442,0.005670700902809379,0.0037634148511984955,0.026384262476043592,0.014434846543464708,0.011904465173462516,9.710953938303564e-05,1.901601391704074e-07,1.0401007132139758e-07
PD,500,3,12.446296316216943,0.0006478437972174884,0.0002580370534819049,3.059539124175556e-08,0.0012079443617374046,0.36862867235047153,0.009851523493637477,0.007214646961204241,0.004553244470880854,0.025466696378134333,0.013791046211949952,0.011635099100158539,0.000150718062168665,3.2166101623436106e-07,-2.3265361531966763e-08
PD,500,4,15.129290795006211,0.0008294190221797752,0.00031199426011009493,3.5520514650969564e-08,0.0015057623378344075,0.35662216982903394,0.009976286895615583,0.007404192656008943,0.00454113085923482,0.03350131332844428,0.01765966324893895,0.01584060102249382,0.00018141309634469964,5.085936363749174e-07,2.3507753383806372e-07
PD,500,5,11.932213862062637,0.00101511904329004,0.000227230555738276,3.730671377170653e-08,0.0017117248112646735,0.486815764002441,0.011977231906132743,0.009223547171741531,0.004363880515863164,0.01109478706379375,0.004169359174818019,0.006975969218709924,0.00023380644895724628,8.587886454515225e-07,3.715158611168905e-09
PD,500,6,11.96144991906068,0.0009032760322670729,0.00024142794417347685,4.2727989761163874e-08,0.001595415428080929,0.4820282125099428,0.011549015935620799,0.00868997106173585,0.004492642435945969,0.013554936304249985,0.007149978901042612,0.0063282105329787244,0.00022510050493157067,3.210516202055233e-07,-8.719472645415489e-08
PD,500,7,12.368352108069537,0.0008237355605755681,0.0001976216027873396,4.4362944993369126e-08,0.0014421313724443097,0.5199693291861646,0.01079807879174002,0.00816089870252754,0.00399724979033867,0.023835575474799288,0.015040273373644804,0.008750207971755773,0.0002097919613597691,5.604409342931307e-07,1.2520774139078235e-08
PD,500,8,20.813746421561763,0.0007814659815176452,0.0002853279452838227,4.47760940072418e-08,0.0014731418938546835,0.42934692831843074,0.008412927776621386,0.006127451875647721,0.0037025166900821254,0.040035746788326776,0.025868395606465724,0.014107913870253862,0.00020273818456502103,3.4990994662971437e-07,6.350096797118915e-08
SPD,500,1,6.4878066617907875,0.00010530401745821732,3.931189172306701e-05,7.09810150928891e-08,0.0001772241052846049,0.2484629793328487,0.005226517953738743,0.0040287797032810815,0.0024615747126194025,0.004182953345391894,0.0029096030627844176,0.0012312596010075104,1.5986232692625116e-05,2.86809729818625e-07,-4.4348783315043836e-09
SPD,500,2,6.7363041147097995,0.0001329563027374598,9.297081898187061e-05,3.2422191174871264e-08,0.00028860340477114576,0.28144894819867,0.006545455618212197,0.004442665569964733,0.0037150313725574915,0.006103248004936715,0.0024668415858167016,0.003600803824645715,3.129157500985601e-05,9.807957842616965e-08,-6.772415796494832e-08
SPD,500,3,7.646244846358632,0.00018174023419724152,0.00012417953278926172,2.9703338508990975e-08,0.0003858804006135177,0.2650539381901824,0.007103988667488998,0.004875301080620209,0.004029961622654029,0.011338194161853127,0.004449628367008876,0.0069083769561673085,3.981849249234665e-05,1.8927083427568229e-07,-4.2298182371033185e-08
SPD,500,4,7.6580886118019125,0.00018105387223300265,0.00013752586550950353,3.575856387483748e-08,0.0004068701565324199,0.2780438658453213,0.007288996209335926,0.004862321991043881,0.004237717479735967,0.0109924090639104,0.005248683743079487,0.005775198565363734,4.387422119077961e-05,2.6983695630255017e-07,-1.672803405813325e-08
SPD,500,5,9.352672531587007,0.00025582219703350936,0.00016103813846753763,3.952913659326002e-08,0.0005790307251202645,0.39887687385499077,0.007868336782139652,0.005229994690160983,0.004149507047925179,0.016195549422014992,0.009305044028508569,0.006876652797080365,8.096034318979579e-05,1.1747181278561749e-07,-1.2384761265985976e-08
SPD,500,6,8.071951181515207,0.000276370509544136,0.0001758826853006824,4.416481389779435e-08,0.0006137454969143118,0.3642547343725378,0.008719767314628799,0.005851356870944459,0.004667907919926666,0.009027128464966701,0.00531335969340899,0.003695093516239378,8.030870052036999e-05,3.362688948682126e-07,7.909921255588513e-08
SPD,500,7,10.24832811967445,0.0003763398078010545,0.0001701868776066701,5.1826805773509626e-08,0.0007509401446527443,0.40209322735698017,0.008560047017700472,0.006059873641965166,0.004075083615646641,0.0033601882502318943,4.05887768882351e-05,0.003316613461387572,0.00010176065008299223,4.3846168580755713e-07,-1.8295549172402504e-08
SPD,500,8,18.774637114081273,0.00037921178648977463,0.00023445392972973068,4.907979039099302e-08,0.0008205608759724154,0.34558770453794063,0.006611037601845655,0.004494228380924529,0.003533808267615483,0.03093857837757448,0.0220474047607349,0.008906199564352004,0.00010304524460747254,3.3263022861685467e-07,4.5165145166848104e-08
S,500,1,3.4616709524012172,0.00041068093451514665,0.00028236037768574894,9.172312368358847e-08,0.0009156663641108759,0.32722742190242676,0.016263939072236576,0.010892043794760884,0.009031481260716229,0.0021702192223325032,-0.001358891360794392,0.0035391960632008114,0.0001114304382540191,1.5431684277705222e-07,-3.18090703648736e-07
S,500,2,15.27225899061019,0.0030177886114245113,0.0008863343794019092,3.6365532601982857e-07,0.00520029848663822,0.39597600760274093,0.018452809396296486,0.014057003969464257,0.0076181085644190455,0.013203406161710934,0.005332445943017072,0.007671909986465657,0.0006476078103004834,7.189707904605997e-07,-4.20860848054969e-07
S,500,3,15.726904314486724,0.003257426759481162,0.000905011869721969,4.0066539123394236e-07,0.005567185195824883,0.40706242829929895,0.018814652959808952,0.014391819636673617,0.007585872087694183,0.036869654139427714,0.02113822451488482,0.01578682724957642,0.00069891681077937,3.5015175231537504e-06,-2.4537768726250215e-07
S,500,4,20.599886895726137,0.0036726011267477956,0.0011913014222888197,3.733140687718283e-07,0.006420674340673338,0.37011204311103435,0.017654600865688184,0.013352250258097725,0.007604635668375071,0.03150684513864853,0.01911781511738976,0.012278516372574065,0.0007741603574717176,3.682515443182908e-06,3.563658691048225e-07
S,500,5,11.558440133529635,0.003246060595678977,0.0008003674915746706,3.351157655574227e-07,0.005334549608567114,0.3988007285470067,0.02148321452151076,0.016758251252269603,0.008321375240754205,0.011100352076507954,0.0019972116392737507,0.009094466655256716,0.0006428045981378297,1.3320939075811213e-06,-2.434892714457472e-07
S,500,6,13.362122572358862,0.003547595909108118,0.0007822592806285849,2.978863106113822e-07,0.005774271620175533,0.4327962793948472,0.020787912442175437,0.016294061346337024,0.007651342387355725,0.010450064382949154,-0.0032665284033519815,0.013659629771484466,0.0007209845419715788,1.8903821839551232e-06,-8.156520914414982e-07
S,500,7,10.712366805208315,0.002395731349464153,0.0006777901957683138,2.4179251558693244e-07,0.004056581162910515,0.3858426812603162,0.019459754960948664,0.014954653002615155,0.007954354161529252,-0.002470468451134609,-0.011016908343646523,0.008542316441996989,0.0004916736862989903,9.83780876757199e-07,-1.248554594512997e-06
S,500,8,31.742732791308395,0.0022891676755975227,0.0015545102728314185,2.0930882776534487e-07,0.005655617345876596,0.4782571819377358,0.01334805084452749,0.008492130232967765,0.00699801133451697,0.09794777793271332,0.04892322742610239,0.04896939653912442,0.00090218811391351,2.6824533025904857e-06,9.9447709384314e-07
