method,step,layers,median_input_mean_energy,median_preO_constant_energy,median_preO_mean_energy,median_preO_cosine,median_constant_energy,median_mean_energy,median_selection_shift_energy,median_cosine_constant_mean,median_relative_mismatch,median_constant_norm_over_mean_norm,median_constant_projection_on_mean,median_constant_selection_cross,median_postO_over_preO_constant_gain,median_postO_over_preO_mean_gain,sum_constant_energy,sum_mean_energy,sum_selection_shift_energy
M,10,8,282.01558849321776,60.95540988077785,60.57238839865094,0.9896010393251167,0.8589221188796087,0.8644882916735706,0.015750938989997475,0.9893359149121366,0.1459450295802929,0.9967819910622924,0.9871795511108263,-0.0055201803804273575,0.013064873146553316,0.013500116583361706,5.4107597886217595,5.486135075901705,0.11896420849462735
M,50,8,45.4216273956965,7.1365354536452,5.316588458155665,0.887649909200553,0.18390224684414774,0.14339966656443187,0.03809775627019775,0.8898250260362468,0.5014094477915085,1.111733108487764,0.9861935979357666,-0.03802094131265047,0.025426477734021884,0.026457868173509647,1.9111978624942354,1.6500322841565447,0.3470541519024739
M,100,8,52.32995899904321,4.464767283294743,3.4712646622577914,0.6943303724821537,0.5448685315062048,0.34571629606727894,0.2856287539601213,0.6419065052841553,0.9520752141016104,1.2058182165391065,0.7833647073357177,-0.22562458257385434,0.11716257442070918,0.09141684260798863,4.217649657239283,2.85770485901783,2.471606826737622
M,200,8,61.29435189969892,3.438927598586375,3.2687751360173327,0.6181919452356598,1.248789847224596,1.1429813406947424,0.8444151070943422,0.6691841149974648,0.8735753912744615,1.1528940591264503,0.7320542688698606,-0.6096297464836374,0.3412729097391207,0.33952994287258376,10.748251296793741,8.564616327713283,7.357786820803467
M,500,8,87.37468946740665,8.708449321429237,6.902703462468776,0.7452181512780771,9.460324398715713,8.214101503984955,2.602608224678776,0.8024500458202237,0.6505103344110994,1.0642275672879542,0.8536307019139888,-1.294638067610119,1.0838286549051572,1.1949939051993144,93.9600670403258,90.90933187043252,32.422107421184556
M,900,8,102.6121509941346,12.894192526432281,9.421573554527715,0.7418187935302858,23.945863304865686,22.403969307685095,7.866455950867385,0.8153829296414072,0.651601741428145,1.0801339484862984,0.8784875977343898,-3.8469402614535735,1.9082973238157006,2.2315117282855352,291.4075705271275,287.0667340235177,96.8725283736584
M,1300,8,114.08899822175918,17.551785924804225,14.082902460620568,0.7561600318169897,54.13060884489508,46.047326205966606,15.642983504224398,0.8365589690029815,0.6019770368599232,1.1065112624872928,0.8730747300950307,-9.4239850257299,2.714665190795364,3.1604919778109872,602.880535189495,621.751728343145,190.57935662418606
M,1469,8,118.27867428927051,17.804939422803997,14.245539945775661,0.7435290381068599,59.6657879329595,48.93722715726227,17.189136497206356,0.839828885089136,0.5813109138451868,1.1221342549537483,0.8958304477072838,-10.613398415276345,2.9547072502649376,3.4053730315944657,651.9002564859944,657.8783661451407,208.64221326046385
PD,10,8,283.11594888768656,61.73737439649347,61.249660134742996,0.9866849576921954,0.8791985317231457,0.896504310457773,0.02119482234199328,0.9856465035885328,0.1690603687792066,0.9886189519538116,0.9760739966979094,1.732224161292851e-05,0.013287934697174387,0.013808031131521932,5.610444993037253,5.7711108396427555,0.15796562238893763
PD,50,8,97.41115266440335,18.59569884291787,19.098052618709254,0.9644655224536797,0.30082155680385814,0.3177597986173094,0.05013989731059612,0.9276563247388481,0.37688405795756597,0.9736332125491296,0.9000709866066544,-0.014028358037203457,0.016232596306473612,0.016665349955599366,2.241442377073035,2.389690338400404,0.39333974440506186
PD,100,8,87.04552882886871,16.064975511424848,18.27265037222779,0.936362769326446,0.508099383800692,0.5979502625692863,0.18450825762813822,0.8340038370604834,0.5702689720737409,0.9301805889557281,0.7630398078669284,-0.04428111894839565,0.03264286088758783,0.030706682025478854,4.069837695566813,4.4902756439534945,1.4193388529159203
PD,200,8,70.27936823371837,13.854272462036239,18.13775454702633,0.9185131637452444,1.299734752234761,1.3374512806991317,0.5547058204137696,0.8096291787137958,0.6000304286240645,0.976556054951945,0.749418505957046,-0.14498836310981345,0.0841366009458161,0.07265795079396607,10.19387862782003,11.37458326234098,4.754018079629005
PD,500,8,144.51690982696914,37.35433989258084,43.87562288419248,0.9399036865390427,12.290695883804124,13.163513159522402,3.3335747653065204,0.8666543219472366,0.5094262080081852,0.9699487849515255,0.83534611592213,-1.0655520051934073,0.3514322909194672,0.29489696858479486,101.24442237501019,116.17379420530193,34.48072190644331
PD,900,8,202.1461914488353,67.37756342119704,80.56053852698334,0.9602574035133902,48.50183039046361,53.704552267228756,8.083070420068616,0.9298607649230315,0.36949338289022593,0.9431452985912377,0.866478806717603,-0.2551437816353629,0.7236296036688008,0.6299579039277856,441.69068335611917,525.4485750893532,103.1877254396667
PD,1300,8,246.71575101901217,95.05875055604855,117.27469413694504,0.9716630650282811,108.19926404282751,117.34769072541496,11.766293685619999,0.9572735876817167,0.29221833770414274,0.9362825446926726,0.8719952027051419,1.1614782628854288,1.0910176959654456,0.9555012835209338,1066.8599061981588,1283.9244864570007,174.99919053996223
PD,1469,8,255.79560936781252,99.250465827528,121.16217122087906,0.9716985810922755,119.56715836784463,127.36551282908954,11.955850824758151,0.9592886484411076,0.2841949060400777,0.9409132642775523,0.8910817625043608,1.2728095548066631,1.1581465788488339,1.0062560584017712,1195.2267961636408,1387.8028457994292,187.27257636101817
S,10,8,215.0655767009902,44.82752569965034,43.28323461583749,0.9884255631366461,0.606053500434171,0.5783926015010101,0.013964804175265584,0.9883120720681794,0.15703433771609207,1.0185221742268964,1.0075432824835755,-0.018293066741370177,0.012694227595437084,0.012860195778171131,3.920022807144811,3.7901827992162,0.09957309529431127
S,50,8,237.93153242514205,49.03890196143785,47.865572585429696,0.9726859277109061,1.061485789184851,1.0300918199073505,0.052161694649961794,0.9732360496801407,0.23278856658319252,0.9890101060654574,0.9667026056413186,-0.01437630816951178,0.02120516958789513,0.02138850292091945,7.517656259206962,7.628363019509836,0.4053194026105801
S,100,8,100.76427187024763,18.026886084763824,20.335329441515725,0.9446511519313536,1.0096413672008369,1.153906327401832,0.1496946999565491,0.9284895013673569,0.37121481626311503,0.9352546669102996,0.8747145097733184,-0.009389189011868042,0.058694191837547025,0.05876890577861578,7.995918852212606,9.069900199534132,1.2071413947548493
S,200,8,77.73724966925452,10.06617200285955,11.611919770660602,0.9276495334720347,2.1047220162218343,2.574464221888605,0.3689490503925192,0.928170555207473,0.38054257969588734,0.9491874177732404,0.8977205681283447,-0.047947977481926,0.22088455247455202,0.22056648425460976,16.72281717611996,19.374359453685102,3.175236292661584
S,500,8,141.42339961356004,17.658973370958815,19.75447275260775,0.9318662833499842,14.317190781484527,15.32761159583077,1.7556189693521027,0.9509642268671221,0.33785622373547364,0.9588730856789995,0.8995937473128146,-0.11648129028098816,0.7940704948312446,0.7705159586771562,122.43638345562948,148.99499962001087,19.660897340671887
S,900,8,189.51110627514765,26.7022291306872,29.720972395222198,0.9354993359798609,41.81275325643102,48.79579853705525,5.13644330115329,0.9541759960946614,0.31172400256383875,0.9565525246294195,0.9250528992206672,-0.21476364136192172,1.5756573118091974,1.53670604349967,460.6010986237124,559.2178612864728,65.49362109613003
S,1300,8,227.35214144029155,36.01741558078632,38.95135068206357,0.9409521963193566,89.94616932707689,90.87535522071593,9.221141293051453,0.9610385323996296,0.2847595695502613,0.9482722522838601,0.9244255301074213,-0.6561781349164543,2.484599806705692,2.392806202128946,1070.5647843800496,1281.0585948224798,112.51446064068759
S,1469,8,240.36860467902653,36.576034308598885,38.531582547278646,0.943841185355638,97.80090227477352,96.76282726084584,9.083073152646984,0.9639591439955568,0.2724337796686811,0.9573096583282434,0.9251423265812386,-0.6344754077277359,2.6608069027198136,2.582022365665373,1160.4097578997687,1351.577455445251,116.63512828828374
SPD,10,8,221.27571184346914,46.2379811857605,44.73077357314409,0.98913675360812,0.6297114029526167,0.6024478831407258,0.013008033728615392,0.9894803594890815,0.14824578438344144,1.0171059916475382,1.0068172552755983,-0.017656402927459472,0.01274345736406164,0.012914726889563325,4.06112343969094,3.9381987401364165,0.09556183931444387
SPD,50,8,156.42056056665035,29.71416485275677,30.95061768981653,0.9745051705019963,0.38026720523013857,0.4200561284252897,0.029729012927337255,0.9654694908266743,0.2662875647996453,0.954506543395921,0.9212379797784158,0.004996471578802005,0.01312299203089902,0.013466303656743426,2.949454088315715,3.251992885089378,0.2307490927414969
SPD,100,8,123.90216525183399,25.438754945431764,28.691805213018952,0.9654571961618759,0.5453770807521617,0.5870484420980164,0.10281893927939363,0.9125684637886384,0.4091949106512165,0.9408885098994525,0.8499515514962961,-0.01368236369424569,0.020935587582634408,0.020763893169108247,4.202267316098648,4.804150849047069,0.8181398890034001
SPD,200,8,124.05509082949035,28.853486513037467,33.02674332145212,0.9692272291353459,1.2801185464961136,1.3994724699351826,0.24838265434191714,0.9082990979672294,0.4228490506572085,0.9781316698806091,0.8798211193676119,-0.08328316662494735,0.04495151095387022,0.04105805500292943,10.165805072128142,11.97385925008815,2.344550430688734
SPD,500,8,200.42632837536013,56.45107013660228,66.12697566855724,0.9728486730148898,7.865019896658559,8.927207403346314,1.3970337193978775,0.9274658495729347,0.37579841291714966,0.9476437054022757,0.8765265276380858,-0.2465605468422637,0.1481849047171998,0.14082600787430735,74.97603318151907,92.65037902351634,15.46012210824108
SPD,900,8,240.7977740956936,90.34188672734109,105.49835313165129,0.9751118327396058,26.708312498622664,31.354818117849707,2.722990485646476,0.9537369230685104,0.3019963567517576,0.9308812342490633,0.8890522291968489,0.13920164068578877,0.3176652711675829,0.31073155179059175,301.21459568133423,380.50692706079883,49.286594307670455
SPD,1300,8,279.88752344823024,122.27832566106744,143.26489656940208,0.9773386525155011,61.0701921583754,67.16389767559733,3.9385615981159856,0.9713410904215479,0.24104030436343482,0.9270549994991508,0.9006605163918293,1.5919186531034617,0.5209951728616454,0.5031447405965949,714.9518699844207,894.5903603525212,85.85714555429502
SPD,1469,8,284.9218115313189,125.64004840015198,146.55927485157954,0.9784841559738222,66.57202342149091,73.76491506457629,3.9656086560484742,0.9738926872678428,0.23154171086834724,0.9280207369055924,0.9038063856167987,1.9845720688070714,0.5503047229607894,0.537023231205436,806.9005353927752,992.5562986938928,90.05420922926795
