method,step,layer,matrix,T,a,b,b_over_a,coefficient_relation_residual,absolute_relation_residual,fit_residual,kfac_residual,between_share_of_C,independent_equal_query_b_in_causal_range,independent_equal_query_a_in_causal_range,causal_uniform_b_bound,source_json
M,10,1,block01.v,512,1.1596828234881102,45.6978840817441,39.40550222542174,0.24667149782064146,0.24667149782064146,0.6756297698454875,0.9756686537209509,0.013713758753991983,True,False,75.11167872987801,logs/muon_spectra/second_order_audit_20260926/marginals/M_lr0.007_s260925_l40s_step000010.json
M,10,2,block02.v,512,3.7481219350005834,38.76418948311763,10.342296796998841,2.8165126919304995,2.8165126919304995,0.38870545767299347,0.9776047050502302,0.18653122126963279,True,False,75.11167872987801,logs/muon_spectra/second_order_audit_20260926/marginals/M_lr0.007_s260925_l40s_step000010.json
M,10,3,block03.v,512,4.073674671268905,40.98524760432266,10.061001653712372,3.1457675871537756,3.1457675871537756,0.29281126057638057,0.9775603382721618,0.37962547279811615,True,False,75.11167872987801,logs/muon_spectra/second_order_audit_20260926/marginals/M_lr0.007_s260925_l40s_step000010.json
M,10,4,block04.v,512,2.585269510057025,44.4709486007247,17.201668308749664,1.6670774770309853,1.6670774770309853,0.23285373760613176,0.9786740179132929,0.509023781887902,True,False,75.11167872987801,logs/muon_spectra/second_order_audit_20260926/marginals/M_lr0.007_s260925_l40s_step000010.json
M,10,5,block05.v,512,-0.4364931358947971,47.27821246278404,-108.313759312309,-1.3433003515223776,1.3433003515223776,0.20972010012499556,0.9797476578804992,0.6194031879976084,True,False,75.11167872987801,logs/muon_spectra/second_order_audit_20260926/marginals/M_lr0.007_s260925_l40s_step000010.json
M,10,6,block06.v,512,-3.16198198392555,52.06849968110799,-16.467045019802985,-4.054109949423531,4.054109949423531,0.18281338312446246,0.981415853821827,0.6933137773227508,True,False,75.11167872987801,logs/muon_spectra/second_order_audit_20260926/marginals/M_lr0.007_s260925_l40s_step000010.json
M,10,7,block07.v,512,-4.641441854278641,57.888996483073214,-12.47220116087615,-5.519312091901001,5.519312091901001,0.1538951335241527,0.9831194356882057,0.7387027228193747,True,False,75.11167872987801,logs/muon_spectra/second_order_audit_20260926/marginals/M_lr0.007_s260925_l40s_step000010.json
M,10,8,block08.v,512,-7.40857752616186,59.085299904705806,-7.975255667644468,-8.278706671804697,8.278706671804697,0.1552343649752968,0.9834713460670734,0.766633095608915,True,False,75.11167872987801,logs/muon_spectra/second_order_audit_20260926/marginals/M_lr0.007_s260925_l40s_step000010.json
M,50,1,block01.v,512,1.6766541438821032,48.923993013769525,29.17953782674079,0.7689341026123522,0.7689341026123522,0.5166803896069947,0.9505294411200547,0.01713474307749,True,False,75.11167872987801,logs/muon_spectra/second_order_audit_20260926/marginals/M_lr0.007_s260925_l40s_step000050.json
M,50,2,block02.v,512,2.8988593370488687,22.35016581205126,7.709986313031815,1.9368501700078578,1.9368501700078578,0.4018576811183341,0.9298967062439986,0.11773018531133017,True,False,75.11167872987801,logs/muon_spectra/second_order_audit_20260926/marginals/M_lr0.007_s260925_l40s_step000050.json
M,50,3,block03.v,512,3.1838061994465874,19.07491493300707,5.991229911017414,2.2148435211918227,2.2148435211918227,0.3843791636063779,0.9196061521829765,0.15653872689935996,True,False,75.11167872987801,logs/muon_spectra/second_order_audit_20260926/marginals/M_lr0.007_s260925_l40s_step000050.json
M,50,4,block04.v,512,3.8204354048402847,19.943066681414695,5.220103095094321,2.851924919052344,2.851924919052344,0.36826947657707704,0.9244778834703479,0.17657918474372764,True,False,75.11167872987801,logs/muon_spectra/second_order_audit_20260926/marginals/M_lr0.007_s260925_l40s_step000050.json
M,50,5,block05.v,512,3.593972511305503,23.514117303428215,6.542653631729298,2.632879044102618,2.632879044102618,0.31505665562740653,0.9379722016101701,0.19486755990406895,True,False,75.11167872987801,logs/muon_spectra/second_order_audit_20260926/marginals/M_lr0.007_s260925_l40s_step000050.json
M,50,6,block06.v,512,3.3702908757531347,20.6884720625297,6.138482648892018,2.4041154483835574,2.4041154483835574,0.3713177052629832,0.9387120600757957,0.21921703357377095,True,False,75.11167872987801,logs/muon_spectra/second_order_audit_20260926/marginals/M_lr0.007_s260925_l40s_step000050.json
M,50,7,block07.v,512,3.2695951503435965,23.488957106170126,7.184056748953065,2.3090860916635703,2.3090860916635703,0.3324387737495698,0.9487180533527244,0.2453775413684244,True,False,75.11167872987801,logs/muon_spectra/second_order_audit_20260926/marginals/M_lr0.007_s260925_l40s_step000050.json
M,50,8,block08.v,512,3.149196210563226,20.223325108971192,6.421741853091555,2.182544118567929,2.182544118567929,0.3680483298517496,0.9461046497605917,0.27688161086860447,True,False,75.11167872987801,logs/muon_spectra/second_order_audit_20260926/marginals/M_lr0.007_s260925_l40s_step000050.json
M,100,1,block01.v,512,4.11230950625397,15.28023725286834,3.7157313255800095,3.134121865134076,3.134121865134076,0.6249559274692306,0.915655986466287,0.0365380462316961,True,False,75.11167872987801,logs/muon_spectra/second_order_audit_20260926/marginals/M_lr0.007_s260925_l40s_step000100.json
M,100,2,block02.v,512,7.934657883083507,6.551138098085569,0.8256358616358788,6.931955696003433,6.931955696003433,0.34063342000332253,0.8793000709704217,0.2769685807272526,True,False,75.11167872987801,logs/muon_spectra/second_order_audit_20260926/marginals/M_lr0.007_s260925_l40s_step000100.json
M,100,3,block03.v,512,8.12735580024193,8.682170952937541,1.0682651487558963,7.128439423587038,7.128439423587038,0.42218875630338476,0.9034204800874506,0.251559104387145,True,False,75.11167872987801,logs/muon_spectra/second_order_audit_20260926/marginals/M_lr0.007_s260925_l40s_step000100.json
M,100,4,block04.v,512,6.35394518498722,10.62016635564384,1.6714287023968404,5.362277648211158,5.362277648211158,0.4757634661353529,0.9123286496421071,0.2332801425107892,True,False,75.11167872987801,logs/muon_spectra/second_order_audit_20260926/marginals/M_lr0.007_s260925_l40s_step000100.json
M,100,5,block05.v,512,5.1007202591331025,15.192045544191428,2.978411826641402,4.120429878830482,4.120429878830482,0.4393191505628232,0.9298161218716173,0.2277476543726151,True,False,75.11167872987801,logs/muon_spectra/second_order_audit_20260926/marginals/M_lr0.007_s260925_l40s_step000100.json
M,100,6,block06.v,512,3.814803679409038,14.205567132122194,3.72380031213633,2.8350981392776182,2.8350981392776182,0.46467655450519985,0.9280601324609152,0.22991914867828878,True,False,75.11167872987801,logs/muon_spectra/second_order_audit_20260926/marginals/M_lr0.007_s260925_l40s_step000100.json
M,100,7,block07.v,512,3.5514963569601807,17.36213529909731,4.888681714419107,2.5784702611440427,2.5784702611440427,0.39756252810707615,0.9383752915353938,0.23579334058743903,True,False,75.11167872987801,logs/muon_spectra/second_order_audit_20260926/marginals/M_lr0.007_s260925_l40s_step000100.json
M,100,8,block08.v,512,2.8614194728202977,14.203877747035703,4.963927128459761,1.8835727116371248,1.8835727116371248,0.40954083415926884,0.928559955105649,0.24606229714867567,True,False,75.11167872987801,logs/muon_spectra/second_order_audit_20260926/marginals/M_lr0.007_s260925_l40s_step000100.json
M,200,1,block01.v,512,2.6780165190321896,7.410031192238453,2.766984870920949,1.6872587351907957,1.6872587351907957,0.5687217233019907,0.8352413196522802,0.03880345169899539,True,False,75.11167872987801,logs/muon_spectra/second_order_audit_20260926/marginals/M_lr0.007_s260925_l40s_step000200.json
M,200,2,block02.v,512,4.648028199122764,6.100455587524611,1.3124824820718533,3.6508649713657366,3.6508649713657366,0.3526121753413211,0.8430904255013704,0.17102155073475916,True,False,75.11167872987801,logs/muon_spectra/second_order_audit_20260926/marginals/M_lr0.007_s260925_l40s_step000200.json
M,200,3,block03.v,512,3.079157135093275,5.804133596212049,1.884974797181381,2.084479354743898,2.084479354743898,0.4155852868758144,0.8441545679044204,0.1919672586018463,True,False,75.11167872987801,logs/muon_spectra/second_order_audit_20260926/marginals/M_lr0.007_s260925_l40s_step000200.json
M,200,4,block04.v,512,2.9042015465404605,7.314903190174698,2.518731249519631,1.9128161981881835,1.9128161981881835,0.4025508552311168,0.8747630137980367,0.19477199204615064,True,False,75.11167872987801,logs/muon_spectra/second_order_audit_20260926/marginals/M_lr0.007_s260925_l40s_step000200.json
M,200,5,block05.v,512,2.8564758885634576,8.468500823492644,2.964667357213897,1.8674368747644912,1.8674368747644912,0.4177911604433545,0.8930407018791181,0.20442520160714683,True,False,75.11167872987801,logs/muon_spectra/second_order_audit_20260926/marginals/M_lr0.007_s260925_l40s_step000200.json
M,200,6,block06.v,512,2.68561040161183,9.239296750518122,3.4402967552452686,1.6984105702620376,1.6984105702620376,0.39928863310310664,0.8996205268786732,0.21697514677021812,True,False,75.11167872987801,logs/muon_spectra/second_order_audit_20260926/marginals/M_lr0.007_s260925_l40s_step000200.json
M,200,7,block07.v,512,2.7290179388663303,10.199392447329034,3.73738563681483,1.7436085140781716,1.7436085140781716,0.40164519672671656,0.9076578548633537,0.21887344222274868,True,False,75.11167872987801,logs/muon_spectra/second_order_audit_20260926/marginals/M_lr0.007_s260925_l40s_step000200.json
M,200,8,block08.v,512,2.5039580308318907,11.313502780221397,4.518247766502184,1.521164172920542,1.521164172920542,0.37300747792662686,0.9122682537975116,0.2223319929797236,True,False,75.11167872987801,logs/muon_spectra/second_order_audit_20260926/marginals/M_lr0.007_s260925_l40s_step000200.json
M,500,1,block01.v,512,2.6816252993865928,8.305205856392119,3.0970791699690072,1.6926088551619944,1.6926088551619944,0.5404579868617173,0.8608877686541485,0.05143594685905056,True,False,75.11167872987801,logs/muon_spectra/second_order_audit_20260926/marginals/M_lr0.007_s260925_l40s_step000500.json
M,500,2,block02.v,512,3.6329937016280502,4.535932364428381,1.248538460827966,2.634757253703832,2.634757253703832,0.29797281490066513,0.7874488650837494,0.19730142465628217,True,False,75.11167872987801,logs/muon_spectra/second_order_audit_20260926/marginals/M_lr0.007_s260925_l40s_step000500.json
M,500,3,block03.v,512,2.7805290221568764,3.8560692691104457,1.386811372362251,1.782629686701708,1.782629686701708,0.49980108386053407,0.8061965340021058,0.24189852908000717,True,False,75.11167872987801,logs/muon_spectra/second_order_audit_20260926/marginals/M_lr0.007_s260925_l40s_step000500.json
M,500,4,block04.v,512,2.715128169361341,5.0655309273711575,1.8656691733866413,1.7197187997480787,1.7197187997480787,0.5363251959360137,0.8597034948436659,0.2501935464605122,True,False,75.11167872987801,logs/muon_spectra/second_order_audit_20260926/marginals/M_lr0.007_s260925_l40s_step000500.json
M,500,5,block05.v,512,2.5349704796064616,5.883795864047734,2.3210510384172824,1.5415111541854483,1.5415111541854483,0.5969503292884022,0.8912009539840201,0.2603914689302352,True,False,75.11167872987801,logs/muon_spectra/second_order_audit_20260926/marginals/M_lr0.007_s260925_l40s_step000500.json
M,500,6,block06.v,512,2.2845869529464777,5.093511807552429,2.2295110286711672,1.29007313430313,1.29007313430313,0.6346530522771807,0.8843232954222356,0.2634663273677457,True,False,75.11167872987801,logs/muon_spectra/second_order_audit_20260926/marginals/M_lr0.007_s260925_l40s_step000500.json
M,500,7,block07.v,512,2.0625237049101046,5.469464067162539,2.651830887636235,1.069177885305129,1.069177885305129,0.6557961048834018,0.8957118301219921,0.2477046316643473,True,False,75.11167872987801,logs/muon_spectra/second_order_audit_20260926/marginals/M_lr0.007_s260925_l40s_step000500.json
M,500,8,block08.v,512,2.2298783633768773,7.917779108239641,3.5507672697667396,1.2409875445191871,1.2409875445191871,0.5352963726270967,0.9053412180860241,0.24407187081499346,True,False,75.11167872987801,logs/muon_spectra/second_order_audit_20260926/marginals/M_lr0.007_s260925_l40s_step000500.json
M,900,1,block01.v,512,2.8627964405172133,9.878938750233432,3.4508002771054977,1.8764998434658775,1.8764998434658775,0.48240252800884925,0.886658464372557,0.0680165709362697,True,False,75.11167872987801,logs/muon_spectra/second_order_audit_20260926/marginals/M_lr0.007_s260925_l40s_step000900.json
M,900,2,block02.v,512,3.4004350371031684,4.23640839732683,1.2458430615795053,2.4020677975723554,2.4020677975723554,0.3352472896583314,0.7825087766920847,0.23258854694018471,True,False,75.11167872987801,logs/muon_spectra/second_order_audit_20260926/marginals/M_lr0.007_s260925_l40s_step000900.json
M,900,3,block03.v,512,2.4054652461343466,3.247859081677596,1.3501999610665758,1.4071105465943923,1.4071105465943923,0.596504115690435,0.8104768614003377,0.2931477922566433,True,False,75.11167872987801,logs/muon_spectra/second_order_audit_20260926/marginals/M_lr0.007_s260925_l40s_step000900.json
M,900,4,block04.v,512,2.431225299605377,4.140480023767548,1.7030425047154651,1.4345636877385064,1.4345636877385064,0.591697185152196,0.8476335280344457,0.29352694171581956,True,False,75.11167872987801,logs/muon_spectra/second_order_audit_20260926/marginals/M_lr0.007_s260925_l40s_step000900.json
M,900,5,block05.v,512,2.097283993988448,4.030750852574555,1.9218908188533845,1.101060296446624,1.101060296446624,0.7237908096304697,0.888669553075415,0.3022119882795267,True,False,75.11167872987801,logs/muon_spectra/second_order_audit_20260926/marginals/M_lr0.007_s260925_l40s_step000900.json
M,900,6,block06.v,512,1.8552058745347475,2.9451923725565967,1.5875285934479904,0.8573347544136964,0.8573347544136964,0.7748289097026723,0.8781978268181551,0.29363089632971395,True,False,75.11167872987801,logs/muon_spectra/second_order_audit_20260926/marginals/M_lr0.007_s260925_l40s_step000900.json
M,900,7,block07.v,512,1.738967713246391,3.535217715278132,2.0329403981160827,0.7424760140316091,0.7424760140316091,0.7986759216277396,0.9049872371110563,0.26786147480606987,True,False,75.11167872987801,logs/muon_spectra/second_order_audit_20260926/marginals/M_lr0.007_s260925_l40s_step000900.json
M,900,8,block08.v,512,1.7647828436232866,4.922734668042258,2.7894279944014873,0.770950718280355,0.770950718280355,0.7279696813949884,0.9057841782969123,0.26675258301674837,True,False,75.11167872987801,logs/muon_spectra/second_order_audit_20260926/marginals/M_lr0.007_s260925_l40s_step000900.json
M,1300,1,block01.v,512,3.0921488382673727,10.67908510535361,3.4536128963757884,2.1069670731640255,2.1069670731640255,0.4460003340034521,0.8977276420428162,0.08137824926733377,True,False,75.11167872987801,logs/muon_spectra/second_order_audit_20260926/marginals/M_lr0.007_s260925_l40s_step001300.json
M,1300,2,block02.v,512,3.032425183409934,3.8032064860429227,1.254179825062082,2.033930615641639,2.033930615641639,0.42940937517285294,0.7826380207412927,0.2623662179578687,True,False,75.11167872987801,logs/muon_spectra/second_order_audit_20260926/marginals/M_lr0.007_s260925_l40s_step001300.json
M,1300,3,block03.v,512,1.9837936309904096,2.746227091073701,1.3843310353318588,0.9852827588421349,0.9852827588421349,0.6792595555759955,0.8208997862884363,0.33743417301135725,True,False,75.11167872987801,logs/muon_spectra/second_order_audit_20260926/marginals/M_lr0.007_s260925_l40s_step001300.json
M,1300,4,block04.v,512,2.1556851834873902,3.6281583512104656,1.683065031481527,1.1585611076430995,1.1585611076430995,0.6229802698884419,0.8396696714000952,0.3361816395336642,True,False,75.11167872987801,logs/muon_spectra/second_order_audit_20260926/marginals/M_lr0.007_s260925_l40s_step001300.json
M,1300,5,block05.v,512,1.8690035967022058,3.389299327354073,1.8134257918681258,0.8719729243011352,0.8719729243011352,0.7525063236469901,0.8827966858772337,0.3384203743542971,True,False,75.11167872987801,logs/muon_spectra/second_order_audit_20260926/marginals/M_lr0.007_s260925_l40s_step001300.json
M,1300,6,block06.v,512,1.7200012882727738,2.4955850761905056,1.4509204691913768,0.7215161003585506,0.7215161003585506,0.7993182222214694,0.8753661007244379,0.32344321936771675,True,False,75.11167872987801,logs/muon_spectra/second_order_audit_20260926/marginals/M_lr0.007_s260925_l40s_step001300.json
M,1300,7,block07.v,512,1.5664368557504667,2.8622132611759126,1.8272126646334879,0.5689676690423133,0.5689676690423133,0.8418590436538144,0.9102456399256879,0.2925034911895506,True,False,75.11167872987801,logs/muon_spectra/second_order_audit_20260926/marginals/M_lr0.007_s260925_l40s_step001300.json
M,1300,8,block08.v,512,1.575187160343558,3.848396616726257,2.4431361006566976,0.5796270225630555,0.5796270225630555,0.797289626837194,0.9108216266084564,0.2929900100545996,True,False,75.11167872987801,logs/muon_spectra/second_order_audit_20260926/marginals/M_lr0.007_s260925_l40s_step001300.json
M,1469,1,block01.v,512,3.217339413607821,10.521498045140982,3.2702480815794663,2.231605348435034,2.231605348435034,0.4336063258984153,0.8964343179252278,0.08507241117343813,True,False,75.11167872987801,logs/muon_spectra/second_order_audit_20260926/marginals/M_lr0.007_s260925_l40s_step001469.json
M,1469,2,block02.v,512,3.210669827925161,3.944794441677763,1.2286515441006953,2.2121036650613966,2.2121036650613966,0.42833739538208754,0.7899771971878893,0.271811492003171,True,False,75.11167872987801,logs/muon_spectra/second_order_audit_20260926/marginals/M_lr0.007_s260925_l40s_step001469.json
M,1469,3,block03.v,512,2.0536747857422735,2.789637796411777,1.3583639511859222,1.0551122134974875,1.0551122134974875,0.6780363232965805,0.8225646465047642,0.3479940869096536,True,False,75.11167872987801,logs/muon_spectra/second_order_audit_20260926/marginals/M_lr0.007_s260925_l40s_step001469.json
M,1469,4,block04.v,512,2.2556983034038534,3.6508738838137824,1.6185116060532592,1.2584232557093413,1.2584232557093413,0.6138779977652459,0.837385068423337,0.348632413972123,True,False,75.11167872987801,logs/muon_spectra/second_order_audit_20260926/marginals/M_lr0.007_s260925_l40s_step001469.json
M,1469,5,block05.v,512,1.8586723831018999,3.136601647036029,1.687549497992443,0.8611683386955213,0.8611683386955213,0.76763077954403,0.8818256269650604,0.3531323613449506,True,False,75.11167872987801,logs/muon_spectra/second_order_audit_20260926/marginals/M_lr0.007_s260925_l40s_step001469.json
M,1469,6,block06.v,512,1.7093461946854345,2.319326808930294,1.3568502484408154,0.7105375630726316,0.7105375630726316,0.8096182898206016,0.8746695501590958,0.3346043015548681,True,False,75.11167872987801,logs/muon_spectra/second_order_audit_20260926/marginals/M_lr0.007_s260925_l40s_step001469.json
M,1469,7,block07.v,512,1.539455287239219,2.535308497092449,1.6468867385158958,0.5414003130397138,0.5414003130397138,0.8650433599482964,0.9152929316777374,0.2985949089220567,True,False,75.11167872987801,logs/muon_spectra/second_order_audit_20260926/marginals/M_lr0.007_s260925_l40s_step001469.json
M,1469,8,block08.v,512,1.5116747925508707,3.236945007599636,2.1412972046305434,0.5150444609396378,0.5150444609396378,0.8371415904122467,0.9158117503987753,0.2940846558135855,True,False,75.11167872987801,logs/muon_spectra/second_order_audit_20260926/marginals/M_lr0.007_s260925_l40s_step001469.json
PD,10,1,block01.v,512,1.1722330858236483,45.354444949882335,38.6906371253076,0.25852646837063786,0.25852646837063786,0.65320376675453,0.9747456357455003,0.013986573466983105,True,False,75.11167872987801,logs/muon_spectra/second_order_audit_20260926/marginals/PD_a0.25_lr0.01_s260925_ada_step000010.json
PD,10,2,block02.v,512,3.871055576114333,37.7015051293325,9.73933450141171,2.937130672897962,2.937130672897962,0.38114737603443255,0.9768269934666955,0.19135019557213703,True,False,75.11167872987801,logs/muon_spectra/second_order_audit_20260926/marginals/PD_a0.25_lr0.01_s260925_ada_step000010.json
PD,10,3,block03.v,512,4.029906412559694,38.994358310375794,9.676244140272123,3.0981963576726166,3.0981963576726166,0.30275941848869814,0.9765671538956617,0.37952837024911457,True,False,75.11167872987801,logs/muon_spectra/second_order_audit_20260926/marginals/PD_a0.25_lr0.01_s260925_ada_step000010.json
PD,10,4,block04.v,512,2.6628687162054714,42.13802492671534,15.824296808278662,1.7399686306791238,1.7399686306791238,0.2456577076347462,0.9776347551308315,0.5095813053266514,True,False,75.11167872987801,logs/muon_spectra/second_order_audit_20260926/marginals/PD_a0.25_lr0.01_s260925_ada_step000010.json
PD,10,5,block05.v,512,-0.6657361088188142,44.443855317520715,-66.75896759810048,-1.5776314380642447,1.5776314380642447,0.2281000302527189,0.9786334140900543,0.622019366083472,True,False,75.11167872987801,logs/muon_spectra/second_order_audit_20260926/marginals/PD_a0.25_lr0.01_s260925_ada_step000010.json
PD,10,6,block06.v,512,-4.637449132998857,48.88287625659533,-10.540897561281644,-5.532917247472306,5.532917247472306,0.20400116548431035,0.9803690607129584,0.6995040935722864,True,False,75.11167872987801,logs/muon_spectra/second_order_audit_20260926/marginals/PD_a0.25_lr0.01_s260925_ada_step000010.json
PD,10,7,block07.v,512,-6.3043959945499735,55.143715850876504,-8.746867407844807,-7.184380151101875,7.184380151101875,0.17135878193484863,0.9823795745767573,0.7478828645460264,True,False,75.11167872987801,logs/muon_spectra/second_order_audit_20260926/marginals/PD_a0.25_lr0.01_s260925_ada_step000010.json
PD,10,8,block08.v,512,-9.50820786577275,56.5355426357621,-5.945972514891727,-10.37921616557444,10.37921616557444,0.17194202585802065,0.9828216165715132,0.7809763321505356,True,False,75.11167872987801,logs/muon_spectra/second_order_audit_20260926/marginals/PD_a0.25_lr0.01_s260925_ada_step000010.json
PD,50,1,block01.v,512,1.5522966338660573,58.26623516922669,37.53550313647997,0.6630660450679335,0.6630660450679335,0.40621991703891847,0.9797868791970878,0.03801049574191945,True,False,75.11167872987801,logs/muon_spectra/second_order_audit_20260926/marginals/PD_a0.25_lr0.01_s260925_ada_step000050.json
PD,50,2,block02.v,512,2.2013754584190894,30.384658735642983,13.802579028233387,1.2564209335699172,1.2564209335699172,0.3120237919327384,0.9673380207614763,0.2356854306865313,True,False,75.11167872987801,logs/muon_spectra/second_order_audit_20260926/marginals/PD_a0.25_lr0.01_s260925_ada_step000050.json
PD,50,3,block03.v,512,2.2930540364062373,23.29844145590733,10.160441527327261,1.3340801837099505,1.3340801837099505,0.2896144774776814,0.956223019118669,0.28641380963571045,True,False,75.11167872987801,logs/muon_spectra/second_order_audit_20260926/marginals/PD_a0.25_lr0.01_s260925_ada_step000050.json
PD,50,4,block04.v,512,2.7106752730575754,25.98487587129211,9.586126427449868,1.7561326961010022,1.7561326961010022,0.3037303501275742,0.959955857750563,0.28223069772839576,True,False,75.11167872987801,logs/muon_spectra/second_order_audit_20260926/marginals/PD_a0.25_lr0.01_s260925_ada_step000050.json
PD,50,5,block05.v,512,2.842280907135831,24.4074680200912,8.587282122190599,1.8844004132158223,1.8844004132158223,0.29161586249846166,0.9564226448808258,0.2831834217337065,True,False,75.11167872987801,logs/muon_spectra/second_order_audit_20260926/marginals/PD_a0.25_lr0.01_s260925_ada_step000050.json
PD,50,6,block06.v,512,2.8000961196166343,21.718685957949,7.756407291090614,1.837046490394627,1.837046490394627,0.32012196317353586,0.9513495202576575,0.28490296021718814,True,False,75.11167872987801,logs/muon_spectra/second_order_audit_20260926/marginals/PD_a0.25_lr0.01_s260925_ada_step000050.json
PD,50,7,block07.v,512,3.1486819504449883,25.345323085630273,8.049502453573737,2.192034765162147,2.192034765162147,0.27232991367526,0.9566481087294479,0.2845787871029115,True,False,75.11167872987801,logs/muon_spectra/second_order_audit_20260926/marginals/PD_a0.25_lr0.01_s260925_ada_step000050.json
PD,50,8,block08.v,512,3.083749114060187,25.654838208135047,8.319366219243712,2.1278332724470523,2.1278332724470523,0.23321085183034865,0.9561353434003226,0.28873570994927034,True,False,75.11167872987801,logs/muon_spectra/second_order_audit_20260926/marginals/PD_a0.25_lr0.01_s260925_ada_step000050.json
PD,100,1,block01.v,512,3.0076818504839684,26.02957613351416,8.654364865527821,2.0526464877555117,2.0526464877555117,0.5309149739032402,0.9573898225451489,0.05167762327346438,True,False,75.11167872987801,logs/muon_spectra/second_order_audit_20260926/marginals/PD_a0.25_lr0.01_s260925_ada_step000100.json
PD,100,2,block02.v,512,11.259428087961574,11.222402357219906,0.9967115798020634,10.25935577208122,10.25935577208122,0.23531567484707328,0.9161894052146103,0.27544159984238975,True,False,75.11167872987801,logs/muon_spectra/second_order_audit_20260926/marginals/PD_a0.25_lr0.01_s260925_ada_step000100.json
PD,100,3,block03.v,512,9.370073574185817,8.659977145756308,0.9242165578735906,8.36868666709904,8.36868666709904,0.2363291099466591,0.8958159062244555,0.2795083907757581,True,False,75.11167872987801,logs/muon_spectra/second_order_audit_20260926/marginals/PD_a0.25_lr0.01_s260925_ada_step000100.json
PD,100,4,block04.v,512,9.763772469539935,10.474877575765586,1.0728309788500383,8.765161346700532,8.765161346700532,0.31283999194212975,0.9117397347684969,0.2730495203077474,True,False,75.11167872987801,logs/muon_spectra/second_order_audit_20260926/marginals/PD_a0.25_lr0.01_s260925_ada_step000100.json
PD,100,5,block05.v,512,9.125960415092583,11.616215234630895,1.2728759173028965,8.130824194036993,8.130824194036993,0.37352890608225847,0.9205153859534227,0.2687655344469594,True,False,75.11167872987801,logs/muon_spectra/second_order_audit_20260926/marginals/PD_a0.25_lr0.01_s260925_ada_step000100.json
PD,100,6,block06.v,512,7.785518612426213,14.329364392146102,1.8405150774767234,6.798299561214728,6.798299561214728,0.4582350945894873,0.9377145673534593,0.2642949271725619,True,False,75.11167872987801,logs/muon_spectra/second_order_audit_20260926/marginals/PD_a0.25_lr0.01_s260925_ada_step000100.json
PD,100,7,block07.v,512,5.489396243434886,17.281912780940644,3.1482356191009475,4.512428502297202,4.512428502297202,0.4449738053011626,0.945766095292957,0.2557287642452707,True,False,75.11167872987801,logs/muon_spectra/second_order_audit_20260926/marginals/PD_a0.25_lr0.01_s260925_ada_step000100.json
PD,100,8,block08.v,512,3.578204996178468,20.101705508408987,5.61781829992347,2.610477458116418,2.610477458116418,0.3750618329150246,0.9497170972624781,0.2532255088279307,True,False,75.11167872987801,logs/muon_spectra/second_order_audit_20260926/marginals/PD_a0.25_lr0.01_s260925_ada_step000100.json
PD,200,1,block01.v,512,2.7025789165064147,11.477674539872904,4.246934093125366,1.7197177751458024,1.7197177751458024,0.49034523140601294,0.904066080487723,0.06701199096376531,True,False,75.11167872987801,logs/muon_spectra/second_order_audit_20260926/marginals/PD_a0.25_lr0.01_s260925_ada_step000200.json
PD,200,2,block02.v,512,6.90185601174746,7.7996906916536055,1.1300859766384528,5.903609595106652,5.903609595106652,0.27173514432040036,0.8758048807560479,0.226773183948583,True,False,75.11167872987801,logs/muon_spectra/second_order_audit_20260926/marginals/PD_a0.25_lr0.01_s260925_ada_step000200.json
PD,200,3,block03.v,512,5.370946372888168,5.803977976279894,1.0806248235092446,4.3717921377385425,4.3717921377385425,0.26795736304446527,0.8356041995008092,0.22614534150544113,True,False,75.11167872987801,logs/muon_spectra/second_order_audit_20260926/marginals/PD_a0.25_lr0.01_s260925_ada_step000200.json
PD,200,4,block04.v,512,4.577937746453132,6.7300508109301855,1.4701053582793815,3.582141092282188,3.582141092282188,0.36660657581163786,0.8596746422854521,0.21784280387025834,True,False,75.11167872987801,logs/muon_spectra/second_order_audit_20260926/marginals/PD_a0.25_lr0.01_s260925_ada_step000200.json
PD,200,5,block05.v,512,3.751337223394221,8.189133559327164,2.1829905102260074,2.76000479436284,2.76000479436284,0.41560492453476006,0.8871091709066022,0.20723144778659955,True,False,75.11167872987801,logs/muon_spectra/second_order_audit_20260926/marginals/PD_a0.25_lr0.01_s260925_ada_step000200.json
PD,200,6,block06.v,512,3.088996450046693,9.988169366308844,3.23346741501042,2.1024713971487676,2.1024713971487676,0.5056611261570241,0.9147020810632877,0.19663131393142583,True,False,75.11167872987801,logs/muon_spectra/second_order_audit_20260926/marginals/PD_a0.25_lr0.01_s260925_ada_step000200.json
PD,200,7,block07.v,512,3.1845775305483732,11.918303951330996,3.742507078883617,2.2016355899639644,2.2016355899639644,0.5070768141917941,0.9281413226089428,0.20333794827708832,True,False,75.11167872987801,logs/muon_spectra/second_order_audit_20260926/marginals/PD_a0.25_lr0.01_s260925_ada_step000200.json
PD,200,8,block08.v,512,2.961357826248551,12.538776394825772,4.234130804351293,1.9800637218903034,1.9800637218903034,0.45691405294594095,0.9263693259351322,0.2108426209579791,True,False,75.11167872987801,logs/muon_spectra/second_order_audit_20260926/marginals/PD_a0.25_lr0.01_s260925_ada_step000200.json
PD,500,1,block01.v,512,4.562002869314226,18.361523178604024,4.0248819881527576,3.588955057418307,3.588955057418307,0.40493288859224,0.943389607114568,0.11854870629226978,True,False,75.11167872987801,logs/muon_spectra/second_order_audit_20260926/marginals/PD_a0.25_lr0.01_s260925_ada_step000500.json
PD,500,2,block02.v,512,5.819517180975596,7.37657754933128,1.267558342029786,4.82255831450754,4.82255831450754,0.24476754198794887,0.868101920613176,0.31107029176415624,True,False,75.11167872987801,logs/muon_spectra/second_order_audit_20260926/marginals/PD_a0.25_lr0.01_s260925_ada_step000500.json
PD,500,3,block03.v,512,3.979753178694826,4.5740509617543035,1.1493303117994818,2.980913916552364,2.980913916552364,0.23368617097970443,0.7898997643211696,0.33393295939873013,True,False,75.11167872987801,logs/muon_spectra/second_order_audit_20260926/marginals/PD_a0.25_lr0.01_s260925_ada_step000500.json
PD,500,4,block04.v,512,3.9175717031566113,5.770323985928883,1.4729338537133612,2.9211903599589006,2.9211903599589006,0.355242346079686,0.8457063526755642,0.34894986501474473,True,False,75.11167872987801,logs/muon_spectra/second_order_audit_20260926/marginals/PD_a0.25_lr0.01_s260925_ada_step000500.json
PD,500,5,block05.v,512,3.575359631635111,6.498399496347754,1.8175512859879372,2.581068693870878,2.581068693870878,0.3479048669266496,0.8620629206948457,0.3439315525034934,True,False,75.11167872987801,logs/muon_spectra/second_order_audit_20260926/marginals/PD_a0.25_lr0.01_s260925_ada_step000500.json
PD,500,6,block06.v,512,4.113494189977232,6.830341077881525,1.6604717941559388,3.118800531555171,3.118800531555171,0.5759390945704944,0.9020879874017516,0.3325341909320131,True,False,75.11167872987801,logs/muon_spectra/second_order_audit_20260926/marginals/PD_a0.25_lr0.01_s260925_ada_step000500.json
PD,500,7,block07.v,512,3.6854761174688475,9.47733543206344,2.5715362493170595,2.696788342692665,2.696788342692665,0.49203715075894355,0.9175184036043592,0.3102131050180489,True,False,75.11167872987801,logs/muon_spectra/second_order_audit_20260926/marginals/PD_a0.25_lr0.01_s260925_ada_step000500.json
PD,500,8,block08.v,512,2.713263379873344,9.19112728745575,3.3874806830897466,1.725915457817841,1.725915457817841,0.5411952343237122,0.9187906315285439,0.27708352357853683,True,False,75.11167872987801,logs/muon_spectra/second_order_audit_20260926/marginals/PD_a0.25_lr0.01_s260925_ada_step000500.json
PD,900,1,block01.v,512,6.115066358798744,19.997419783810958,3.270188516439794,5.142180330331971,5.142180330331971,0.3482644808248927,0.9486860500186763,0.16478858612069439,True,False,75.11167872987801,logs/muon_spectra/second_order_audit_20260926/marginals/PD_a0.25_lr0.01_s260925_ada_step000900.json
PD,900,2,block02.v,512,5.779806113822501,7.521986271920127,1.3014253633752824,4.783208809443786,4.783208809443786,0.20684993045548014,0.8701560566862442,0.4132921903662722,True,False,75.11167872987801,logs/muon_spectra/second_order_audit_20260926/marginals/PD_a0.25_lr0.01_s260925_ada_step000900.json
PD,900,3,block03.v,512,3.981486934834852,4.78817428274521,1.2026095680115094,2.983062496061239,2.983062496061239,0.20090546826144612,0.797730094274836,0.45949945628196,True,False,75.11167872987801,logs/muon_spectra/second_order_audit_20260926/marginals/PD_a0.25_lr0.01_s260925_ada_step000900.json
PD,900,4,block04.v,512,4.029686687474596,5.863049658119069,1.4549641480423483,3.033267474526636,3.033267474526636,0.3118588645270576,0.845462338741361,0.4867378528644701,True,False,75.11167872987801,logs/muon_spectra/second_order_audit_20260926/marginals/PD_a0.25_lr0.01_s260925_ada_step000900.json
PD,900,5,block05.v,512,3.900168062375076,6.731097350610016,1.7258480257671243,2.90569722114116,2.90569722114116,0.2799972984663682,0.8623107039507988,0.4791351104528142,True,False,75.11167872987801,logs/muon_spectra/second_order_audit_20260926/marginals/PD_a0.25_lr0.01_s260925_ada_step000900.json
PD,900,6,block06.v,512,4.004527070541249,5.833956212311491,1.456840248434874,3.0081001743337694,3.0081001743337694,0.5120234339985636,0.8755755119084998,0.45989148101034544,True,False,75.11167872987801,logs/muon_spectra/second_order_audit_20260926/marginals/PD_a0.25_lr0.01_s260925_ada_step000900.json
PD,900,7,block07.v,512,3.6643839246503274,7.29273507396347,1.9901667576110702,2.6714705479888297,2.6714705479888297,0.49620198492862677,0.8966907938804907,0.41844721226025544,True,False,75.11167872987801,logs/muon_spectra/second_order_audit_20260926/marginals/PD_a0.25_lr0.01_s260925_ada_step000900.json
PD,900,8,block08.v,512,2.560322846160507,7.406687599758709,2.8928725183489545,1.5697884023198787,1.5697884023198787,0.5633761322993626,0.9067767786553856,0.362165743761706,True,False,75.11167872987801,logs/muon_spectra/second_order_audit_20260926/marginals/PD_a0.25_lr0.01_s260925_ada_step000900.json
PD,1300,1,block01.v,512,7.391520400516784,19.97981836177558,2.7030728834055133,6.416106919972368,6.416106919972368,0.32640484777636664,0.9494352867324589,0.19719119528842305,True,False,75.11167872987801,logs/muon_spectra/second_order_audit_20260926/marginals/PD_a0.25_lr0.01_s260925_ada_step001300.json
PD,1300,2,block02.v,512,5.790705524894506,7.549394451623922,1.3037089209887693,4.794140464204524,4.794140464204524,0.18402591368217724,0.8705619198587841,0.5011256520774577,True,False,75.11167872987801,logs/muon_spectra/second_order_audit_20260926/marginals/PD_a0.25_lr0.01_s260925_ada_step001300.json
PD,1300,3,block03.v,512,4.077186377306529,4.993545311921862,1.2247527706154795,3.0789761408507,3.0789761408507,0.16946571443243022,0.8045639366250105,0.5584028422293479,True,False,75.11167872987801,logs/muon_spectra/second_order_audit_20260926/marginals/PD_a0.25_lr0.01_s260925_ada_step001300.json
PD,1300,4,block04.v,512,3.9494366215098715,5.822084921848834,1.4741558049418826,2.953094137721471,2.953094137721471,0.2673421170982287,0.8405761175929214,0.590218477476393,True,False,75.11167872987801,logs/muon_spectra/second_order_audit_20260926/marginals/PD_a0.25_lr0.01_s260925_ada_step001300.json
PD,1300,5,block05.v,512,3.8437148148127727,6.704459662111997,1.7442656349723415,2.849302207092654,2.849302207092654,0.24645186502499472,0.8597534442403858,0.5805152703804024,True,False,75.11167872987801,logs/muon_spectra/second_order_audit_20260926/marginals/PD_a0.25_lr0.01_s260925_ada_step001300.json
PD,1300,6,block06.v,512,3.629341286627606,5.413797194583133,1.4916748707349177,2.6328265520728316,2.6328265520728316,0.44058965737613043,0.8535585652639643,0.5635938080920558,True,False,75.11167872987801,logs/muon_spectra/second_order_audit_20260926/marginals/PD_a0.25_lr0.01_s260925_ada_step001300.json
PD,1300,7,block07.v,512,3.4619804006100825,6.482009460989788,1.8723414667071787,2.4678788948686363,2.4678788948686363,0.4373320556474618,0.8762054121255586,0.5167527440288113,True,False,75.11167872987801,logs/muon_spectra/second_order_audit_20260926/marginals/PD_a0.25_lr0.01_s260925_ada_step001300.json
PD,1300,8,block08.v,512,2.33634611047075,6.800384202205211,2.9106921152341605,1.345064934868669,1.345064934868669,0.500612748233554,0.8899626562781129,0.45117553949899686,True,False,75.11167872987801,logs/muon_spectra/second_order_audit_20260926/marginals/PD_a0.25_lr0.01_s260925_ada_step001300.json
PD,1469,1,block01.v,512,7.250176189041081,18.57613684053501,2.5621635055729475,6.27229720593853,6.27229720593853,0.3187326994154134,0.9457241337431359,0.20483104573102598,True,False,75.11167872987801,logs/muon_spectra/second_order_audit_20260926/marginals/PD_a0.25_lr0.01_s260925_ada_step001469.json
PD,1469,2,block02.v,512,5.781244074106561,7.587290413400327,1.3123975248481226,4.784771508362994,4.784771508362994,0.18271115423419945,0.871242373324584,0.5208416487610877,True,False,75.11167872987801,logs/muon_spectra/second_order_audit_20260926/marginals/PD_a0.25_lr0.01_s260925_ada_step001469.json
PD,1469,3,block03.v,512,4.156722029601523,5.146076948229009,1.2380132497631382,3.158654363426968,3.158654363426968,0.17326144666673213,0.8106243803984193,0.5740040867355277,True,False,75.11167872987801,logs/muon_spectra/second_order_audit_20260926/marginals/PD_a0.25_lr0.01_s260925_ada_step001469.json
PD,1469,4,block04.v,512,3.914281991101181,5.809558070081086,1.484195079273458,2.9179837021929385,2.9179837021929385,0.26533301078662064,0.8400750003127283,0.6068016668405756,True,False,75.11167872987801,logs/muon_spectra/second_order_audit_20260926/marginals/PD_a0.25_lr0.01_s260925_ada_step001469.json
PD,1469,5,block05.v,512,3.8744212302150305,6.704586451864659,1.7304743220944396,2.8799488966635653,2.8799488966635653,0.23990752431007445,0.8593110395307019,0.5999542396199827,True,False,75.11167872987801,logs/muon_spectra/second_order_audit_20260926/marginals/PD_a0.25_lr0.01_s260925_ada_step001469.json
PD,1469,6,block06.v,512,3.3185039333099557,5.124595659696556,1.5442487827896474,2.3220314562130544,2.3220314562130544,0.4304866209505057,0.8437338329009756,0.5865715778971784,True,False,75.11167872987801,logs/muon_spectra/second_order_audit_20260926/marginals/PD_a0.25_lr0.01_s260925_ada_step001469.json
PD,1469,7,block07.v,512,3.1451721231089365,5.817446713684114,1.8496433536787455,2.1503914094186536,2.1503914094186536,0.4460312063733289,0.8639581742646965,0.5399230739333374,True,False,75.11167872987801,logs/muon_spectra/second_order_audit_20260926/marginals/PD_a0.25_lr0.01_s260925_ada_step001469.json
PD,1469,8,block08.v,512,2.106885241613095,6.200538484419855,2.9429882377801153,1.114880658102952,1.114880658102952,0.5089803564209447,0.8812604753027233,0.46828892200717226,True,False,75.11167872987801,logs/muon_spectra/second_order_audit_20260926/marginals/PD_a0.25_lr0.01_s260925_ada_step001469.json
SPD,10,1,block01.v,512,1.1371956288153469,44.5410830971755,39.16747652607087,0.22196884652698778,0.22196884652698778,0.6819427910451076,0.9768481860390387,0.01437907895674404,True,False,75.11167872987801,logs/muon_spectra/second_order_audit_20260926/marginals/SPD_a0.25_lr0.01_s260925_ada_step000010.json
SPD,10,2,block02.v,512,3.087598808884369,37.55446028853631,12.162998696746397,2.1549168977118143,2.1549168977118143,0.395932809397544,0.9770032071662496,0.1753348144564499,True,False,75.11167872987801,logs/muon_spectra/second_order_audit_20260926/marginals/SPD_a0.25_lr0.01_s260925_ada_step000010.json
SPD,10,3,block03.v,512,2.5522997012829736,39.09983463870243,15.319452734742702,1.6236816054576213,1.6236816054576213,0.3101411006394233,0.9766876620133698,0.32376574920025575,True,False,75.11167872987801,logs/muon_spectra/second_order_audit_20260926/marginals/SPD_a0.25_lr0.01_s260925_ada_step000010.json
SPD,10,4,block04.v,512,1.2646726456136288,42.14641870323287,33.32595106679413,0.3445198058824164,0.3445198058824164,0.2509067251533787,0.9776528964059239,0.4102872768371385,True,False,75.11167872987801,logs/muon_spectra/second_order_audit_20260926/marginals/SPD_a0.25_lr0.01_s260925_ada_step000010.json
SPD,10,5,block05.v,512,-0.2233058334947393,44.875337735011435,-200.95909288490944,-1.1352225452750007,1.1352225452750007,0.22224519335417664,0.9787380585697747,0.4908970507815704,True,False,75.11167872987801,logs/muon_spectra/second_order_audit_20260926/marginals/SPD_a0.25_lr0.01_s260925_ada_step000010.json
SPD,10,6,block06.v,512,-1.2291642028508103,48.56683085659857,-39.51207718542172,-2.1319064000003234,2.1319064000003234,0.1864825371104655,0.9800670524895981,0.5518160362410737,True,False,75.11167872987801,logs/muon_spectra/second_order_audit_20260926/marginals/SPD_a0.25_lr0.01_s260925_ada_step000010.json
SPD,10,7,block07.v,512,-2.7016755505992696,53.51728781778247,-19.808924800726565,-3.591872887770399,3.591872887770399,0.1679559108713924,0.9817905778621401,0.593213464877647,True,False,75.11167872987801,logs/muon_spectra/second_order_audit_20260926/marginals/SPD_a0.25_lr0.01_s260925_ada_step000010.json
SPD,10,8,block08.v,512,-4.312372273384091,53.725754243462454,-12.458514904906783,-5.199016557530876,5.199016557530876,0.17645066576554458,0.9819174657331573,0.6078241385851211,True,False,75.11167872987801,logs/muon_spectra/second_order_audit_20260926/marginals/SPD_a0.25_lr0.01_s260925_ada_step000010.json
SPD,50,1,block01.v,512,3.8775804431272913,54.52785003986681,14.062338832070697,2.976506750933423,2.976506750933423,0.4703763079081891,0.9838390904077512,0.08721902291368848,True,False,75.11167872987801,logs/muon_spectra/second_order_audit_20260926/marginals/SPD_a0.25_lr0.01_s260925_ada_step000050.json
SPD,50,2,block02.v,512,4.861567988911365,37.057224126181104,7.622483982678848,3.9244501298044705,3.9244501298044705,0.3699607054083613,0.9760743695432099,0.3518804083914932,True,False,75.11167872987801,logs/muon_spectra/second_order_audit_20260926/marginals/SPD_a0.25_lr0.01_s260925_ada_step000050.json
SPD,50,3,block03.v,512,4.148723214601214,36.33363920715019,8.7577881983729,3.2115843786491602,3.2115843786491602,0.3096829966080134,0.9743656403995306,0.40603530642819674,True,False,75.11167872987801,logs/muon_spectra/second_order_audit_20260926/marginals/SPD_a0.25_lr0.01_s260925_ada_step000050.json
SPD,50,4,block04.v,512,2.661024314559687,36.1812141590363,13.596724374547144,1.7264934353496804,1.7264934353496804,0.30258797305419954,0.9739538789053254,0.3949382660855398,True,False,75.11167872987801,logs/muon_spectra/second_order_audit_20260926/marginals/SPD_a0.25_lr0.01_s260925_ada_step000050.json
SPD,50,5,block05.v,512,2.189001488412242,36.593172779088675,16.716833210392636,1.2561971354643444,1.2561971354643444,0.27467662525213965,0.9735512792137369,0.38581432442093744,True,False,75.11167872987801,logs/muon_spectra/second_order_audit_20260926/marginals/SPD_a0.25_lr0.01_s260925_ada_step000050.json
SPD,50,6,block06.v,512,1.3281010437527248,32.03411632023693,24.12024030168692,0.38807372983960775,0.38807372983960775,0.2944799334584496,0.9695782681712269,0.35726155012088084,True,False,75.11167872987801,logs/muon_spectra/second_order_audit_20260926/marginals/SPD_a0.25_lr0.01_s260925_ada_step000050.json
SPD,50,7,block07.v,512,2.3392482625441104,36.87951242037254,15.76554015701748,1.4067097159773692,1.4067097159773692,0.2316108830418529,0.9718355512065113,0.3282283886385156,True,False,75.11167872987801,logs/muon_spectra/second_order_audit_20260926/marginals/SPD_a0.25_lr0.01_s260925_ada_step000050.json
SPD,50,8,block08.v,512,2.946899738075544,34.23159760149977,11.616139212070554,2.0080026635900445,2.0080026635900445,0.21089443976403865,0.9684777049239517,0.31043040562465063,True,False,75.11167872987801,logs/muon_spectra/second_order_audit_20260926/marginals/SPD_a0.25_lr0.01_s260925_ada_step000050.json
SPD,100,1,block01.v,512,10.84341675922387,54.72982435449357,5.047285885045233,9.929132399058382,9.929132399058382,0.49014962370785764,0.9839118853735281,0.1224234687176347,True,False,75.11167872987801,logs/muon_spectra/second_order_audit_20260926/marginals/SPD_a0.25_lr0.01_s260925_ada_step000100.json
SPD,100,2,block02.v,512,16.558137444348656,19.56491021614264,1.1815888279644764,15.564010047418567,15.564010047418567,0.26113545640421215,0.950857046933706,0.369914672129118,True,False,75.11167872987801,logs/muon_spectra/second_order_audit_20260926/marginals/SPD_a0.25_lr0.01_s260925_ada_step000100.json
SPD,100,3,block03.v,512,13.276408350845603,14.899440946976187,1.1222493729659353,12.27957833638492,12.27957833638492,0.2275881037096964,0.9339147216064401,0.3332235376837241,True,False,75.11167872987801,logs/muon_spectra/second_order_audit_20260926/marginals/SPD_a0.25_lr0.01_s260925_ada_step000100.json
SPD,100,4,block04.v,512,13.111808240976131,14.674312368176432,1.1191677073431618,12.11486000684957,12.11486000684957,0.2736325703998291,0.9346598893307916,0.32059063830287393,True,False,75.11167872987801,logs/muon_spectra/second_order_audit_20260926/marginals/SPD_a0.25_lr0.01_s260925_ada_step000100.json
SPD,100,5,block05.v,512,13.488633669380548,15.007863510037193,1.1126303729417255,12.49160091516308,12.49160091516308,0.3322317223235922,0.9391017564141847,0.31713143605851035,True,False,75.11167872987801,logs/muon_spectra/second_order_audit_20260926/marginals/SPD_a0.25_lr0.01_s260925_ada_step000100.json
SPD,100,6,block06.v,512,13.32467389224849,17.49344064403372,1.3128606962914395,12.33281601481057,12.33281601481057,0.4245785825247669,0.9508352673186424,0.30613980239385274,True,False,75.11167872987801,logs/muon_spectra/second_order_audit_20260926/marginals/SPD_a0.25_lr0.01_s260925_ada_step000100.json
SPD,100,7,block07.v,512,9.441311532371081,22.118694734289647,2.342756581906241,8.466072046437327,8.466072046437327,0.4340008850581407,0.9597341167013104,0.28240303606930073,True,False,75.11167872987801,logs/muon_spectra/second_order_audit_20260926/marginals/SPD_a0.25_lr0.01_s260925_ada_step000100.json
SPD,100,8,block08.v,512,4.107360365031097,26.119299045686873,6.359144736375992,3.150352432766753,3.150352432766753,0.41066477960808917,0.9640330615753506,0.26161932112222785,True,False,75.11167872987801,logs/muon_spectra/second_order_audit_20260926/marginals/SPD_a0.25_lr0.01_s260925_ada_step000100.json
SPD,200,1,block01.v,512,6.560831128352451,19.337708137456737,2.947447931389266,5.5857859662608575,5.5857859662608575,0.4605397410312871,0.9532599154570163,0.14675823170590113,True,False,75.11167872987801,logs/muon_spectra/second_order_audit_20260926/marginals/SPD_a0.25_lr0.01_s260925_ada_step000200.json
SPD,200,2,block02.v,512,11.591276759402572,14.56571318426386,1.2566099047241275,10.597086205544878,10.597086205544878,0.27829108297659144,0.9335194449669132,0.33103051725261357,True,False,75.11167872987801,logs/muon_spectra/second_order_audit_20260926/marginals/SPD_a0.25_lr0.01_s260925_ada_step000200.json
SPD,200,3,block03.v,512,8.453873238903274,10.353741576044511,1.2247334781882426,7.457583919249252,7.457583919249252,0.23428793249137156,0.9033919681935489,0.31158738267144676,True,False,75.11167872987801,logs/muon_spectra/second_order_audit_20260926/marginals/SPD_a0.25_lr0.01_s260925_ada_step000200.json
SPD,200,4,block04.v,512,6.100526186625445,7.758656086916773,1.2718011282250614,5.103764721586952,5.103764721586952,0.2674593234605738,0.8752239723953883,0.3159795874389975,True,False,75.11167872987801,logs/muon_spectra/second_order_audit_20260926/marginals/SPD_a0.25_lr0.01_s260925_ada_step000200.json
SPD,200,5,block05.v,512,4.452092631669797,6.665347382261938,1.4971268420715766,3.456415394854547,3.456415394854547,0.2926094840066214,0.8575462938007301,0.30516666638297246,True,False,75.11167872987801,logs/muon_spectra/second_order_audit_20260926/marginals/SPD_a0.25_lr0.01_s260925_ada_step000200.json
SPD,200,6,block06.v,512,4.617733516193642,12.359355119236398,2.676498129633108,3.632853870887084,3.632853870887084,0.4062331307569316,0.9289235351106865,0.2746742818935891,True,False,75.11167872987801,logs/muon_spectra/second_order_audit_20260926/marginals/SPD_a0.25_lr0.01_s260925_ada_step000200.json
SPD,200,7,block07.v,512,3.3445814452411717,13.171060968055397,3.938029670886264,2.3637737880591683,2.3637737880591683,0.43351623075599677,0.9335424893278416,0.24502664097734048,True,False,75.11167872987801,logs/muon_spectra/second_order_audit_20260926/marginals/SPD_a0.25_lr0.01_s260925_ada_step000200.json
SPD,200,8,block08.v,512,3.001584669690083,13.797149659971216,4.596621844219302,2.022669757561726,2.022669757561726,0.4636301329459951,0.936813363652787,0.23255006609777326,True,False,75.11167872987801,logs/muon_spectra/second_order_audit_20260926/marginals/SPD_a0.25_lr0.01_s260925_ada_step000200.json
SPD,500,1,block01.v,512,9.430053054817511,24.52280458091507,2.6004948687311105,8.459531085141922,8.459531085141922,0.3912744386465515,0.961531698257842,0.1964477622497047,True,False,75.11167872987801,logs/muon_spectra/second_order_audit_20260926/marginals/SPD_a0.25_lr0.01_s260925_ada_step000500.json
SPD,500,2,block02.v,512,9.129068270440344,12.842407255213136,1.4067599096390235,8.13632088564498,8.13632088564498,0.2800133044386738,0.9261343812197522,0.4059530000770268,True,False,75.11167872987801,logs/muon_spectra/second_order_audit_20260926/marginals/SPD_a0.25_lr0.01_s260925_ada_step000500.json
SPD,500,3,block03.v,512,7.0118056773425135,9.26589779733068,1.3214709910275881,6.016208201014365,6.016208201014365,0.21577115018793808,0.89430959829625,0.42203315854518436,True,False,75.11167872987801,logs/muon_spectra/second_order_audit_20260926/marginals/SPD_a0.25_lr0.01_s260925_ada_step000500.json
SPD,500,4,block04.v,512,4.702421147512669,6.507867342650901,1.383939706483588,3.7059474096125484,3.7059474096125484,0.24145192671143015,0.8536514460962484,0.4620842697810069,True,False,75.11167872987801,logs/muon_spectra/second_order_audit_20260926/marginals/SPD_a0.25_lr0.01_s260925_ada_step000500.json
SPD,500,5,block05.v,512,2.9000510266401887,4.481796049200811,1.5454197212499152,1.9031403723873774,1.9031403723873774,0.2638182234712926,0.7918722209281401,0.46793938558204135,True,False,75.11167872987801,logs/muon_spectra/second_order_audit_20260926/marginals/SPD_a0.25_lr0.01_s260925_ada_step000500.json
SPD,500,6,block06.v,512,4.079324216545287,8.069251182044225,1.9780852792519494,3.087117042649777,3.087117042649777,0.4681917573848818,0.9032010862519331,0.43539554786041335,True,False,75.11167872987801,logs/muon_spectra/second_order_audit_20260926/marginals/SPD_a0.25_lr0.01_s260925_ada_step000500.json
SPD,500,7,block07.v,512,3.0513388149459213,8.116172328121932,2.659872541314549,2.061231067901343,2.061231067901343,0.462581149296266,0.9020759382031861,0.38289047154240025,True,False,75.11167872987801,logs/muon_spectra/second_order_audit_20260926/marginals/SPD_a0.25_lr0.01_s260925_ada_step000500.json
SPD,500,8,block08.v,512,2.296854077362812,8.904630003972894,3.8768810312046287,1.309759889719472,1.309759889719472,0.5112926590517732,0.9141778483399436,0.31971397251511885,True,False,75.11167872987801,logs/muon_spectra/second_order_audit_20260926/marginals/SPD_a0.25_lr0.01_s260925_ada_step000500.json
SPD,900,1,block01.v,512,10.789513806162491,23.75754797105248,2.201910892174143,9.814841997890792,9.814841997890792,0.3552539131612933,0.9597892447679447,0.22716630780816874,True,False,75.11167872987801,logs/muon_spectra/second_order_audit_20260926/marginals/SPD_a0.25_lr0.01_s260925_ada_step000900.json
SPD,900,2,block02.v,512,8.437045580254813,12.277882918086506,1.455234868805307,7.444547215680265,7.444547215680265,0.28555930523429335,0.9235184291792617,0.4644854107398447,True,False,75.11167872987801,logs/muon_spectra/second_order_audit_20260926/marginals/SPD_a0.25_lr0.01_s260925_ada_step000900.json
SPD,900,3,block03.v,512,6.657225012055737,9.213587250520769,1.3839981724871324,5.66221790705274,5.66221790705274,0.20302226248909172,0.8941182011657771,0.5122935741695028,True,False,75.11167872987801,logs/muon_spectra/second_order_audit_20260926/marginals/SPD_a0.25_lr0.01_s260925_ada_step000900.json
SPD,900,4,block04.v,512,4.744980147587403,6.493918506728685,1.3685870761820855,3.748396042820101,3.748396042820101,0.20228725667495528,0.8516122322615612,0.5753609697945588,True,False,75.11167872987801,logs/muon_spectra/second_order_audit_20260926/marginals/SPD_a0.25_lr0.01_s260925_ada_step000900.json
SPD,900,5,block05.v,512,2.9555103976435677,4.418748735681122,1.4950882051385088,1.9583682850225475,1.9583682850225475,0.23390765112310583,0.7865731440911852,0.5936704209715832,True,False,75.11167872987801,logs/muon_spectra/second_order_audit_20260926/marginals/SPD_a0.25_lr0.01_s260925_ada_step000900.json
SPD,900,6,block06.v,512,3.6033434909667075,6.3892420327396335,1.7731426517502287,2.608784699056108,2.608784699056108,0.4551073950105508,0.8774395496202314,0.5639395865443421,True,False,75.11167872987801,logs/muon_spectra/second_order_audit_20260926/marginals/SPD_a0.25_lr0.01_s260925_ada_step000900.json
SPD,900,7,block07.v,512,2.665077343170169,6.212804658317808,2.3311911281822457,1.6720064980825664,1.6720064980825664,0.4453755421768772,0.8719576090640568,0.5086292316517411,True,False,75.11167872987801,logs/muon_spectra/second_order_audit_20260926/marginals/SPD_a0.25_lr0.01_s260925_ada_step000900.json
SPD,900,8,block08.v,512,1.8048070828749663,6.592274064060144,3.652619787794153,0.8141576043225935,0.8141576043225935,0.5170240086587959,0.888827114414905,0.41835834049199555,True,False,75.11167872987801,logs/muon_spectra/second_order_audit_20260926/marginals/SPD_a0.25_lr0.01_s260925_ada_step000900.json
SPD,1300,1,block01.v,512,11.704246963369679,23.11503376968705,1.9749270364876323,10.726533656350767,10.726533656350767,0.335900239588285,0.9585620399082722,0.24875003225389103,True,False,75.11167872987801,logs/muon_spectra/second_order_audit_20260926/marginals/SPD_a0.25_lr0.01_s260925_ada_step001300.json
SPD,1300,2,block02.v,512,7.881216721142193,11.841790793733832,1.5025333286378209,6.888952217377724,6.888952217377724,0.2768972255950846,0.9207691977667036,0.5211196593327453,True,False,75.11167872987801,logs/muon_spectra/second_order_audit_20260926/marginals/SPD_a0.25_lr0.01_s260925_ada_step001300.json
SPD,1300,3,block03.v,512,6.423728313327942,9.150700806428704,1.4245155398996006,5.429054431478529,5.429054431478529,0.18844632519768822,0.8934935493153097,0.5886473889935255,True,False,75.11167872987801,logs/muon_spectra/second_order_audit_20260926/marginals/SPD_a0.25_lr0.01_s260925_ada_step001300.json
SPD,1300,4,block04.v,512,4.681845497538556,6.449568629818699,1.3775697282641022,3.6852980817812906,3.6852980817812906,0.17326145671795845,0.8493182260994668,0.6614178773342015,True,False,75.11167872987801,logs/muon_spectra/second_order_audit_20260926/marginals/SPD_a0.25_lr0.01_s260925_ada_step001300.json
SPD,1300,5,block05.v,512,2.945486828089249,4.372750575629082,1.4845595417127382,1.9482744525961624,1.9482744525961624,0.2065258175806175,0.7817652251842799,0.6774855911182718,True,False,75.11167872987801,logs/muon_spectra/second_order_audit_20260926/marginals/SPD_a0.25_lr0.01_s260925_ada_step001300.json
SPD,1300,6,block06.v,512,2.989738198231713,5.2371746724104735,1.7517168143712423,1.9941277225953433,1.9941277225953433,0.4356935597829865,0.8481184672725217,0.6496414873074201,True,False,75.11167872987801,logs/muon_spectra/second_order_audit_20260926/marginals/SPD_a0.25_lr0.01_s260925_ada_step001300.json
SPD,1300,7,block07.v,512,2.3476530244703997,5.263446349102481,2.2420035219173187,1.3533479333075715,1.3533479333075715,0.4116927868616755,0.8443430124369355,0.6011176299671169,True,False,75.11167872987801,logs/muon_spectra/second_order_audit_20260926/marginals/SPD_a0.25_lr0.01_s260925_ada_step001300.json
SPD,1300,8,block08.v,512,1.5508928791969414,5.652772073859523,3.6448501051771873,0.5589043619990168,0.5589043619990168,0.47568150348903615,0.8645271185242707,0.5024123920819613,True,False,75.11167872987801,logs/muon_spectra/second_order_audit_20260926/marginals/SPD_a0.25_lr0.01_s260925_ada_step001300.json
SPD,1469,1,block01.v,512,10.934568838634279,20.80642399867591,1.902811560814557,9.953849805743735,9.953849805743735,0.3315722890208558,0.9540042060168484,0.2540575400106287,True,False,75.11167872987801,logs/muon_spectra/second_order_audit_20260926/marginals/SPD_a0.25_lr0.01_s260925_ada_step001469.json
SPD,1469,2,block02.v,512,7.800419270707495,11.799840340471293,1.512718731002398,6.8082306399843775,6.8082306399843775,0.2757716715226624,0.9204592960778559,0.5309096019018924,True,False,75.11167872987801,logs/muon_spectra/second_order_audit_20260926/marginals/SPD_a0.25_lr0.01_s260925_ada_step001469.json
SPD,1469,3,block03.v,512,6.367668303850309,9.169728409081083,1.4400449224932879,5.3731410774933375,5.3731410774933375,0.1947607448821021,0.8939730984267207,0.5941124218102873,True,False,75.11167872987801,logs/muon_spectra/second_order_audit_20260926/marginals/SPD_a0.25_lr0.01_s260925_ada_step001469.json
SPD,1469,4,block04.v,512,4.736015385349629,6.453125612140409,1.3625643261427067,3.7393691162613294,3.7393691162613294,0.1741550937003242,0.8494782733145255,0.6700243207479224,True,False,75.11167872987801,logs/muon_spectra/second_order_audit_20260926/marginals/SPD_a0.25_lr0.01_s260925_ada_step001469.json
SPD,1469,5,block05.v,512,3.0227958531376875,4.4610247522543895,1.4757942543899576,2.0256048939562747,2.0256048939562747,0.20574856164468533,0.7859928219531152,0.6882041541089846,True,False,75.11167872987801,logs/muon_spectra/second_order_audit_20260926/marginals/SPD_a0.25_lr0.01_s260925_ada_step001469.json
SPD,1469,6,block06.v,512,2.8231111216952027,5.074361942863337,1.7974361348611452,1.827508095955297,1.827508095955297,0.43150054745711564,0.8426432552817366,0.6646178903285875,True,False,75.11167872987801,logs/muon_spectra/second_order_audit_20260926/marginals/SPD_a0.25_lr0.01_s260925_ada_step001469.json
SPD,1469,7,block07.v,512,2.1759485667755567,4.990195331635621,2.2933425025897436,1.1814451424881742,1.1814451424881742,0.4130118222281791,0.836348273215104,0.6195910408192412,True,False,75.11167872987801,logs/muon_spectra/second_order_audit_20260926/marginals/SPD_a0.25_lr0.01_s260925_ada_step001469.json
SPD,1469,8,block08.v,512,1.4023358064836369,5.204784122955834,3.7115105375558035,0.4097624633517467,0.4097624633517467,0.48307241661571926,0.8548417805464911,0.5182658734595492,True,False,75.11167872987801,logs/muon_spectra/second_order_audit_20260926/marginals/SPD_a0.25_lr0.01_s260925_ada_step001469.json
S,10,1,block01.v,512,1.1417293294098307,44.509412882593146,38.98420732136261,0.2264318363496418,0.2264318363496418,0.681201284400741,0.976790414839027,0.014403237419047322,True,False,75.11167872987801,logs/muon_spectra/second_order_audit_20260926/marginals/S_lr0.007_s260925_l40s_step000010.json
S,10,2,block02.v,512,3.0695396072470396,37.48152225554239,12.21079609692941,2.1367505108569915,2.1367505108569915,0.3988746117972339,0.9770127205623165,0.17340357126361394,True,False,75.11167872987801,logs/muon_spectra/second_order_audit_20260926/marginals/S_lr0.007_s260925_l40s_step000010.json
S,10,3,block03.v,512,2.509875434639386,38.921135572006946,15.507198100291005,1.580991177095182,1.580991177095182,0.31493897415319017,0.9766500388311158,0.31758674258625885,True,False,75.11167872987801,logs/muon_spectra/second_order_audit_20260926/marginals/S_lr0.007_s260925_l40s_step000010.json
S,10,4,block04.v,512,1.2916744321617282,41.933115173870526,32.464152057025586,0.37105224611037824,0.37105224611037824,0.25706269079602134,0.9776068089581872,0.3995310662598975,True,False,75.11167872987801,logs/muon_spectra/second_order_audit_20260926/marginals/S_lr0.007_s260925_l40s_step000010.json
S,10,5,block05.v,512,-0.0999271518436008,44.6063369953787,-446.3885557870548,-1.0126102296810573,1.0126102296810573,0.2288963448326332,0.9786716145544132,0.4779410461003455,True,False,75.11167872987801,logs/muon_spectra/second_order_audit_20260926/marginals/S_lr0.007_s260925_l40s_step000010.json
S,10,6,block06.v,512,-1.1849793743744141,48.06710934305057,-40.5636675055434,-2.0887838885981935,2.0887838885981935,0.19491797314242287,0.979921826768277,0.5361390651785961,True,False,75.11167872987801,logs/muon_spectra/second_order_audit_20260926/marginals/S_lr0.007_s260925_l40s_step000010.json
S,10,7,block07.v,512,-2.67572966857312,52.71667249325717,-19.701793164093914,-3.5675413831007954,3.5675413831007954,0.17638007034141562,0.9815643298198408,0.5762803560385938,True,False,75.11167872987801,logs/muon_spectra/second_order_audit_20260926/marginals/S_lr0.007_s260925_l40s_step000010.json
S,10,8,block08.v,512,-4.146873079045829,52.88973027881155,-12.754123232288837,-5.035473463112514,5.035473463112514,0.1859486827074885,0.9816924397871266,0.589078171779982,True,False,75.11167872987801,logs/muon_spectra/second_order_audit_20260926/marginals/S_lr0.007_s260925_l40s_step000010.json
S,50,1,block01.v,512,4.382545335717301,49.392333648642946,11.270239065435426,3.4704550785159842,3.4704550785159842,0.4868553543869227,0.9827398568733657,0.09701968948137162,True,False,75.11167872987801,logs/muon_spectra/second_order_audit_20260926/marginals/S_lr0.007_s260925_l40s_step000050.json
S,50,2,block02.v,512,4.20067692033095,36.38641370645127,8.662035761508784,3.263539687491341,3.263539687491341,0.414994832124071,0.9766114642552476,0.3889753072224436,True,False,75.11167872987801,logs/muon_spectra/second_order_audit_20260926/marginals/S_lr0.007_s260925_l40s_step000050.json
S,50,3,block03.v,512,3.179823406520924,35.6991775968169,11.226779928598527,2.243337770173846,2.243337770173846,0.36315933055010696,0.9749401412421939,0.44754777311960603,True,False,75.11167872987801,logs/muon_spectra/second_order_audit_20260926/marginals/S_lr0.007_s260925_l40s_step000050.json
S,50,4,block04.v,512,2.2760924685954977,33.36944581430478,14.660848043179888,1.336821674348836,1.336821674348836,0.34108837898963057,0.9727370748818363,0.4847724013217973,True,False,75.11167872987801,logs/muon_spectra/second_order_audit_20260926/marginals/S_lr0.007_s260925_l40s_step000050.json
S,50,5,block05.v,512,2.5516519241657933,38.47355006752009,15.077899028135732,1.6218118814770324,1.6218118814770324,0.2766079360857831,0.97531382570019,0.5138887110582644,True,False,75.11167872987801,logs/muon_spectra/second_order_audit_20260926/marginals/S_lr0.007_s260925_l40s_step000050.json
S,50,6,block06.v,512,3.5992153997088883,38.956431688023436,10.823589966628369,2.668272462772003,2.668272462772003,0.23680717862458492,0.9750796997729184,0.5311962466699304,True,False,75.11167872987801,logs/muon_spectra/second_order_audit_20260926/marginals/S_lr0.007_s260925_l40s_step000050.json
S,50,7,block07.v,512,1.070272288303357,40.739216552398474,38.064347734332244,0.14775069506916783,0.14775069506916783,0.2232667141325198,0.976040807474489,0.5465547437588935,True,False,75.11167872987801,logs/muon_spectra/second_order_audit_20260926/marginals/S_lr0.007_s260925_l40s_step000050.json
S,50,8,block08.v,512,1.9100193437230137,37.618536056537955,19.69536914909554,0.9797625404277306,0.9797625404277306,0.2188659448273782,0.973975543592161,0.5560220027153279,True,False,75.11167872987801,logs/muon_spectra/second_order_audit_20260926/marginals/S_lr0.007_s260925_l40s_step000050.json
S,100,1,block01.v,512,7.672826438570636,34.451091566135695,4.490013144693725,6.725127737647912,6.725127737647912,0.5123293766356541,0.971952475032858,0.09619298302696612,True,False,75.11167872987801,logs/muon_spectra/second_order_audit_20260926/marginals/S_lr0.007_s260925_l40s_step000100.json
S,100,2,block02.v,512,13.76177797809369,15.084070924355627,1.096084455683473,12.764360581504357,12.764360581504357,0.28146275274712435,0.9378004089228388,0.34540120443365396,True,False,75.11167872987801,logs/muon_spectra/second_order_audit_20260926/marginals/S_lr0.007_s260925_l40s_step000100.json
S,100,3,block03.v,512,15.715170398121575,15.8502701467334,1.008596772748196,14.715434264818082,14.715434264818082,0.32606668924521703,0.9436701212869174,0.3324254095190223,True,False,75.11167872987801,logs/muon_spectra/second_order_audit_20260926/marginals/S_lr0.007_s260925_l40s_step000100.json
S,100,4,block04.v,512,14.655992048276666,17.504564991775755,1.1943623423181402,13.661555667306937,13.661555667306937,0.3750529806622529,0.9490970939755192,0.335509865852304,True,False,75.11167872987801,logs/muon_spectra/second_order_audit_20260926/marginals/S_lr0.007_s260925_l40s_step000100.json
S,100,5,block05.v,512,13.160793159477565,21.280304947089203,1.6169469947002761,12.176651580937746,12.176651580937746,0.40733208792498454,0.9577984827291445,0.32718795697279063,True,False,75.11167872987801,logs/muon_spectra/second_order_audit_20260926/marginals/S_lr0.007_s260925_l40s_step000100.json
S,100,6,block06.v,512,8.950737406092554,20.705418077789915,2.3132639399851267,7.973695766779462,7.973695766779462,0.4286840943717001,0.9564625178616253,0.31595457555086237,True,False,75.11167872987801,logs/muon_spectra/second_order_audit_20260926/marginals/S_lr0.007_s260925_l40s_step000100.json
S,100,7,block07.v,512,6.141305092407516,24.514109022829334,3.9916774454237878,5.177189475084122,5.177189475084122,0.43688482241718646,0.9625507485901708,0.29893141315965066,True,False,75.11167872987801,logs/muon_spectra/second_order_audit_20260926/marginals/S_lr0.007_s260925_l40s_step000100.json
S,100,8,block08.v,512,3.6093432840838804,22.502288201692277,6.2344549771479505,2.646243567126084,2.646243567126084,0.391518392988202,0.9567035178955393,0.2862005439574,True,False,75.11167872987801,logs/muon_spectra/second_order_audit_20260926/marginals/S_lr0.007_s260925_l40s_step000100.json
S,200,1,block01.v,512,3.841437619752744,10.162649023473882,2.6455327482652202,2.853783735775637,2.853783735775637,0.4583589327946017,0.8961434662388474,0.08757973014417336,True,False,75.11167872987801,logs/muon_spectra/second_order_audit_20260926/marginals/S_lr0.007_s260925_l40s_step000200.json
S,200,2,block02.v,512,6.99234068154553,8.448398601426376,1.208236123809547,5.995184544670297,5.995184544670297,0.244984278183577,0.882974611363618,0.25682278087850946,True,False,75.11167872987801,logs/muon_spectra/second_order_audit_20260926/marginals/S_lr0.007_s260925_l40s_step000200.json
S,200,3,block03.v,512,6.0038260979242155,7.39080319475773,1.231015534795895,5.006535037566469,5.006535037566469,0.2533450082833333,0.866756079888273,0.23991308403790165,True,False,75.11167872987801,logs/muon_spectra/second_order_audit_20260926/marginals/S_lr0.007_s260925_l40s_step000200.json
S,200,4,block04.v,512,4.168891098756421,7.878747780279536,1.8898905233168033,3.1761369125875207,3.1761369125875207,0.3187898262776003,0.8796888658407453,0.24626021694665853,True,False,75.11167872987801,logs/muon_spectra/second_order_audit_20260926/marginals/S_lr0.007_s260925_l40s_step000200.json
S,200,5,block05.v,512,3.286757486972685,9.983757649773626,3.037570520290899,2.2998375654156558,2.2998375654156558,0.40431986766779254,0.9097636772767252,0.21905374480716389,True,False,75.11167872987801,logs/muon_spectra/second_order_audit_20260926/marginals/S_lr0.007_s260925_l40s_step000200.json
S,200,6,block06.v,512,3.2079632358405874,10.862118539353773,3.385985979514368,2.2229127579177614,2.2229127579177614,0.3945120433635268,0.91550174295084,0.22483548104990628,True,False,75.11167872987801,logs/muon_spectra/second_order_audit_20260926/marginals/S_lr0.007_s260925_l40s_step000200.json
S,200,7,block07.v,512,3.4215766217844372,13.348785703597114,3.9013551877249473,2.4409657020223525,2.4409657020223525,0.4063410160701967,0.9306504740624639,0.2222107122963141,True,False,75.11167872987801,logs/muon_spectra/second_order_audit_20260926/marginals/S_lr0.007_s260925_l40s_step000200.json
S,200,8,block08.v,512,2.7352661426903273,12.763385727179873,4.666231752726695,1.7548523137537835,1.7548523137537835,0.3705423399857456,0.923025763487336,0.21923647980797772,True,False,75.11167872987801,logs/muon_spectra/second_order_audit_20260926/marginals/S_lr0.007_s260925_l40s_step000200.json
S,500,1,block01.v,512,3.776426324707891,11.077116433890703,2.933227205153413,2.790685485077389,2.790685485077389,0.44180871145638,0.9083430815631798,0.10241875786569604,True,False,75.11167872987801,logs/muon_spectra/second_order_audit_20260926/marginals/S_lr0.007_s260925_l40s_step000500.json
S,500,2,block02.v,512,5.201817494444753,7.644054742984408,1.4694969116367167,4.206587489070807,4.206587489070807,0.2336998330128001,0.8737875077287833,0.36028351871405634,True,False,75.11167872987801,logs/muon_spectra/second_order_audit_20260926/marginals/S_lr0.007_s260925_l40s_step000500.json
S,500,3,block03.v,512,3.9999198624916317,5.392854657149639,1.3482406754495126,3.002640438262448,3.002640438262448,0.19520655832853975,0.8190841429126355,0.36633214732868735,True,False,75.11167872987801,logs/muon_spectra/second_order_audit_20260926/marginals/S_lr0.007_s260925_l40s_step000500.json
S,500,4,block04.v,512,3.133428515313701,5.376901023579979,1.715980114849269,2.1378102975564084,2.1378102975564084,0.370449178504493,0.8395474739301911,0.36846890529642995,True,False,75.11167872987801,logs/muon_spectra/second_order_audit_20260926/marginals/S_lr0.007_s260925_l40s_step000500.json
S,500,5,block05.v,512,3.3462286833042905,5.2741695165020825,1.576153340271417,2.3499941927441297,2.3499941927441297,0.6211462400189305,0.8867661144047201,0.3462251706614495,True,False,75.11167872987801,logs/muon_spectra/second_order_audit_20260926/marginals/S_lr0.007_s260925_l40s_step000500.json
S,500,6,block06.v,512,2.8132530655217156,6.042408473646116,2.1478368041964813,1.819560009678209,1.819560009678209,0.5453355575499365,0.8840524785419408,0.3105052777091257,True,False,75.11167872987801,logs/muon_spectra/second_order_audit_20260926/marginals/S_lr0.007_s260925_l40s_step000500.json
S,500,7,block07.v,512,2.4658525805714233,6.979999627756221,2.8306637966730004,1.474669274022956,1.474669274022956,0.5855024548971863,0.9047509984870344,0.28272607805735395,True,False,75.11167872987801,logs/muon_spectra/second_order_audit_20260926/marginals/S_lr0.007_s260925_l40s_step000500.json
S,500,8,block08.v,512,2.1690468776001075,8.114906009156579,3.741231272112999,1.1806598837164288,1.1806598837164288,0.5267002985044819,0.907303119860487,0.2723987104005432,True,False,75.11167872987801,logs/muon_spectra/second_order_audit_20260926/marginals/S_lr0.007_s260925_l40s_step000500.json
S,900,1,block01.v,512,4.122038591068224,12.683022059635315,3.076880960580361,3.1387592619052684,3.1387592619052684,0.40405124588001684,0.9202823099483997,0.1223884817229627,True,False,75.11167872987801,logs/muon_spectra/second_order_audit_20260926/marginals/S_lr0.007_s260925_l40s_step000900.json
S,900,2,block02.v,512,4.831910165157465,7.670248557612603,1.58741538965732,3.837453794830229,3.837453794830229,0.20422721068431318,0.8742529063263165,0.4874966301038371,True,False,75.11167872987801,logs/muon_spectra/second_order_audit_20260926/marginals/S_lr0.007_s260925_l40s_step000900.json
S,900,3,block03.v,512,3.8297662540751416,5.410592383042489,1.4127735282238796,2.832853805108281,2.832853805108281,0.16451124176005122,0.8194958620734546,0.5047483712024666,True,False,75.11167872987801,logs/muon_spectra/second_order_audit_20260926/marginals/S_lr0.007_s260925_l40s_step000900.json
S,900,4,block04.v,512,3.0631162006809154,5.027608365343025,1.6413377867367267,2.066953099440021,2.066953099440021,0.3637123457238542,0.8291641337065412,0.49813885821596515,True,False,75.11167872987801,logs/muon_spectra/second_order_audit_20260926/marginals/S_lr0.007_s260925_l40s_step000900.json
S,900,5,block05.v,512,2.8074386225635233,4.057976915743064,1.445437447190796,1.8098810801673895,1.8098810801673895,0.6161125739276605,0.8547118876128158,0.4513710924055928,True,False,75.11167872987801,logs/muon_spectra/second_order_audit_20260926/marginals/S_lr0.007_s260925_l40s_step000900.json
S,900,6,block06.v,512,2.5432072928340803,4.429018020324443,1.741508854903002,1.5468905169112102,1.5468905169112102,0.5690642204379438,0.8521884000490207,0.3944983516092739,True,False,75.11167872987801,logs/muon_spectra/second_order_audit_20260926/marginals/S_lr0.007_s260925_l40s_step000900.json
S,900,7,block07.v,512,1.996660620692173,4.695302559311546,2.3515776845861005,1.0019314057285391,1.0019314057285391,0.6550389123972153,0.8823725177213165,0.357493551353158,True,False,75.11167872987801,logs/muon_spectra/second_order_audit_20260926/marginals/S_lr0.007_s260925_l40s_step000900.json
S,900,8,block08.v,512,1.4802882329565683,5.713018072821513,3.8593957214744226,0.4885552834250546,0.4885552834250546,0.6136309974028227,0.8915310662029761,0.3442603761752635,True,False,75.11167872987801,logs/muon_spectra/second_order_audit_20260926/marginals/S_lr0.007_s260925_l40s_step000900.json
S,1300,1,block01.v,512,4.467878935687636,13.365529658499026,2.9914708636665384,3.4852571597556263,3.4852571597556263,0.37706204137771354,0.9242262806373909,0.13776743352267576,True,False,75.11167872987801,logs/muon_spectra/second_order_audit_20260926/marginals/S_lr0.007_s260925_l40s_step001300.json
S,1300,2,block02.v,512,4.585581931341522,7.558767900506826,1.6483770247008742,3.591388935187547,3.591388935187547,0.19083953712208482,0.8722620407959532,0.5826919943511844,True,False,75.11167872987801,logs/muon_spectra/second_order_audit_20260926/marginals/S_lr0.007_s260925_l40s_step001300.json
S,1300,3,block03.v,512,3.840907378900466,5.633017681114368,1.4665851387249353,2.8444075943344775,2.8444075943344775,0.14575939258549184,0.8260504806756188,0.6067592815806967,True,False,75.11167872987801,logs/muon_spectra/second_order_audit_20260926/marginals/S_lr0.007_s260925_l40s_step001300.json
S,1300,4,block04.v,512,2.9216828663815058,4.823237786417778,1.6508423422393346,1.9253968408347015,1.9253968408347015,0.3460591212042609,0.8197367216444325,0.595655443760607,True,False,75.11167872987801,logs/muon_spectra/second_order_audit_20260926/marginals/S_lr0.007_s260925_l40s_step001300.json
S,1300,5,block05.v,512,2.44805482516283,3.7382920588941553,1.5270458898507333,1.4505748197599613,1.4505748197599613,0.5751783475800594,0.8300146710814262,0.5389484647518,True,False,75.11167872987801,logs/muon_spectra/second_order_audit_20260926/marginals/S_lr0.007_s260925_l40s_step001300.json
S,1300,6,block06.v,512,2.2983791021699163,4.196475083495578,1.825841124092042,1.302086320883443,1.302086320883443,0.5163741756620319,0.8307204743998566,0.47340666124921194,True,False,75.11167872987801,logs/muon_spectra/second_order_audit_20260926/marginals/S_lr0.007_s260925_l40s_step001300.json
S,1300,7,block07.v,512,1.7422484642082567,4.291352100321425,2.4631114266882577,0.7472271822475403,0.7472271822475403,0.6106701019717067,0.8594921895724651,0.431894420549392,True,False,75.11167872987801,logs/muon_spectra/second_order_audit_20260926/marginals/S_lr0.007_s260925_l40s_step001300.json
S,1300,8,block08.v,512,1.1499358378029212,5.0253881409620895,4.370146555797101,0.15750508058252888,0.15750508058252888,0.5931510048625068,0.8737635028900288,0.41915833432162203,True,False,75.11167872987801,logs/muon_spectra/second_order_audit_20260926/marginals/S_lr0.007_s260925_l40s_step001300.json
S,1469,1,block01.v,512,4.5795156299726845,13.052664343549367,2.850228145990021,3.5960647485538884,3.5960647485538884,0.36617920554119215,0.922334597765924,0.14318267360632417,True,False,75.11167872987801,logs/muon_spectra/second_order_audit_20260926/marginals/S_lr0.007_s260925_l40s_step001469.json
S,1469,2,block02.v,512,4.707409470486749,7.767076035908375,1.649968222353356,3.7133853817473383,3.7133853817473383,0.18275410383485083,0.875379760029527,0.6189840780561763,True,False,75.11167872987801,logs/muon_spectra/second_order_audit_20260926/marginals/S_lr0.007_s260925_l40s_step001469.json
S,1469,3,block03.v,512,3.964763248038874,5.754055469876734,1.4512986299302773,2.9682579594096508,2.9682579594096508,0.15004844431443656,0.8300259074533552,0.6332719113172874,True,False,75.11167872987801,logs/muon_spectra/second_order_audit_20260926/marginals/S_lr0.007_s260925_l40s_step001469.json
S,1469,4,block04.v,512,2.857659529609438,4.730460240008708,1.6553617360621087,1.8613173434969363,1.8613173434969363,0.35172567476189043,0.8172607418446411,0.6220115187192472,True,False,75.11167872987801,logs/muon_spectra/second_order_audit_20260926/marginals/S_lr0.007_s260925_l40s_step001469.json
S,1469,5,block05.v,512,2.2377004344083926,3.635548193337487,1.6246804699301316,1.2404306058125507,1.2404306058125507,0.5639063607204419,0.8218836593220628,0.5669148048098017,True,False,75.11167872987801,logs/muon_spectra/second_order_audit_20260926/marginals/S_lr0.007_s260925_l40s_step001469.json
S,1469,6,block06.v,512,2.166169172772301,3.8479124166546073,1.7763674532077207,1.1694538275455089,1.1694538275455089,0.5240762218432272,0.8186416493873286,0.500180606454629,True,False,75.11167872987801,logs/muon_spectra/second_order_audit_20260926/marginals/S_lr0.007_s260925_l40s_step001469.json
S,1469,7,block07.v,512,1.6294412700881904,4.033795769932214,2.4755699048385416,0.6341372749706984,0.6341372749706984,0.6062367145708226,0.8499614153811837,0.45672858309410214,True,False,75.11167872987801,logs/muon_spectra/second_order_audit_20260926/marginals/S_lr0.007_s260925_l40s_step001469.json
S,1469,8,block08.v,512,1.0225441586535393,4.414186488953522,4.316866368652492,0.029168460079906477,0.029168460079906477,0.6180222692170028,0.8647103912406648,0.4359115314208368,True,False,75.11167872987801,logs/muon_spectra/second_order_audit_20260926/marginals/S_lr0.007_s260925_l40s_step001469.json
