run_id,status,method,lr,batch_tokens,seed,momentum,alpha,total_tokens,last_step,last_tokens,endpoint_bank_nll,full_validation_nll,train_probe_nll,pre_cooldown_step,pre_cooldown_tokens,pre_cooldown_nll,best_observed_bank_nll,endpoint_minus_best,late_train_probe_change,overfit_sign,training_seconds,peak_cuda_allocated_bytes,issues
adamw_b8192_lr0.0005_m0.9_s20260928,complete,adamw,0.0005,8192,20260928,0.9,0.25,4194304,512,4194304,1.8482061624526978,1.8563240766525269,1.7003710269927979,448,3670016,1.914415955543518,1.8482061624526978,0.0,-0.07645106315612793,False,25.659930252470076,181686784,[]
adamw_b8192_lr0.001_m0.9_s20260928,complete,adamw,0.001,8192,20260928,0.9,0.25,4194304,512,4194304,1.7987788915634155,1.8064953088760376,1.6316916942596436,448,3670016,1.8670598268508911,1.7987788915634155,0.0,-0.07783520221710205,False,17.963284792378545,181686784,[]
adamw_b8192_lr0.002_m0.9_s20260928,complete,adamw,0.002,8192,20260928,0.9,0.25,4194304,512,4194304,1.7380284070968628,1.748487949371338,1.5618972778320312,448,3670016,1.819901466369629,1.7380284070968628,0.0,-0.08774387836456299,False,18.01493140310049,181686784,[]
adamw_b8192_lr0.004_m0.9_s20260928,complete,adamw,0.004,8192,20260928,0.9,0.25,4194304,512,4194304,1.6860287189483643,1.697770357131958,1.4964191913604736,448,3670016,1.765392541885376,1.6860287189483643,0.0,-0.09106290340423584,False,26.064064846374094,181686784,[]
adamw_b8192_lr0.008_m0.9_s20260928,complete,adamw,0.008,8192,20260928,0.9,0.25,4194304,512,4194304,1.7441771030426025,1.7550615072250366,1.5658302307128906,448,3670016,1.8511779308319092,1.7441771030426025,0.0,-0.1025228500366211,False,16.5767460167408,181686784,[]
muon_b2048_lr0.032_m0.9_s20260928,complete,muon,0.032,2048,20260928,0.9,0.25,4194304,2048,4194304,1.5294709205627441,1.5415512323379517,1.3114110231399536,1792,3670016,1.6221730709075928,1.5294709205627441,0.0,-0.10712981224060059,False,71.96938733849674,100666880,[]
muon_b32768_lr0.032_m0.9_s20260928,complete,muon,0.032,32768,20260928,0.9,0.25,4194304,128,4194304,1.6675944328308105,1.6833958625793457,1.483085036277771,112,3670016,1.7260187864303589,1.6675944328308105,0.0,-0.07374310493469238,False,17.14215810969472,178868736,[]
muon_b8192_lr0.004_m0.9_s20260928,complete,muon,0.004,8192,20260928,0.9,0.25,4194304,512,4194304,1.5811169147491455,1.5906181335449219,1.3793177604675293,448,3670016,1.6476554870605469,1.5811169147491455,0.0,-0.07386887073516846,False,34.713831153698266,178868736,[]
muon_b8192_lr0.008_m0.9_s20260928,complete,muon,0.008,8192,20260928,0.9,0.25,4194304,512,4194304,1.560532808303833,1.572855830192566,1.3492558002471924,448,3670016,1.6243951320648193,1.560532808303833,0.0,-0.0793982744216919,False,22.19289151672274,178868736,[]
muon_b8192_lr0.016_m0.9_s20260928,complete,muon,0.016,8192,20260928,0.9,0.25,4194304,512,4194304,1.5539357662200928,1.571211576461792,1.3469181060791016,448,3670016,1.6367931365966797,1.5539357662200928,0.0,-0.08128213882446289,False,21.712246038019657,178868736,[]
muon_b8192_lr0.032_m0.9_s20260928,complete,muon,0.032,8192,20260928,0.9,0.25,4194304,512,4194304,1.5510565042495728,1.5639785528182983,1.336778163909912,448,3670016,1.6238901615142822,1.5510565042495728,0.0,-0.0888516902923584,False,20.835104973986745,178868736,[]
muon_b8192_lr0.064_m0.9_s20260928,complete,muon,0.064,8192,20260928,0.9,0.25,4194304,512,4194304,1.5574942827224731,1.5699573755264282,1.3534367084503174,448,3670016,1.6282583475112915,1.5574942827224731,0.0,-0.08556962013244629,False,11.027754299342632,178868736,[]
pd_b8192_lr0.004_m0.9_s20260928,complete,pd,0.004,8192,20260928,0.9,0.25,4194304,512,4194304,1.5666080713272095,1.5805792808532715,1.364033579826355,448,3670016,1.6431777477264404,1.5666080713272095,0.0,-0.07623040676116943,False,66.86992531456053,213407232,[]
pd_b8192_lr0.008_m0.9_s20260928,complete,pd,0.008,8192,20260928,0.9,0.25,4194304,512,4194304,1.5273956060409546,1.5418907403945923,1.3249976634979248,448,3670016,1.599770426750183,1.5273956060409546,0.0,-0.0769122838973999,False,53.791828162036836,213407232,[]
pd_b8192_lr0.016_m0.9_s20260928,complete,pd,0.016,8192,20260928,0.9,0.25,4194304,512,4194304,1.521111249923706,1.5326248407363892,1.3151164054870605,448,3670016,1.595159649848938,1.521111249923706,0.0,-0.08154988288879395,False,64.33075867500156,213407232,[]
pd_b8192_lr0.032_m0.9_s20260928,complete,pd,0.032,8192,20260928,0.9,0.25,4194304,512,4194304,1.5286016464233398,1.543422818183899,1.312452793121338,448,3670016,1.5978295803070068,1.5286016464233398,0.0,-0.09001243114471436,False,53.42778883874416,213407232,[]
spd_b2048_lr0.016_m0.9_s20260928,complete,spd,0.016,2048,20260928,0.9,0.25,4194304,2048,4194304,1.5057387351989746,1.5181188583374023,1.2721316814422607,1792,3670016,1.5745859146118164,1.5057387351989746,0.0,-0.09163117408752441,False,277.01651393435895,154120192,[]
spd_b32768_lr0.016_m0.9_s20260928,complete,spd,0.016,32768,20260928,0.9,0.25,4194304,128,4194304,1.5855669975280762,1.597870945930481,1.3915181159973145,112,3670016,1.64332115650177,1.5855669975280762,0.0,-0.0723416805267334,False,25.69868760369718,238573056,[]
spd_b8192_lr0.004_m0.9_s20260928,complete,spd,0.004,8192,20260928,0.9,0.25,4194304,512,4194304,1.5545848608016968,1.5683759450912476,1.3371363878250122,448,3670016,1.6149821281433105,1.5545848608016968,0.0,-0.06853640079498291,False,94.70861049741507,238573056,[]
spd_b8192_lr0.008_m0.9_s20260928,complete,spd,0.008,8192,20260928,0.9,0.25,4194304,512,4194304,1.5386309623718262,1.5510374307632446,1.3076670169830322,448,3670016,1.6002893447875977,1.5386309623718262,0.0,-0.07471728324890137,False,80.07394241448492,238573056,[]
spd_b8192_lr0.016_m0.9_s20260928,complete,spd,0.016,8192,20260928,0.9,0.25,4194304,512,4194304,1.5147613286972046,1.5293382406234741,1.3021742105484009,448,3670016,1.5723718404769897,1.5147613286972046,0.0,-0.07995438575744629,False,80.6920258346945,238573056,[]
spd_b8192_lr0.032_m0.9_s20260928,complete,spd,0.032,8192,20260928,0.9,0.25,4194304,512,4194304,1.5344038009643555,1.546512484550476,1.308403730392456,448,3670016,1.5994818210601807,1.5344038009643555,0.0,-0.08567988872528076,False,62.10607306100428,238573056,[]
ts_b8192_lr0.004_m0.9_s20260928,complete,ts,0.004,8192,20260928,0.9,0.25,4194304,512,4194304,1.5480886697769165,1.5611764192581177,1.3398730754852295,448,3670016,1.6169289350509644,1.5480886697769165,0.0,-0.07071089744567871,False,74.20826915465295,229922304,[]
ts_b8192_lr0.008_m0.9_s20260928,complete,ts,0.008,8192,20260928,0.9,0.25,4194304,512,4194304,1.5325936079025269,1.5466127395629883,1.3116497993469238,448,3670016,1.5939949750900269,1.5325936079025269,0.0,-0.0868079662322998,False,87.59397490043193,229922304,[]
ts_b8192_lr0.016_m0.9_s20260928,complete,ts,0.016,8192,20260928,0.9,0.25,4194304,512,4194304,1.5195001363754272,1.5357614755630493,1.300904393196106,448,3670016,1.5896122455596924,1.5195001363754272,0.0,-0.08691978454589844,False,74.50198034197092,229922304,[]
ts_b8192_lr0.032_m0.9_s20260928,complete,ts,0.032,8192,20260928,0.9,0.25,4194304,512,4194304,1.5398962497711182,1.556496024131775,1.319929838180542,448,3670016,1.6028465032577515,1.5398962497711182,0.0,-0.0839090347290039,False,85.31072706449777,229922304,[]
