run_id,status,threshold,reached,observed_step,observed_tokens,interpolated_step,interpolated_tokens
adamw_b8192_lr0.0005_m0.9_s20260928,complete,2.4,True,96,786432,85.94191723442162,704036.1859843819
adamw_b8192_lr0.0005_m0.9_s20260928,complete,2.2,True,160,1310720,151.80274416016985,1243568.0801601114
adamw_b8192_lr0.0005_m0.9_s20260928,complete,2.0,True,320,2621440,317.6513573938039,2602199.9197700415
adamw_b8192_lr0.001_m0.9_s20260928,complete,2.4,True,96,786432,74.32166061366092,608843.0437471103
adamw_b8192_lr0.001_m0.9_s20260928,complete,2.2,True,128,1048576,127.8974247588238,1047735.7036242846
adamw_b8192_lr0.001_m0.9_s20260928,complete,2.0,True,288,2359296,267.5654849562396,2191896.4527615146
adamw_b8192_lr0.002_m0.9_s20260928,complete,2.4,True,96,786432,70.30896765803341,575971.0630546097
adamw_b8192_lr0.002_m0.9_s20260928,complete,2.2,True,128,1048576,110.5141782410705,905332.1481508495
adamw_b8192_lr0.002_m0.9_s20260928,complete,2.0,True,224,1835008,222.74438426091677,1824721.9958654302
adamw_b8192_lr0.004_m0.9_s20260928,complete,2.4,True,96,786432,70.72460911232643,579375.9978481781
adamw_b8192_lr0.004_m0.9_s20260928,complete,2.2,True,128,1048576,109.63780083813562,898152.864466007
adamw_b8192_lr0.004_m0.9_s20260928,complete,2.0,True,224,1835008,196.7925925402889,1612124.9180900466
adamw_b8192_lr0.008_m0.9_s20260928,complete,2.4,True,128,1048576,121.86225138755911,998295.5633668842
adamw_b8192_lr0.008_m0.9_s20260928,complete,2.2,True,192,1572864,181.68642410669867,1488375.1862820755
adamw_b8192_lr0.008_m0.9_s20260928,complete,2.0,True,288,2359296,279.3499624945855,2288434.8927556444
muon_b2048_lr0.032_m0.9_s20260928,complete,2.4,True,128,262144,117.02890646836336,239675.20044720816
muon_b2048_lr0.032_m0.9_s20260928,complete,2.2,True,256,524288,142.05703272631226,290932.8030234875
muon_b2048_lr0.032_m0.9_s20260928,complete,2.0,True,256,524288,231.7973353926748,474720.942884198
muon_b32768_lr0.032_m0.9_s20260928,complete,2.4,True,32,1048576,27.916277543290484,914760.5825385426
muon_b32768_lr0.032_m0.9_s20260928,complete,2.2,True,40,1310720,39.80689895455578,1304392.4649428837
muon_b32768_lr0.032_m0.9_s20260928,complete,2.0,True,64,2097152,57.7719567571611,1893071.479018655
muon_b8192_lr0.004_m0.9_s20260928,complete,2.4,True,96,786432,65.92390710011361,540048.6469641307
muon_b8192_lr0.004_m0.9_s20260928,complete,2.2,True,96,786432,92.93489380670776,761322.65006455
muon_b8192_lr0.004_m0.9_s20260928,complete,2.0,True,160,1310720,139.54741251933874,1143172.403358423
muon_b8192_lr0.008_m0.9_s20260928,complete,2.4,True,64,524288,49.493853953808085,405453.65158959583
muon_b8192_lr0.008_m0.9_s20260928,complete,2.2,True,96,786432,75.57131151060835,619080.1838949036
muon_b8192_lr0.008_m0.9_s20260928,complete,2.0,True,128,1048576,112.15505223425421,918774.1879030105
muon_b8192_lr0.016_m0.9_s20260928,complete,2.4,True,64,524288,44.324688097137006,363107.84489174635
muon_b8192_lr0.016_m0.9_s20260928,complete,2.2,True,64,524288,61.8012392128778,506275.75163189496
muon_b8192_lr0.016_m0.9_s20260928,complete,2.0,True,96,786432,93.54265128830401,766301.3993537865
muon_b8192_lr0.032_m0.9_s20260928,complete,2.4,True,64,524288,41.716296839252806,341739.903707159
muon_b8192_lr0.032_m0.9_s20260928,complete,2.2,True,64,524288,60.34895271095709,494378.6206081605
muon_b8192_lr0.032_m0.9_s20260928,complete,2.0,True,128,1048576,97.76190723490578,800865.5440683481
muon_b8192_lr0.064_m0.9_s20260928,complete,2.4,True,64,524288,41.79503021590396,342384.8875286852
muon_b8192_lr0.064_m0.9_s20260928,complete,2.2,True,64,524288,59.66071293560151,488740.56036844756
muon_b8192_lr0.064_m0.9_s20260928,complete,2.0,True,96,786432,92.25641389263117,755764.5426084346
pd_b8192_lr0.004_m0.9_s20260928,complete,2.4,True,96,786432,64.6702827981744,529778.9566826447
pd_b8192_lr0.004_m0.9_s20260928,complete,2.2,True,128,1048576,105.23158556666817,862057.1489621457
pd_b8192_lr0.004_m0.9_s20260928,complete,2.0,True,160,1310720,147.24864844083257,1206260.9280273004
pd_b8192_lr0.008_m0.9_s20260928,complete,2.4,True,64,524288,50.526813053457275,413915.652533922
pd_b8192_lr0.008_m0.9_s20260928,complete,2.2,True,96,786432,77.45237317475583,634489.8410475998
pd_b8192_lr0.008_m0.9_s20260928,complete,2.0,True,128,1048576,107.69746415685756,882257.6263729772
pd_b8192_lr0.016_m0.9_s20260928,complete,2.4,True,64,524288,42.35849918366236,347000.82531256205
pd_b8192_lr0.016_m0.9_s20260928,complete,2.2,True,64,524288,59.76389777559337,489585.8505776609
pd_b8192_lr0.016_m0.9_s20260928,complete,2.0,True,96,786432,87.33102057132879,715415.7205203255
pd_b8192_lr0.032_m0.9_s20260928,complete,2.4,True,64,524288,42.47445247583293,347950.7146820234
pd_b8192_lr0.032_m0.9_s20260928,complete,2.2,True,64,524288,57.43334914100797,470493.9961631373
pd_b8192_lr0.032_m0.9_s20260928,complete,2.0,True,96,786432,81.15361484208415,664810.4127863534
spd_b2048_lr0.016_m0.9_s20260928,complete,2.4,True,128,262144,112.84939285567545,231115.55656842332
spd_b2048_lr0.016_m0.9_s20260928,complete,2.2,True,128,262144,125.32031645275491,256656.00809524205
spd_b2048_lr0.016_m0.9_s20260928,complete,2.0,True,256,524288,201.3772204079075,412420.54739539453
spd_b32768_lr0.016_m0.9_s20260928,complete,2.4,True,32,1048576,27.958800420086355,916153.9721653897
spd_b32768_lr0.016_m0.9_s20260928,complete,2.2,True,40,1310720,38.29381199754658,1254811.6315356062
spd_b32768_lr0.016_m0.9_s20260928,complete,2.0,True,56,1835008,51.264610999886344,1679838.7732442757
spd_b8192_lr0.004_m0.9_s20260928,complete,2.4,True,96,786432,70.5957014592753,578319.9863543833
spd_b8192_lr0.004_m0.9_s20260928,complete,2.2,True,128,1048576,109.90824725460564,900368.3615097294
spd_b8192_lr0.004_m0.9_s20260928,complete,2.0,True,160,1310720,146.09801177156987,1196834.9124327004
spd_b8192_lr0.008_m0.9_s20260928,complete,2.4,True,64,524288,51.04640291431644,418172.13267408026
spd_b8192_lr0.008_m0.9_s20260928,complete,2.2,True,96,786432,77.17588961153533,632224.8876976974
spd_b8192_lr0.008_m0.9_s20260928,complete,2.0,True,128,1048576,105.02336074545828,860351.3712267942
spd_b8192_lr0.016_m0.9_s20260928,complete,2.4,True,64,524288,39.97045319051203,327437.95253667457
spd_b8192_lr0.016_m0.9_s20260928,complete,2.2,True,64,524288,56.367423450190074,461761.9329039571
spd_b8192_lr0.016_m0.9_s20260928,complete,2.0,True,96,786432,80.32620959758593,658032.3090234239
spd_b8192_lr0.032_m0.9_s20260928,complete,2.4,True,64,524288,40.357607183300836,330609.51804560045
spd_b8192_lr0.032_m0.9_s20260928,complete,2.2,True,64,524288,56.08355350069918,459436.4702777277
spd_b8192_lr0.032_m0.9_s20260928,complete,2.0,True,96,786432,81.44679742770744,667212.1645277793
ts_b8192_lr0.004_m0.9_s20260928,complete,2.4,True,96,786432,76.17188896359622,624000.1143897802
ts_b8192_lr0.004_m0.9_s20260928,complete,2.2,True,128,1048576,115.81506888251651,948757.0442855753
ts_b8192_lr0.004_m0.9_s20260928,complete,2.0,True,160,1310720,151.54083866520767,1241422.5503453813
ts_b8192_lr0.008_m0.9_s20260928,complete,2.4,True,64,524288,54.52778461294592,446691.611549253
ts_b8192_lr0.008_m0.9_s20260928,complete,2.2,True,96,786432,80.28687484471172,657710.0787278784
ts_b8192_lr0.008_m0.9_s20260928,complete,2.0,True,128,1048576,107.52066916639481,880809.3218111063
ts_b8192_lr0.016_m0.9_s20260928,complete,2.4,True,64,524288,40.96417854997566,335578.5506814006
ts_b8192_lr0.016_m0.9_s20260928,complete,2.2,True,64,524288,58.099599822029624,475951.9217420667
ts_b8192_lr0.016_m0.9_s20260928,complete,2.0,True,96,786432,83.33486398780164,682679.205788071
ts_b8192_lr0.032_m0.9_s20260928,complete,2.4,True,64,524288,40.14059896203712,328831.78669700806
ts_b8192_lr0.032_m0.9_s20260928,complete,2.2,True,64,524288,55.11244434405039,451481.1440664608
ts_b8192_lr0.032_m0.9_s20260928,complete,2.0,True,96,786432,78.45089636407232,642669.7430144805
