earlier,later,seed,threshold,earlier_lr,later_lr,earlier_reached,later_reached,earlier_at_initial,later_at_initial,earlier_left_step,earlier_right_step,later_left_step,later_right_step,interpolated_step_ratio,interpolated_target_ratio,observed_interval_ratio_lower,observed_interval_ratio_upper
adamw,muon,20261001,4.0,0.0006,0.01,False,False,False,False,,,,,,,,
adamw,muon,20261002,4.0,0.0006,0.01,False,False,False,False,,,,,,,,
adamw,muon,20261001,4.1,0.0006,0.01,False,False,False,False,,,,,,,,
adamw,muon,20261002,4.1,0.0006,0.01,False,False,False,False,,,,,,,,
adamw,muon,20261001,4.2,0.0006,0.01,False,False,False,False,,,,,,,,
adamw,muon,20261002,4.2,0.0006,0.01,False,False,False,False,,,,,,,,
adamw,muon,20261001,4.3,0.0006,0.01,False,False,False,False,,,,,,,,
adamw,muon,20261002,4.3,0.0006,0.01,False,False,False,False,,,,,,,,
adamw,muon,20261001,4.4,0.0006,0.01,False,False,False,False,,,,,,,,
adamw,muon,20261002,4.4,0.0006,0.01,False,False,False,False,,,,,,,,
adamw,muon,20261001,4.5,0.0006,0.01,False,False,False,False,,,,,,,,
adamw,muon,20261002,4.5,0.0006,0.01,False,False,False,False,,,,,,,,
adamw,muon,20261001,4.6,0.0006,0.01,False,True,False,False,,,344,352,,,,
adamw,muon,20261002,4.6,0.0006,0.01,False,True,False,False,,,352,360,,,,
adamw,muon,20261001,4.7,0.0006,0.01,False,True,False,False,,,296,304,,,,
adamw,muon,20261002,4.7,0.0006,0.01,False,True,False,False,,,312,320,,,,
adamw,muon,20261001,4.8,0.0006,0.01,False,True,False,False,,,256,264,,,,
adamw,muon,20261002,4.8,0.0006,0.01,False,True,False,False,,,272,280,,,,
adamw,muon,20261001,4.9,0.0006,0.01,False,True,False,False,,,232,240,,,,
adamw,muon,20261002,4.9,0.0006,0.01,False,True,False,False,,,240,248,,,,
adamw,muon,20261001,5.0,0.0006,0.01,False,True,False,False,,,208,216,,,,
adamw,muon,20261002,5.0,0.0006,0.01,False,True,False,False,,,216,224,,,,
adamw,muon,20261001,5.1,0.0006,0.01,False,True,False,False,,,192,200,,,,
adamw,muon,20261002,5.1,0.0006,0.01,False,True,False,False,,,200,208,,,,
adamw,muon,20261001,5.2,0.0006,0.01,True,True,False,False,328,336,176,184,1.877331388491191,1.877331388491191,1.7826086956521738,1.9090909090909092
adamw,muon,20261002,5.2,0.0006,0.01,True,True,False,False,328,336,176,184,1.835870278356147,1.835870278356147,1.7826086956521738,1.9090909090909092
adamw,muon,20261001,5.3,0.0006,0.01,True,True,False,False,280,288,152,160,1.8126452918723992,1.8126452918723992,1.75,1.894736842105263
adamw,muon,20261002,5.3,0.0006,0.01,True,True,False,False,288,296,160,168,1.8044066460842658,1.8044066460842658,1.7142857142857142,1.85
adamw,muon,20261001,5.4,0.0006,0.01,True,True,False,False,248,256,136,144,1.760310774791299,1.760310774791299,1.7222222222222223,1.8823529411764706
adamw,muon,20261002,5.4,0.0006,0.01,True,True,False,False,248,256,136,144,1.7425418243570292,1.7425418243570292,1.7222222222222223,1.8823529411764706
adamw,muon,20261001,5.5,0.0006,0.01,True,True,False,False,224,232,128,136,1.7313800559890198,1.7313800559890198,1.6470588235294117,1.8125
adamw,muon,20261002,5.5,0.0006,0.01,True,True,False,False,216,224,128,136,1.6918456933957204,1.6918456933957204,1.588235294117647,1.75
adamw,muon,20261001,5.6,0.0006,0.01,True,True,False,False,192,200,112,120,1.679955886127159,1.679955886127159,1.6,1.7857142857142858
adamw,muon,20261002,5.6,0.0006,0.01,True,True,False,False,192,200,112,120,1.6482107055366502,1.6482107055366502,1.6,1.7857142857142858
adamw,muon,20261001,5.7,0.0006,0.01,True,True,False,False,176,184,104,112,1.6416196952177005,1.6416196952177005,1.5714285714285714,1.7692307692307692
adamw,muon,20261002,5.7,0.0006,0.01,True,True,False,False,168,176,104,112,1.595285948742526,1.595285948742526,1.5,1.6923076923076923
adamw,muon,20261001,5.8,0.0006,0.01,True,True,False,False,152,160,96,104,1.610906529151302,1.610906529151302,1.4615384615384615,1.6666666666666667
adamw,muon,20261002,5.8,0.0006,0.01,True,True,False,False,152,160,96,104,1.5631892713396491,1.5631892713396491,1.4615384615384615,1.6666666666666667
adamw,muon,20261001,5.9,0.0006,0.01,True,True,False,False,136,144,88,96,1.5895906843041472,1.5895906843041472,1.4166666666666667,1.6363636363636365
adamw,muon,20261002,5.9,0.0006,0.01,True,True,False,False,136,144,88,96,1.5405124857273722,1.5405124857273722,1.4166666666666667,1.6363636363636365
adamw,muon,20261001,6.0,0.0006,0.01,True,True,False,False,120,128,72,80,1.5717558702131191,1.5717558702131191,1.5,1.7777777777777777
adamw,muon,20261002,6.0,0.0006,0.01,True,True,False,False,120,128,72,80,1.5113499350260737,1.5113499350260737,1.5,1.7777777777777777
adamw,muon,20261001,6.1,0.0006,0.01,True,True,False,False,104,112,64,72,1.559911789741722,1.559911789741722,1.4444444444444444,1.75
adamw,muon,20261002,6.1,0.0006,0.01,True,True,False,False,104,112,64,72,1.4695581713503,1.4695581713503,1.4444444444444444,1.75
adamw,muon,20261001,6.2,0.0006,0.01,True,True,False,False,88,96,56,64,1.5193903186040476,1.5193903186040476,1.375,1.7142857142857142
adamw,muon,20261002,6.2,0.0006,0.01,True,True,False,False,88,96,56,64,1.4405665463144144,1.4405665463144144,1.375,1.7142857142857142
adamw,muon,20261001,6.3,0.0006,0.01,True,True,False,False,80,88,48,56,1.4928559644592594,1.4928559644592594,1.4285714285714286,1.8333333333333333
adamw,muon,20261002,6.3,0.0006,0.01,True,True,False,False,72,80,48,56,1.4007396064175297,1.4007396064175297,1.2857142857142858,1.6666666666666667
adamw,muon,20261001,6.4,0.0006,0.01,True,True,False,False,64,72,48,56,1.4613996813262295,1.4613996813262295,1.1428571428571428,1.5
adamw,muon,20261002,6.4,0.0006,0.01,True,True,False,False,64,72,48,56,1.3516649088425632,1.3516649088425632,1.1428571428571428,1.5
adamw,muon,20261001,6.5,0.0006,0.01,True,True,False,False,56,64,40,48,1.4121002404693805,1.4121002404693805,1.1666666666666667,1.6
adamw,muon,20261002,6.5,0.0006,0.01,True,True,False,False,56,64,40,48,1.283157528976844,1.283157528976844,1.1666666666666667,1.6
adamw,muon,20261001,6.6,0.0006,0.01,True,True,False,False,48,56,32,40,1.3749781412392086,1.3749781412392086,1.2,1.75
adamw,muon,20261002,6.6,0.0006,0.01,True,True,False,False,48,56,32,40,1.2589170033017292,1.2589170033017292,1.2,1.75
adamw,muon,20261001,6.7,0.0006,0.01,True,True,False,False,40,48,32,40,1.3323234290260553,1.3323234290260553,1.0,1.5
adamw,muon,20261002,6.7,0.0006,0.01,True,True,False,False,40,48,32,40,1.23227247072606,1.23227247072606,1.0,1.5
adamw,muon,20261001,6.8,0.0006,0.01,True,True,False,False,40,48,24,32,1.2990258478344436,1.2990258478344436,1.25,2.0
adamw,muon,20261002,6.8,0.0006,0.01,True,True,False,False,32,40,32,40,1.2158792886376337,1.2158792886376337,0.8,1.25
adamw,muon,20261001,6.9,0.0006,0.01,True,True,False,False,32,40,24,32,1.2429859248794382,1.2429859248794382,1.0,1.6666666666666667
adamw,muon,20261002,6.9,0.0006,0.01,True,True,False,False,32,40,24,32,1.1967822872129823,1.1967822872129823,1.0,1.6666666666666667
adamw,muon,20261001,7.0,0.0006,0.01,True,True,False,False,32,40,24,32,1.1897936847774095,1.1897936847774095,1.0,1.6666666666666667
adamw,muon,20261002,7.0,0.0006,0.01,True,True,False,False,32,40,24,32,1.162826038324962,1.162826038324962,1.0,1.6666666666666667
adamw,muon,20261001,7.1,0.0006,0.01,True,True,False,False,24,32,24,32,1.1701019631571932,1.1701019631571932,0.75,1.3333333333333333
adamw,muon,20261002,7.1,0.0006,0.01,True,True,False,False,24,32,24,32,1.1501255552850038,1.1501255552850038,0.75,1.3333333333333333
adamw,muon,20261001,7.2,0.0006,0.01,True,True,False,False,24,32,16,24,1.1313727381560201,1.1313727381560201,1.0,2.0
adamw,muon,20261002,7.2,0.0006,0.01,True,True,False,False,24,32,16,24,1.1424170039535473,1.1424170039535473,1.0,2.0
adamw,muon,20261001,7.3,0.0006,0.01,True,True,False,False,16,24,16,24,1.0771439858964231,1.0771439858964231,0.6666666666666666,1.5
adamw,muon,20261002,7.3,0.0006,0.01,True,True,False,False,24,32,16,24,1.0978545519764982,1.0978545519764982,1.0,2.0
adamw,muon,20261001,7.4,0.0006,0.01,True,True,False,False,16,24,16,24,1.0609670783560943,1.0609670783560943,0.6666666666666666,1.5
adamw,muon,20261002,7.4,0.0006,0.01,True,True,False,False,16,24,16,24,1.0715908741639042,1.0715908741639042,0.6666666666666666,1.5
adamw,muon,20261001,7.5,0.0006,0.01,True,True,False,False,16,24,16,24,1.0424559531271673,1.0424559531271673,0.6666666666666666,1.5
adamw,muon,20261002,7.5,0.0006,0.01,True,True,False,False,16,24,16,24,1.051682239162739,1.051682239162739,0.6666666666666666,1.5
adamw,muon,20261001,7.6,0.0006,0.01,True,True,False,False,16,24,16,24,1.0210661086815294,1.0210661086815294,0.6666666666666666,1.5
adamw,muon,20261002,7.6,0.0006,0.01,True,True,False,False,16,24,16,24,1.0286915468022253,1.0286915468022253,0.6666666666666666,1.5
adamw,muon,20261001,7.7,0.0006,0.01,True,True,False,False,16,24,16,24,0.9960694108138923,0.9960694108138923,0.6666666666666666,1.5
adamw,muon,20261002,7.7,0.0006,0.01,True,True,False,False,16,24,16,24,1.0018430500361735,1.0018430500361735,0.6666666666666666,1.5
adamw,muon,20261001,7.8,0.0006,0.01,True,True,False,False,8,16,8,16,0.9932547736872736,0.9932547736872736,0.5,2.0
adamw,muon,20261002,7.8,0.0006,0.01,True,True,False,False,8,16,8,16,0.9922392107636681,0.9922392107636681,0.5,2.0
adamw,muon,20261001,7.9,0.0006,0.01,True,True,False,False,8,16,8,16,0.9907621406103863,0.9907621406103863,0.5,2.0
adamw,muon,20261002,7.9,0.0006,0.01,True,True,False,False,8,16,8,16,0.9902569896861394,0.9902569896861394,0.5,2.0
adamw,muon,20261001,8.0,0.0006,0.01,True,True,False,False,8,16,8,16,0.9879962217954745,0.9879962217954745,0.5,2.0
adamw,muon,20261002,8.0,0.0006,0.01,True,True,False,False,8,16,8,16,0.9880598530336788,0.9880598530336788,0.5,2.0
adamw,muon,20261001,8.1,0.0006,0.01,True,True,False,False,8,16,8,16,0.9849094671120091,0.9849094671120091,0.5,2.0
adamw,muon,20261002,8.1,0.0006,0.01,True,True,False,False,8,16,8,16,0.9856108451773331,0.9856108451773331,0.5,2.0
adamw,muon,20261001,8.2,0.0006,0.01,True,True,False,False,8,16,8,16,0.9814426159844228,0.9814426159844228,0.5,2.0
adamw,muon,20261002,8.2,0.0006,0.01,True,True,False,False,8,16,8,16,0.9828640224097077,0.9828640224097077,0.5,2.0
adamw,muon,20261001,8.3,0.0006,0.01,True,True,False,False,8,16,8,16,0.9775208558753955,0.9775208558753955,0.5,2.0
adamw,muon,20261002,8.3,0.0006,0.01,True,True,False,False,8,16,8,16,0.9797615435243802,0.9797615435243802,0.5,2.0
adamw,muon,20261001,8.4,0.0006,0.01,True,True,False,False,8,16,8,16,0.9730483623747389,0.9730483623747389,0.5,2.0
adamw,muon,20261002,8.4,0.0006,0.01,True,True,False,False,8,16,8,16,0.976229552039497,0.976229552039497,0.5,2.0
adamw,muon,20261001,8.5,0.0006,0.01,True,True,False,False,8,16,8,16,0.9679003653736282,0.9679003653736282,0.5,2.0
adamw,muon,20261002,8.5,0.0006,0.01,True,True,False,False,8,16,8,16,0.9721722210182365,0.9721722210182365,0.5,2.0
adamw,muon,20261001,8.6,0.0006,0.01,True,True,False,False,8,16,8,16,0.9619113267296593,0.9619113267296593,0.5,2.0
adamw,muon,20261002,8.6,0.0006,0.01,True,True,False,False,8,16,8,16,0.9674629271183293,0.9674629271183293,0.5,2.0
adamw,muon,20261001,8.7,0.0006,0.01,True,True,False,False,8,16,8,16,0.9548568081744614,0.9548568081744614,0.5,2.0
adamw,muon,20261002,8.7,0.0006,0.01,True,True,False,False,8,16,8,16,0.9619307982789566,0.9619307982789566,0.5,2.0
adamw,muon,20261001,8.8,0.0006,0.01,True,True,False,False,1,8,1,8,0.9338832202531039,0.9338832202531039,0.125,8.0
adamw,muon,20261002,8.8,0.0006,0.01,True,True,False,False,1,8,8,16,0.9421509426134933,0.9421509426134933,0.0625,1.0
adamw,muon,20261001,8.9,0.0006,0.01,True,True,False,False,1,8,1,8,0.9299015511058047,0.9299015511058047,0.125,8.0
adamw,muon,20261002,8.9,0.0006,0.01,True,True,False,False,1,8,1,8,0.9378770085079938,0.9378770085079938,0.125,8.0
adamw,muon,20261001,9.0,0.0006,0.01,True,True,False,False,1,8,1,8,0.9244342008976083,0.9244342008976083,0.125,8.0
adamw,muon,20261002,9.0,0.0006,0.01,True,True,False,False,1,8,1,8,0.9335522844006885,0.9335522844006885,0.125,8.0
adamw,muon,20261001,9.1,0.0006,0.01,True,True,False,False,1,8,1,8,0.9164589258750675,0.9164589258750675,0.125,8.0
adamw,muon,20261002,9.1,0.0006,0.01,True,True,False,False,1,8,1,8,0.9272676839446871,0.9272676839446871,0.125,8.0
adamw,muon,20261001,9.2,0.0006,0.01,True,True,False,False,1,8,1,8,0.9037365468415003,0.9037365468415003,0.125,8.0
adamw,muon,20261002,9.2,0.0006,0.01,True,True,False,False,1,8,1,8,0.9173006236716452,0.9173006236716452,0.125,8.0
adamw,muon,20261001,9.3,0.0006,0.01,True,True,False,False,1,8,1,8,0.8802327606665113,0.8802327606665113,0.125,8.0
adamw,muon,20261002,9.3,0.0006,0.01,True,True,False,False,1,8,1,8,0.8990733252399136,0.8990733252399136,0.125,8.0
adamw,muon,20261001,9.4,0.0006,0.01,True,True,False,False,1,8,1,8,0.8221660850945162,0.8221660850945162,0.125,8.0
adamw,muon,20261002,9.4,0.0006,0.01,True,True,False,False,1,8,1,8,0.8550513817981907,0.8550513817981907,0.125,8.0
adamw,muon,20261001,9.5,0.0006,0.01,True,True,True,True,0,0,0,0,,,,
adamw,muon,20261002,9.5,0.0006,0.01,True,True,True,True,0,0,0,0,,,,
muon,pd,20261001,4.0,0.01,0.01,False,False,False,False,,,,,,,,
muon,pd,20261002,4.0,0.01,0.01,False,False,False,False,,,,,,,,
muon,pd,20261001,4.1,0.01,0.01,False,False,False,False,,,,,,,,
muon,pd,20261002,4.1,0.01,0.01,False,False,False,False,,,,,,,,
muon,pd,20261001,4.2,0.01,0.01,False,False,False,False,,,,,,,,
muon,pd,20261002,4.2,0.01,0.01,False,False,False,False,,,,,,,,
muon,pd,20261001,4.3,0.01,0.01,False,False,False,False,,,,,,,,
muon,pd,20261002,4.3,0.01,0.01,False,False,False,False,,,,,,,,
muon,pd,20261001,4.4,0.01,0.01,False,False,False,False,,,,,,,,
muon,pd,20261002,4.4,0.01,0.01,False,False,False,False,,,,,,,,
muon,pd,20261001,4.5,0.01,0.01,False,False,False,False,,,,,,,,
muon,pd,20261002,4.5,0.01,0.01,False,False,False,False,,,,,,,,
muon,pd,20261001,4.6,0.01,0.01,True,True,False,False,344,352,336,344,1.0278626688464139,1.0278626688464139,1.0,1.0476190476190477
muon,pd,20261002,4.6,0.01,0.01,True,True,False,False,352,360,328,336,1.058801771327719,1.058801771327719,1.0476190476190477,1.0975609756097562
muon,pd,20261001,4.7,0.01,0.01,True,True,False,False,296,304,280,288,1.0568144744215384,1.0568144744215384,1.0277777777777777,1.0857142857142856
muon,pd,20261002,4.7,0.01,0.01,True,True,False,False,312,320,280,288,1.098576853026434,1.098576853026434,1.0833333333333333,1.1428571428571428
muon,pd,20261001,4.8,0.01,0.01,True,True,False,False,256,264,248,256,1.0415041443419326,1.0415041443419326,1.0,1.064516129032258
muon,pd,20261002,4.8,0.01,0.01,True,True,False,False,272,280,248,256,1.081874568337144,1.081874568337144,1.0625,1.1290322580645162
muon,pd,20261001,4.9,0.01,0.01,True,True,False,False,232,240,224,232,1.0359723812906547,1.0359723812906547,1.0,1.0714285714285714
muon,pd,20261002,4.9,0.01,0.01,True,True,False,False,240,248,224,232,1.083740306097872,1.083740306097872,1.0344827586206897,1.1071428571428572
muon,pd,20261001,5.0,0.01,0.01,True,True,False,False,208,216,200,208,1.045576120424571,1.045576120424571,1.0,1.08
muon,pd,20261002,5.0,0.01,0.01,True,True,False,False,216,224,200,208,1.0858938844612702,1.0858938844612702,1.0384615384615385,1.12
muon,pd,20261001,5.1,0.01,0.01,True,True,False,False,192,200,176,184,1.0788715897473948,1.0788715897473948,1.0434782608695652,1.1363636363636365
muon,pd,20261002,5.1,0.01,0.01,True,True,False,False,200,208,176,184,1.0994555579464433,1.0994555579464433,1.0869565217391304,1.1818181818181819
muon,pd,20261001,5.2,0.01,0.01,True,True,False,False,176,184,152,160,1.1068246913303403,1.1068246913303403,1.1,1.2105263157894737
muon,pd,20261002,5.2,0.01,0.01,True,True,False,False,176,184,160,168,1.1057957526043765,1.1057957526043765,1.0476190476190477,1.15
muon,pd,20261001,5.3,0.01,0.01,True,True,False,False,152,160,136,144,1.1154965151292207,1.1154965151292207,1.0555555555555556,1.1764705882352942
muon,pd,20261002,5.3,0.01,0.01,True,True,False,False,160,168,144,152,1.1066641100257604,1.1066641100257604,1.0526315789473684,1.1666666666666667
muon,pd,20261001,5.4,0.01,0.01,True,True,False,False,136,144,120,128,1.1154540494733685,1.1154540494733685,1.0625,1.2
muon,pd,20261002,5.4,0.01,0.01,True,True,False,False,136,144,128,136,1.0996748246855852,1.0996748246855852,1.0,1.125
muon,pd,20261001,5.5,0.01,0.01,True,True,False,False,128,136,112,120,1.1176888722645224,1.1176888722645224,1.0666666666666667,1.2142857142857142
muon,pd,20261002,5.5,0.01,0.01,True,True,False,False,128,136,112,120,1.102482109819758,1.102482109819758,1.0666666666666667,1.2142857142857142
muon,pd,20261001,5.6,0.01,0.01,True,True,False,False,112,120,104,112,1.1193686655179962,1.1193686655179962,1.0,1.1538461538461537
muon,pd,20261002,5.6,0.01,0.01,True,True,False,False,112,120,104,112,1.1030177702818333,1.1030177702818333,1.0,1.1538461538461537
muon,pd,20261001,5.7,0.01,0.01,True,True,False,False,104,112,96,104,1.1170641559825918,1.1170641559825918,1.0,1.1666666666666667
muon,pd,20261002,5.7,0.01,0.01,True,True,False,False,104,112,96,104,1.1137089627287224,1.1137089627287224,1.0,1.1666666666666667
muon,pd,20261001,5.8,0.01,0.01,True,True,False,False,96,104,80,88,1.116820315037973,1.116820315037973,1.0909090909090908,1.3
muon,pd,20261002,5.8,0.01,0.01,True,True,False,False,96,104,88,96,1.1148934139144993,1.1148934139144993,1.0,1.1818181818181819
muon,pd,20261001,5.9,0.01,0.01,True,True,False,False,88,96,72,80,1.116903788655183,1.116903788655183,1.1,1.3333333333333333
muon,pd,20261002,5.9,0.01,0.01,True,True,False,False,88,96,72,80,1.1121589925510502,1.1121589925510502,1.1,1.3333333333333333
muon,pd,20261001,6.0,0.01,0.01,True,True,False,False,72,80,64,72,1.1209859157929787,1.1209859157929787,1.0,1.25
muon,pd,20261002,6.0,0.01,0.01,True,True,False,False,72,80,64,72,1.1072974357313938,1.1072974357313938,1.0,1.25
muon,pd,20261001,6.1,0.01,0.01,True,True,False,False,64,72,56,64,1.116515524476323,1.116515524476323,1.0,1.2857142857142858
muon,pd,20261002,6.1,0.01,0.01,True,True,False,False,64,72,56,64,1.112493631099295,1.112493631099295,1.0,1.2857142857142858
muon,pd,20261001,6.2,0.01,0.01,True,True,False,False,56,64,56,64,1.1107578712824702,1.1107578712824702,0.875,1.1428571428571428
muon,pd,20261002,6.2,0.01,0.01,True,True,False,False,56,64,56,64,1.0999380017463096,1.0999380017463096,0.875,1.1428571428571428
muon,pd,20261001,6.3,0.01,0.01,True,True,False,False,48,56,48,56,1.091406637712549,1.091406637712549,0.8571428571428571,1.1666666666666667
muon,pd,20261002,6.3,0.01,0.01,True,True,False,False,48,56,48,56,1.0855429296520271,1.0855429296520271,0.8571428571428571,1.1666666666666667
muon,pd,20261001,6.4,0.01,0.01,True,True,False,False,48,56,40,48,1.0716217184738908,1.0716217184738908,1.0,1.4
muon,pd,20261002,6.4,0.01,0.01,True,True,False,False,48,56,40,48,1.0661199420046423,1.0661199420046423,1.0,1.4
muon,pd,20261001,6.5,0.01,0.01,True,True,False,False,40,48,40,48,1.0632282221976994,1.0632282221976994,0.8333333333333334,1.2
muon,pd,20261002,6.5,0.01,0.01,True,True,False,False,40,48,40,48,1.0643236911291585,1.0643236911291585,0.8333333333333334,1.2
muon,pd,20261001,6.6,0.01,0.01,True,True,False,False,32,40,32,40,1.0420809192233047,1.0420809192233047,0.8,1.25
muon,pd,20261002,6.6,0.01,0.01,True,True,False,False,32,40,32,40,1.0456880478460293,1.0456880478460293,0.8,1.25
muon,pd,20261001,6.7,0.01,0.01,True,True,False,False,32,40,32,40,1.0409268216179894,1.0409268216179894,0.8,1.25
muon,pd,20261002,6.7,0.01,0.01,True,True,False,False,32,40,32,40,1.0438817674337055,1.0438817674337055,0.8,1.25
muon,pd,20261001,6.8,0.01,0.01,True,True,False,False,24,32,24,32,1.024661736998019,1.024661736998019,0.75,1.3333333333333333
muon,pd,20261002,6.8,0.01,0.01,True,True,False,False,32,40,24,32,1.0359186805596705,1.0359186805596705,1.0,1.6666666666666667
muon,pd,20261001,6.9,0.01,0.01,True,True,False,False,24,32,24,32,1.0220326684464736,1.0220326684464736,0.75,1.3333333333333333
muon,pd,20261002,6.9,0.01,0.01,True,True,False,False,24,32,24,32,1.0271798606403455,1.0271798606403455,0.75,1.3333333333333333
muon,pd,20261001,7.0,0.01,0.01,True,True,False,False,24,32,24,32,1.018988579585976,1.018988579585976,0.75,1.3333333333333333
muon,pd,20261002,7.0,0.01,0.01,True,True,False,False,24,32,24,32,1.0272086822775333,1.0272086822775333,0.75,1.3333333333333333
muon,pd,20261001,7.1,0.01,0.01,True,True,False,False,24,32,24,32,1.0154227776415035,1.0154227776415035,0.75,1.3333333333333333
muon,pd,20261002,7.1,0.01,0.01,True,True,False,False,24,32,24,32,1.0272422535782184,1.0272422535782184,0.75,1.3333333333333333
muon,pd,20261001,7.2,0.01,0.01,True,True,False,False,16,24,16,24,1.0081968073722996,1.0081968073722996,0.6666666666666666,1.5
muon,pd,20261002,7.2,0.01,0.01,True,True,False,False,16,24,16,24,1.0174289763696676,1.0174289763696676,0.6666666666666666,1.5
muon,pd,20261001,7.3,0.01,0.01,True,True,False,False,16,24,16,24,1.007428899112886,1.007428899112886,0.6666666666666666,1.5
muon,pd,20261002,7.3,0.01,0.01,True,True,False,False,16,24,16,24,1.0157023576242687,1.0157023576242687,0.6666666666666666,1.5
muon,pd,20261001,7.4,0.01,0.01,True,True,False,False,16,24,16,24,1.006559058402734,1.006559058402734,0.6666666666666666,1.5
muon,pd,20261002,7.4,0.01,0.01,True,True,False,False,16,24,16,24,1.0137513517306616,1.0137513517306616,0.6666666666666666,1.5
muon,pd,20261001,7.5,0.01,0.01,True,True,False,False,16,24,16,24,1.0055655466130136,1.0055655466130136,0.6666666666666666,1.5
muon,pd,20261002,7.5,0.01,0.01,True,True,False,False,16,24,16,24,1.0115291777108457,1.0115291777108457,0.6666666666666666,1.5
muon,pd,20261001,7.6,0.01,0.01,True,True,False,False,16,24,16,24,1.004419970603776,1.004419970603776,0.6666666666666666,1.5
muon,pd,20261002,7.6,0.01,0.01,True,True,False,False,16,24,16,24,1.0089750793112862,1.0089750793112862,0.6666666666666666,1.5
muon,pd,20261001,7.7,0.01,0.01,True,True,False,False,16,24,16,24,1.0030845254066447,1.0030845254066447,0.6666666666666666,1.5
muon,pd,20261002,7.7,0.01,0.01,True,True,False,False,16,24,16,24,1.0060086850992362,1.0060086850992362,0.6666666666666666,1.5
muon,pd,20261001,7.8,0.01,0.01,True,True,False,False,8,16,8,16,1.0004884882285465,1.0004884882285465,0.5,2.0
muon,pd,20261002,7.8,0.01,0.01,True,True,False,False,8,16,8,16,1.0017065609351894,1.0017065609351894,0.5,2.0
muon,pd,20261001,7.9,0.01,0.01,True,True,False,False,8,16,8,16,0.9990223189324267,0.9990223189324267,0.5,2.0
muon,pd,20261002,7.9,0.01,0.01,True,True,False,False,8,16,8,16,1.0004191232079809,1.0004191232079809,0.5,2.0
muon,pd,20261001,8.0,0.01,0.01,True,True,False,False,8,16,8,16,0.9974004242573415,0.9974004242573415,0.5,2.0
muon,pd,20261002,8.0,0.01,0.01,True,True,False,False,8,16,8,16,0.9989959609270738,0.9989959609270738,0.5,2.0
muon,pd,20261001,8.1,0.01,0.01,True,True,False,False,8,16,8,16,0.9955966027933808,0.9955966027933808,0.5,2.0
muon,pd,20261002,8.1,0.01,0.01,True,True,False,False,8,16,8,16,0.9974144172476562,0.9974144172476562,0.5,2.0
muon,pd,20261001,8.2,0.01,0.01,True,True,False,False,8,16,8,16,0.9935784258904851,0.9935784258904851,0.5,2.0
muon,pd,20261002,8.2,0.01,0.01,True,True,False,False,8,16,8,16,0.9956464952971718,0.9956464952971718,0.5,2.0
muon,pd,20261001,8.3,0.01,0.01,True,True,False,False,8,16,8,16,0.9913052707711703,0.9913052707711703,0.5,2.0
muon,pd,20261002,8.3,0.01,0.01,True,True,False,False,8,16,8,16,0.9936571864211947,0.9936571864211947,0.5,2.0
muon,pd,20261001,8.4,0.01,0.01,True,True,False,False,8,16,8,16,0.9887255578798134,0.9887255578798134,0.5,2.0
muon,pd,20261002,8.4,0.01,0.01,True,True,False,False,8,16,8,16,0.9914021284471516,0.9914021284471516,0.5,2.0
muon,pd,20261001,8.5,0.01,0.01,True,True,False,False,8,16,8,16,0.9857727897015196,0.9857727897015196,0.5,2.0
muon,pd,20261002,8.5,0.01,0.01,True,True,False,False,8,16,8,16,0.9888242582874078,0.9888242582874078,0.5,2.0
muon,pd,20261001,8.6,0.01,0.01,True,True,False,False,8,16,8,16,0.982359737146584,0.982359737146584,0.5,2.0
muon,pd,20261002,8.6,0.01,0.01,True,True,False,False,8,16,8,16,0.9858489161753332,0.9858489161753332,0.5,2.0
muon,pd,20261001,8.7,0.01,0.01,True,True,False,False,8,16,8,16,0.9783696774031916,0.9783696774031916,0.5,2.0
muon,pd,20261002,8.7,0.01,0.01,True,True,False,False,8,16,8,16,0.9823764961572286,0.9823764961572286,0.5,2.0
muon,pd,20261001,8.8,0.01,0.01,True,True,False,False,1,8,8,16,0.9650048725003704,0.9650048725003704,0.0625,1.0
muon,pd,20261002,8.8,0.01,0.01,True,True,False,False,8,16,8,16,0.9782710772863383,0.9782710772863383,0.5,2.0
muon,pd,20261001,8.9,0.01,0.01,True,True,False,False,1,8,1,8,0.9630772641539104,0.9630772641539104,0.125,8.0
muon,pd,20261002,8.9,0.01,0.01,True,True,False,False,1,8,1,8,0.9673661607601917,0.9673661607601917,0.125,8.0
muon,pd,20261001,9.0,0.01,0.01,True,True,False,False,1,8,1,8,0.9626605142168059,0.9626605142168059,0.125,8.0
muon,pd,20261002,9.0,0.01,0.01,True,True,False,False,1,8,1,8,0.9669463393954588,0.9669463393954588,0.125,8.0
muon,pd,20261001,9.1,0.01,0.01,True,True,False,False,1,8,1,8,0.9620532435610972,0.9620532435610972,0.125,8.0
muon,pd,20261002,9.1,0.01,0.01,True,True,False,False,1,8,1,8,0.966336912692708,0.966336912692708,0.125,8.0
muon,pd,20261001,9.2,0.01,0.01,True,True,False,False,1,8,1,8,0.961086092991073,0.961086092991073,0.125,8.0
muon,pd,20261002,9.2,0.01,0.01,True,True,False,False,1,8,1,8,0.9653719662691153,0.9653719662691153,0.125,8.0
muon,pd,20261001,9.3,0.01,0.01,True,True,False,False,1,8,1,8,0.959304448949246,0.959304448949246,0.125,8.0
muon,pd,20261002,9.3,0.01,0.01,True,True,False,False,1,8,1,8,0.9636122924087516,0.9636122924087516,0.125,8.0
muon,pd,20261001,9.4,0.01,0.01,True,True,False,False,1,8,1,8,0.9549310429784842,0.9549310429784842,0.125,8.0
muon,pd,20261002,9.4,0.01,0.01,True,True,False,False,1,8,1,8,0.9593887289975483,0.9593887289975483,0.125,8.0
muon,pd,20261001,9.5,0.01,0.01,True,True,True,True,0,0,0,0,,,,
muon,pd,20261002,9.5,0.01,0.01,True,True,True,True,0,0,0,0,,,,
pd,ts,20261001,4.0,0.01,0.01,False,False,False,False,,,,,,,,
pd,ts,20261002,4.0,0.01,0.01,False,False,False,False,,,,,,,,
pd,ts,20261001,4.1,0.01,0.01,False,False,False,False,,,,,,,,
pd,ts,20261002,4.1,0.01,0.01,False,False,False,False,,,,,,,,
pd,ts,20261001,4.2,0.01,0.01,False,False,False,False,,,,,,,,
pd,ts,20261002,4.2,0.01,0.01,False,False,False,False,,,,,,,,
pd,ts,20261001,4.3,0.01,0.01,False,False,False,False,,,,,,,,
pd,ts,20261002,4.3,0.01,0.01,False,False,False,False,,,,,,,,
pd,ts,20261001,4.4,0.01,0.01,False,False,False,False,,,,,,,,
pd,ts,20261002,4.4,0.01,0.01,False,False,False,False,,,,,,,,
pd,ts,20261001,4.5,0.01,0.01,False,True,False,False,,,352,360,,,,
pd,ts,20261002,4.5,0.01,0.01,False,False,False,False,,,,,,,,
pd,ts,20261001,4.6,0.01,0.01,True,True,False,False,336,344,312,320,1.0697885508540368,1.0697885508540368,1.05,1.1025641025641026
pd,ts,20261002,4.6,0.01,0.01,True,True,False,False,328,336,328,336,1.0050074495033177,1.0050074495033177,0.9761904761904762,1.024390243902439
pd,ts,20261001,4.7,0.01,0.01,True,True,False,False,280,288,272,280,1.049410931060493,1.049410931060493,1.0,1.0588235294117647
pd,ts,20261002,4.7,0.01,0.01,True,True,False,False,280,288,280,288,0.9938133291087551,0.9938133291087551,0.9722222222222222,1.0285714285714285
pd,ts,20261001,4.8,0.01,0.01,True,True,False,False,248,256,240,248,1.0346036220382961,1.0346036220382961,1.0,1.0666666666666667
pd,ts,20261002,4.8,0.01,0.01,True,True,False,False,248,256,256,264,0.9894490455316974,0.9894490455316974,0.9393939393939394,1.0
pd,ts,20261001,4.9,0.01,0.01,True,True,False,False,224,232,216,224,1.020959190519261,1.020959190519261,1.0,1.0740740740740742
pd,ts,20261002,4.9,0.01,0.01,True,True,False,False,224,232,224,232,0.983669272343216,0.983669272343216,0.9655172413793104,1.0357142857142858
pd,ts,20261001,5.0,0.01,0.01,True,True,False,False,200,208,192,200,1.02448221385003,1.02448221385003,1.0,1.0833333333333333
pd,ts,20261002,5.0,0.01,0.01,True,True,False,False,200,208,200,208,0.9973694291883132,0.9973694291883132,0.9615384615384616,1.04
pd,ts,20261001,5.1,0.01,0.01,True,True,False,False,176,184,176,184,1.018439925218025,1.018439925218025,0.9565217391304348,1.0454545454545454
pd,ts,20261002,5.1,0.01,0.01,True,True,False,False,176,184,176,184,1.00632101623725,1.00632101623725,0.9565217391304348,1.0454545454545454
pd,ts,20261001,5.2,0.01,0.01,True,True,False,False,152,160,152,160,1.0223839002314308,1.0223839002314308,0.95,1.0526315789473684
pd,ts,20261002,5.2,0.01,0.01,True,True,False,False,160,168,160,168,1.0147877109463412,1.0147877109463412,0.9523809523809523,1.05
pd,ts,20261001,5.3,0.01,0.01,True,True,False,False,136,144,136,144,1.0208347728496856,1.0208347728496856,0.9444444444444444,1.0588235294117647
pd,ts,20261002,5.3,0.01,0.01,True,True,False,False,144,152,136,144,1.0126348168582078,1.0126348168582078,1.0,1.1176470588235294
pd,ts,20261001,5.4,0.01,0.01,True,True,False,False,120,128,120,128,1.0242776722595854,1.0242776722595854,0.9375,1.0666666666666667
pd,ts,20261002,5.4,0.01,0.01,True,True,False,False,128,136,120,128,1.0283416703929313,1.0283416703929313,1.0,1.1333333333333333
pd,ts,20261001,5.5,0.01,0.01,True,True,False,False,112,120,112,120,1.0293911857394467,1.0293911857394467,0.9333333333333333,1.0714285714285714
pd,ts,20261002,5.5,0.01,0.01,True,True,False,False,112,120,112,120,1.0365301461650411,1.0365301461650411,0.9333333333333333,1.0714285714285714
pd,ts,20261001,5.6,0.01,0.01,True,True,False,False,104,112,96,104,1.0333575161561281,1.0333575161561281,1.0,1.1666666666666667
pd,ts,20261002,5.6,0.01,0.01,True,True,False,False,104,112,96,104,1.0450866993631185,1.0450866993631185,1.0,1.1666666666666667
pd,ts,20261001,5.7,0.01,0.01,True,True,False,False,96,104,88,96,1.0414893858684722,1.0414893858684722,1.0,1.1818181818181819
pd,ts,20261002,5.7,0.01,0.01,True,True,False,False,96,104,88,96,1.0465353754577875,1.0465353754577875,1.0,1.1818181818181819
pd,ts,20261001,5.8,0.01,0.01,True,True,False,False,80,88,80,88,1.0444651592750336,1.0444651592750336,0.9090909090909091,1.1
pd,ts,20261002,5.8,0.01,0.01,True,True,False,False,88,96,80,88,1.0460128295852487,1.0460128295852487,1.0,1.2
pd,ts,20261001,5.9,0.01,0.01,True,True,False,False,72,80,72,80,1.0441440785695841,1.0441440785695841,0.9,1.1111111111111112
pd,ts,20261002,5.9,0.01,0.01,True,True,False,False,72,80,72,80,1.044252169008892,1.044252169008892,0.9,1.1111111111111112
pd,ts,20261001,6.0,0.01,0.01,True,True,False,False,64,72,64,72,1.0402608311832473,1.0402608311832473,0.8888888888888888,1.125
pd,ts,20261002,6.0,0.01,0.01,True,True,False,False,64,72,64,72,1.0450144584862473,1.0450144584862473,0.8888888888888888,1.125
pd,ts,20261001,6.1,0.01,0.01,True,True,False,False,56,64,56,64,1.0382322063901057,1.0382322063901057,0.875,1.1428571428571428
pd,ts,20261002,6.1,0.01,0.01,True,True,False,False,56,64,56,64,1.0321617994336936,1.0321617994336936,0.875,1.1428571428571428
pd,ts,20261001,6.2,0.01,0.01,True,True,False,False,56,64,48,56,1.0363503975700015,1.0363503975700015,1.0,1.3333333333333333
pd,ts,20261002,6.2,0.01,0.01,True,True,False,False,56,64,48,56,1.0272564157569677,1.0272564157569677,1.0,1.3333333333333333
pd,ts,20261001,6.3,0.01,0.01,True,True,False,False,48,56,48,56,1.0287122541482892,1.0287122541482892,0.8571428571428571,1.1666666666666667
pd,ts,20261002,6.3,0.01,0.01,True,True,False,False,48,56,48,56,1.0206704817912706,1.0206704817912706,0.8571428571428571,1.1666666666666667
pd,ts,20261001,6.4,0.01,0.01,True,True,False,False,40,48,40,48,1.0209939885201416,1.0209939885201416,0.8333333333333334,1.2
pd,ts,20261002,6.4,0.01,0.01,True,True,False,False,40,48,40,48,1.0121647485370298,1.0121647485370298,0.8333333333333334,1.2
pd,ts,20261001,6.5,0.01,0.01,True,True,False,False,40,48,32,40,1.021253231594165,1.021253231594165,1.0,1.5
pd,ts,20261002,6.5,0.01,0.01,True,True,False,False,40,48,40,48,1.0083502422843607,1.0083502422843607,0.8333333333333334,1.2
pd,ts,20261001,6.6,0.01,0.01,True,True,False,False,32,40,32,40,1.0134475296576984,1.0134475296576984,0.8,1.25
pd,ts,20261002,6.6,0.01,0.01,True,True,False,False,32,40,32,40,1.0043006522239295,1.0043006522239295,0.8,1.25
pd,ts,20261001,6.7,0.01,0.01,True,True,False,False,32,40,32,40,1.0098395775156626,1.0098395775156626,0.8,1.25
pd,ts,20261002,6.7,0.01,0.01,True,True,False,False,32,40,32,40,1.0028964029491296,1.0028964029491296,0.8,1.25
pd,ts,20261001,6.8,0.01,0.01,True,True,False,False,24,32,24,32,1.0034840392333828,1.0034840392333828,0.75,1.3333333333333333
pd,ts,20261002,6.8,0.01,0.01,True,True,False,False,24,32,24,32,1.000625482517615,1.000625482517615,0.75,1.3333333333333333
pd,ts,20261001,6.9,0.01,0.01,True,True,False,False,24,32,24,32,1.000272651098029,1.000272651098029,0.75,1.3333333333333333
pd,ts,20261002,6.9,0.01,0.01,True,True,False,False,24,32,24,32,0.9982163226005271,0.9982163226005271,0.75,1.3333333333333333
pd,ts,20261001,7.0,0.01,0.01,True,True,False,False,24,32,24,32,0.9965799014186633,0.9965799014186633,0.75,1.3333333333333333
pd,ts,20261002,7.0,0.01,0.01,True,True,False,False,24,32,24,32,0.9954547128503788,0.9954547128503788,0.75,1.3333333333333333
pd,ts,20261001,7.1,0.01,0.01,True,True,False,False,24,32,24,32,0.9922887933451855,0.9922887933451855,0.75,1.3333333333333333
pd,ts,20261002,7.1,0.01,0.01,True,True,False,False,24,32,24,32,0.9922572064461967,0.9922572064461967,0.75,1.3333333333333333
pd,ts,20261001,7.2,0.01,0.01,True,True,False,False,16,24,16,24,0.9936298963780076,0.9936298963780076,0.6666666666666666,1.5
pd,ts,20261002,7.2,0.01,0.01,True,True,False,False,16,24,16,24,0.9930738351496031,0.9930738351496031,0.6666666666666666,1.5
pd,ts,20261001,7.3,0.01,0.01,True,True,False,False,16,24,16,24,0.9935131937790419,0.9935131937790419,0.6666666666666666,1.5
pd,ts,20261002,7.3,0.01,0.01,True,True,False,False,16,24,16,24,0.992771505157128,0.992771505157128,0.6666666666666666,1.5
pd,ts,20261001,7.4,0.01,0.01,True,True,False,False,16,24,16,24,0.9933810331392955,0.9933810331392955,0.6666666666666666,1.5
pd,ts,20261002,7.4,0.01,0.01,True,True,False,False,16,24,16,24,0.992430106542806,0.992430106542806,0.6666666666666666,1.5
pd,ts,20261001,7.5,0.01,0.01,True,True,False,False,16,24,16,24,0.9932301253446381,0.9932301253446381,0.6666666666666666,1.5
pd,ts,20261002,7.5,0.01,0.01,True,True,False,False,16,24,16,24,0.9920415432289064,0.9920415432289064,0.6666666666666666,1.5
pd,ts,20261001,7.6,0.01,0.01,True,True,False,False,16,24,16,24,0.993056176915642,0.993056176915642,0.6666666666666666,1.5
pd,ts,20261002,7.6,0.01,0.01,True,True,False,False,16,24,16,24,0.9915953161828073,0.9915953161828073,0.6666666666666666,1.5
pd,ts,20261001,7.7,0.01,0.01,True,True,False,False,16,24,16,24,0.9928534749557081,0.9928534749557081,0.6666666666666666,1.5
pd,ts,20261002,7.7,0.01,0.01,True,True,False,False,16,24,16,24,0.9910775604531749,0.9910775604531749,0.6666666666666666,1.5
pd,ts,20261001,7.8,0.01,0.01,True,True,False,False,8,16,8,16,0.9957256512374675,0.9957256512374675,0.5,2.0
pd,ts,20261002,7.8,0.01,0.01,True,True,False,False,8,16,8,16,0.9947444522357056,0.9947444522357056,0.5,2.0
pd,ts,20261001,7.9,0.01,0.01,True,True,False,False,8,16,8,16,0.9952070484896245,0.9952070484896245,0.5,2.0
pd,ts,20261002,7.9,0.01,0.01,True,True,False,False,8,16,8,16,0.9943940433274749,0.9943940433274749,0.5,2.0
pd,ts,20261001,8.0,0.01,0.01,True,True,False,False,8,16,8,16,0.9946339926488036,0.9946339926488036,0.5,2.0
pd,ts,20261002,8.0,0.01,0.01,True,True,False,False,8,16,8,16,0.9940069807000819,0.9940069807000819,0.5,2.0
pd,ts,20261001,8.1,0.01,0.01,True,True,False,False,8,16,8,16,0.9939974321797651,0.9939974321797651,0.5,2.0
pd,ts,20261002,8.1,0.01,0.01,True,True,False,False,8,16,8,16,0.9935771958451538,0.9935771958451538,0.5,2.0
pd,ts,20261001,8.2,0.01,0.01,True,True,False,False,8,16,8,16,0.9932861917318804,0.9932861917318804,0.5,2.0
pd,ts,20261002,8.2,0.01,0.01,True,True,False,False,8,16,8,16,0.9930972023756066,0.9930972023756066,0.5,2.0
pd,ts,20261001,8.3,0.01,0.01,True,True,False,False,8,16,8,16,0.9924863104190563,0.9924863104190563,0.5,2.0
pd,ts,20261002,8.3,0.01,0.01,True,True,False,False,8,16,8,16,0.9925576562359989,0.9925576562359989,0.5,2.0
pd,ts,20261001,8.4,0.01,0.01,True,True,False,False,8,16,8,16,0.991580116250449,0.991580116250449,0.5,2.0
pd,ts,20261002,8.4,0.01,0.01,True,True,False,False,8,16,8,16,0.9919467413927786,0.9919467413927786,0.5,2.0
pd,ts,20261001,8.5,0.01,0.01,True,True,False,False,8,16,8,16,0.9905449052352057,0.9905449052352057,0.5,2.0
pd,ts,20261002,8.5,0.01,0.01,True,True,False,False,8,16,8,16,0.9912492944857395,0.9912492944857395,0.5,2.0
pd,ts,20261001,8.6,0.01,0.01,True,True,False,False,8,16,8,16,0.9893510130714016,0.9893510130714016,0.5,2.0
pd,ts,20261002,8.6,0.01,0.01,True,True,False,False,8,16,8,16,0.9904455291665626,0.9904455291665626,0.5,2.0
pd,ts,20261001,8.7,0.01,0.01,True,True,False,False,8,16,8,16,0.987958926495791,0.987958926495791,0.5,2.0
pd,ts,20261002,8.7,0.01,0.01,True,True,False,False,8,16,8,16,0.9895091289199492,0.9895091289199492,0.5,2.0
pd,ts,20261001,8.8,0.01,0.01,True,True,False,False,8,16,8,16,0.9863148258073586,0.9863148258073586,0.5,2.0
pd,ts,20261002,8.8,0.01,0.01,True,True,False,False,8,16,8,16,0.9884043108281396,0.9884043108281396,0.5,2.0
pd,ts,20261001,8.9,0.01,0.01,True,True,False,False,1,8,1,8,0.9794608815511613,0.9794608815511613,0.125,8.0
pd,ts,20261002,8.9,0.01,0.01,True,True,False,False,1,8,1,8,0.9819972700640555,0.9819972700640555,0.125,8.0
pd,ts,20261001,9.0,0.01,0.01,True,True,False,False,1,8,1,8,0.9796296662759748,0.9796296662759748,0.125,8.0
pd,ts,20261002,9.0,0.01,0.01,True,True,False,False,1,8,1,8,0.9821614837253886,0.9821614837253886,0.125,8.0
pd,ts,20261001,9.1,0.01,0.01,True,True,False,False,1,8,1,8,0.9798757165156312,0.9798757165156312,0.125,8.0
pd,ts,20261002,9.1,0.01,0.01,True,True,False,False,1,8,1,8,0.9823999595082156,0.9823999595082156,0.125,8.0
pd,ts,20261001,9.2,0.01,0.01,True,True,False,False,1,8,1,8,0.9802678359913142,0.9802678359913142,0.125,8.0
pd,ts,20261002,9.2,0.01,0.01,True,True,False,False,1,8,1,8,0.9827777912491029,0.9827777912491029,0.125,8.0
pd,ts,20261001,9.3,0.01,0.01,True,True,False,False,1,8,1,8,0.9809910041416771,0.9809910041416771,0.125,8.0
pd,ts,20261002,9.3,0.01,0.01,True,True,False,False,1,8,1,8,0.9834675530213828,0.9834675530213828,0.125,8.0
pd,ts,20261001,9.4,0.01,0.01,True,True,False,False,1,8,1,8,0.9827706991862158,0.9827706991862158,0.125,8.0
pd,ts,20261002,9.4,0.01,0.01,True,True,False,False,1,8,1,8,0.9851270745045635,0.9851270745045635,0.125,8.0
pd,ts,20261001,9.5,0.01,0.01,True,True,True,True,0,0,0,0,,,,
pd,ts,20261002,9.5,0.01,0.01,True,True,True,True,0,0,0,0,,,,
ts,spd,20261001,4.0,0.01,0.02,False,False,False,False,,,,,,,,
ts,spd,20261002,4.0,0.01,0.02,False,False,False,False,,,,,,,,
ts,spd,20261001,4.1,0.01,0.02,False,False,False,False,,,,,,,,
ts,spd,20261002,4.1,0.01,0.02,False,False,False,False,,,,,,,,
ts,spd,20261001,4.2,0.01,0.02,False,False,False,False,,,,,,,,
ts,spd,20261002,4.2,0.01,0.02,False,False,False,False,,,,,,,,
ts,spd,20261001,4.3,0.01,0.02,False,False,False,False,,,,,,,,
ts,spd,20261002,4.3,0.01,0.02,False,False,False,False,,,,,,,,
ts,spd,20261001,4.4,0.01,0.02,False,False,False,False,,,,,,,,
ts,spd,20261002,4.4,0.01,0.02,False,False,False,False,,,,,,,,
ts,spd,20261001,4.5,0.01,0.02,True,True,False,False,352,360,352,360,0.9963127938016978,0.9963127938016978,0.9777777777777777,1.0227272727272727
ts,spd,20261002,4.5,0.01,0.02,False,True,False,False,,,360,368,,,,
ts,spd,20261001,4.6,0.01,0.02,True,True,False,False,312,320,320,328,0.9832762277344717,0.9832762277344717,0.9512195121951219,1.0
ts,spd,20261002,4.6,0.01,0.02,True,True,False,False,328,336,328,336,1.0045024405096057,1.0045024405096057,0.9761904761904762,1.024390243902439
ts,spd,20261001,4.7,0.01,0.02,True,True,False,False,272,280,264,272,1.0104131360722821,1.0104131360722821,1.0,1.0606060606060606
ts,spd,20261002,4.7,0.01,0.02,True,True,False,False,280,288,272,280,1.0340435748550596,1.0340435748550596,1.0,1.0588235294117647
ts,spd,20261001,4.8,0.01,0.02,True,True,False,False,240,248,232,240,1.0297221907421843,1.0297221907421843,1.0,1.0689655172413792
ts,spd,20261002,4.8,0.01,0.02,True,True,False,False,256,264,240,248,1.0472315747363588,1.0472315747363588,1.032258064516129,1.1
ts,spd,20261001,4.9,0.01,0.02,True,True,False,False,216,224,208,216,1.0391110249863715,1.0391110249863715,1.0,1.0769230769230769
ts,spd,20261002,4.9,0.01,0.02,True,True,False,False,224,232,216,224,1.0582083018830226,1.0582083018830226,1.0,1.0740740740740742
ts,spd,20261001,5.0,0.01,0.02,True,True,False,False,192,200,192,200,1.0217080025594307,1.0217080025594307,0.96,1.0416666666666667
ts,spd,20261002,5.0,0.01,0.02,True,True,False,False,200,208,192,200,1.0428642865358855,1.0428642865358855,1.0,1.0833333333333333
ts,spd,20261001,5.1,0.01,0.02,True,True,False,False,176,184,168,176,1.0233447554891089,1.0233447554891089,1.0,1.0952380952380953
ts,spd,20261002,5.1,0.01,0.02,True,True,False,False,176,184,168,176,1.037985094185766,1.037985094185766,1.0,1.0952380952380953
ts,spd,20261001,5.2,0.01,0.02,True,True,False,False,152,160,144,152,1.0324358726246337,1.0324358726246337,1.0,1.1111111111111112
ts,spd,20261002,5.2,0.01,0.02,True,True,False,False,160,168,152,160,1.0376695550114732,1.0376695550114732,1.0,1.105263157894737
ts,spd,20261001,5.3,0.01,0.02,True,True,False,False,136,144,128,136,1.0410159158835324,1.0410159158835324,1.0,1.125
ts,spd,20261002,5.3,0.01,0.02,True,True,False,False,136,144,136,144,1.0360312617329688,1.0360312617329688,0.9444444444444444,1.0588235294117647
ts,spd,20261001,5.4,0.01,0.02,True,True,False,False,120,128,120,128,1.0382764819545598,1.0382764819545598,0.9375,1.0666666666666667
ts,spd,20261002,5.4,0.01,0.02,True,True,False,False,120,128,120,128,1.0284361068268955,1.0284361068268955,0.9375,1.0666666666666667
ts,spd,20261001,5.5,0.01,0.02,True,True,False,False,112,120,104,112,1.0334495913512012,1.0334495913512012,1.0,1.1538461538461537
ts,spd,20261002,5.5,0.01,0.02,True,True,False,False,112,120,104,112,1.0238673530458693,1.0238673530458693,1.0,1.1538461538461537
ts,spd,20261001,5.6,0.01,0.02,True,True,False,False,96,104,96,104,1.0233513111217563,1.0233513111217563,0.9230769230769231,1.0833333333333333
ts,spd,20261002,5.6,0.01,0.02,True,True,False,False,96,104,96,104,1.0103670727508982,1.0103670727508982,0.9230769230769231,1.0833333333333333
ts,spd,20261001,5.7,0.01,0.02,True,True,False,False,88,96,88,96,1.0154674003585624,1.0154674003585624,0.9166666666666666,1.0909090909090908
ts,spd,20261002,5.7,0.01,0.02,True,True,False,False,88,96,88,96,1.0029963614888766,1.0029963614888766,0.9166666666666666,1.0909090909090908
ts,spd,20261001,5.8,0.01,0.02,True,True,False,False,80,88,80,88,1.0107744382188426,1.0107744382188426,0.9090909090909091,1.1
ts,spd,20261002,5.8,0.01,0.02,True,True,False,False,80,88,80,88,1.0020829765662114,1.0020829765662114,0.9090909090909091,1.1
ts,spd,20261001,5.9,0.01,0.02,True,True,False,False,72,80,72,80,1.009840507276304,1.009840507276304,0.9,1.1111111111111112
ts,spd,20261002,5.9,0.01,0.02,True,True,False,False,72,80,72,80,1.005487980148485,1.005487980148485,0.9,1.1111111111111112
ts,spd,20261001,6.0,0.01,0.02,True,True,False,False,64,72,64,72,1.0079495670573038,1.0079495670573038,0.8888888888888888,1.125
ts,spd,20261002,6.0,0.01,0.02,True,True,False,False,64,72,64,72,1.006756082956885,1.006756082956885,0.8888888888888888,1.125
ts,spd,20261001,6.1,0.01,0.02,True,True,False,False,56,64,56,64,1.0077104078615169,1.0077104078615169,0.875,1.1428571428571428
ts,spd,20261002,6.1,0.01,0.02,True,True,False,False,56,64,56,64,1.008357796814799,1.008357796814799,0.875,1.1428571428571428
ts,spd,20261001,6.2,0.01,0.02,True,True,False,False,48,56,48,56,1.0072266848617144,1.0072266848617144,0.8571428571428571,1.1666666666666667
ts,spd,20261002,6.2,0.01,0.02,True,True,False,False,48,56,48,56,1.008095534037352,1.008095534037352,0.8571428571428571,1.1666666666666667
ts,spd,20261001,6.3,0.01,0.02,True,True,False,False,48,56,48,56,1.0083815615110192,1.0083815615110192,0.8571428571428571,1.1666666666666667
ts,spd,20261002,6.3,0.01,0.02,True,True,False,False,48,56,48,56,1.0130914124564434,1.0130914124564434,0.8571428571428571,1.1666666666666667
ts,spd,20261001,6.4,0.01,0.02,True,True,False,False,40,48,40,48,1.001743387760629,1.001743387760629,0.8333333333333334,1.2
ts,spd,20261002,6.4,0.01,0.02,True,True,False,False,40,48,40,48,1.0092440321356513,1.0092440321356513,0.8333333333333334,1.2
ts,spd,20261001,6.5,0.01,0.02,True,True,False,False,32,40,40,48,0.9964619110777702,0.9964619110777702,0.6666666666666666,1.0
ts,spd,20261002,6.5,0.01,0.02,True,True,False,False,40,48,40,48,1.0069273505629748,1.0069273505629748,0.8333333333333334,1.2
ts,spd,20261001,6.6,0.01,0.02,True,True,False,False,32,40,32,40,0.9956947136799953,0.9956947136799953,0.8,1.25
ts,spd,20261002,6.6,0.01,0.02,True,True,False,False,32,40,32,40,1.0092799390185745,1.0092799390185745,0.8,1.25
ts,spd,20261001,6.7,0.01,0.02,True,True,False,False,32,40,32,40,0.9946914048747295,0.9946914048747295,0.8,1.25
ts,spd,20261002,6.7,0.01,0.02,True,True,False,False,32,40,32,40,1.0154776163195258,1.0154776163195258,0.8,1.25
ts,spd,20261001,6.8,0.01,0.02,True,True,False,False,24,32,24,32,0.9973220148584755,0.9973220148584755,0.75,1.3333333333333333
ts,spd,20261002,6.8,0.01,0.02,True,True,False,False,24,32,24,32,1.0130819769490385,1.0130819769490385,0.75,1.3333333333333333
ts,spd,20261001,6.9,0.01,0.02,True,True,False,False,24,32,24,32,1.0000067431977069,1.0000067431977069,0.75,1.3333333333333333
ts,spd,20261002,6.9,0.01,0.02,True,True,False,False,24,32,24,32,1.0130970185736379,1.0130970185736379,0.75,1.3333333333333333
ts,spd,20261001,7.0,0.01,0.02,True,True,False,False,24,32,24,32,1.0031118129224994,1.0031118129224994,0.75,1.3333333333333333
ts,spd,20261002,7.0,0.01,0.02,True,True,False,False,24,32,24,32,1.0131142612733033,1.0131142612733033,0.75,1.3333333333333333
ts,spd,20261001,7.1,0.01,0.02,True,True,False,False,24,32,24,32,1.0067443261329005,1.0067443261329005,0.75,1.3333333333333333
ts,spd,20261002,7.1,0.01,0.02,True,True,False,False,24,32,24,32,1.013134226319951,1.013134226319951,0.75,1.3333333333333333
ts,spd,20261001,7.2,0.01,0.02,True,True,False,False,16,24,16,24,1.003878428110709,1.003878428110709,0.6666666666666666,1.5
ts,spd,20261002,7.2,0.01,0.02,True,True,False,False,16,24,16,24,1.0083574492211667,1.0083574492211667,0.6666666666666666,1.5
ts,spd,20261001,7.3,0.01,0.02,True,True,False,False,16,24,16,24,1.0011163548796798,1.0011163548796798,0.6666666666666666,1.5
ts,spd,20261002,7.3,0.01,0.02,True,True,False,False,16,24,16,24,1.0069917625441376,1.0069917625441376,0.6666666666666666,1.5
ts,spd,20261001,7.4,0.01,0.02,True,True,False,False,16,24,16,24,0.9980067218710268,0.9980067218710268,0.6666666666666666,1.5
ts,spd,20261002,7.4,0.01,0.02,True,True,False,False,16,24,16,24,1.005454035317506,1.005454035317506,0.6666666666666666,1.5
ts,spd,20261001,7.5,0.01,0.02,True,True,False,False,16,24,16,24,0.9944795228394847,0.9944795228394847,0.6666666666666666,1.5
ts,spd,20261002,7.5,0.01,0.02,True,True,False,False,16,24,16,24,1.003709573400687,1.003709573400687,0.6666666666666666,1.5
ts,spd,20261001,7.6,0.01,0.02,True,True,False,False,16,24,16,24,0.9904445972888339,0.9904445972888339,0.6666666666666666,1.5
ts,spd,20261002,7.6,0.01,0.02,True,True,False,False,16,24,16,24,1.0017136817007568,1.0017136817007568,0.6666666666666666,1.5
ts,spd,20261001,7.7,0.01,0.02,True,True,False,False,16,24,16,24,0.9857838151663566,0.9857838151663566,0.6666666666666666,1.5
ts,spd,20261002,7.7,0.01,0.02,True,True,False,False,16,24,16,24,0.999407780710064,0.999407780710064,0.6666666666666666,1.5
ts,spd,20261001,7.8,0.01,0.02,True,True,False,False,8,16,8,16,0.9914181405267948,0.9914181405267948,0.5,2.0
ts,spd,20261002,7.8,0.01,0.02,True,True,False,False,8,16,8,16,0.9989203749241065,0.9989203749241065,0.5,2.0
ts,spd,20261001,7.9,0.01,0.02,True,True,False,False,8,16,8,16,0.9928771879397775,0.9928771879397775,0.5,2.0
ts,spd,20261002,7.9,0.01,0.02,True,True,False,False,8,16,8,16,0.9998954117996286,0.9998954117996286,0.5,2.0
ts,spd,20261001,8.0,0.01,0.02,True,True,False,False,8,16,8,16,0.9944944374633073,0.9944944374633073,0.5,2.0
ts,spd,20261002,8.0,0.01,0.02,True,True,False,False,8,16,8,16,1.0009746550777032,1.0009746550777032,0.5,2.0
ts,spd,20261001,8.1,0.01,0.02,True,True,False,False,8,16,8,16,0.9962970944024766,0.9962970944024766,0.5,2.0
ts,spd,20261002,8.1,0.01,0.02,True,True,False,False,8,16,8,16,1.0021757533304358,1.0021757533304358,0.5,2.0
ts,spd,20261001,8.2,0.01,0.02,True,True,False,False,8,16,8,16,0.9983189812007499,0.9983189812007499,0.5,2.0
ts,spd,20261002,8.2,0.01,0.02,True,True,False,False,8,16,8,16,1.0035205789008428,1.0035205789008428,0.5,2.0
ts,spd,20261001,8.3,0.01,0.02,True,True,False,False,8,16,8,16,1.0006026795520693,1.0006026795520693,0.5,2.0
ts,spd,20261002,8.3,0.01,0.02,True,True,False,False,8,16,8,16,1.0050365718912162,1.0050365718912162,0.5,2.0
ts,spd,20261001,8.4,0.01,0.02,True,True,False,False,8,16,8,16,1.0032025622569967,1.0032025622569967,0.5,2.0
ts,spd,20261002,8.4,0.01,0.02,True,True,False,False,8,16,8,16,1.0067586322122632,1.0067586322122632,0.5,2.0
ts,spd,20261001,8.5,0.01,0.02,True,True,False,False,8,16,8,16,1.0061891780465235,1.0061891780465235,0.5,2.0
ts,spd,20261002,8.5,0.01,0.02,True,True,False,False,8,16,8,16,1.0087318394469749,1.0087318394469749,0.5,2.0
ts,spd,20261001,8.6,0.01,0.02,True,True,False,False,8,16,8,16,1.0096557503618928,1.0096557503618928,0.5,2.0
ts,spd,20261002,8.6,0.01,0.02,True,True,False,False,8,16,8,16,1.0110154563180742,1.0110154563180742,0.5,2.0
ts,spd,20261001,8.7,0.01,0.02,True,True,False,False,8,16,8,16,1.0137280829892612,1.0137280829892612,0.5,2.0
ts,spd,20261002,8.7,0.01,0.02,True,True,False,False,8,16,8,16,1.0136889828373492,1.0136889828373492,0.5,2.0
ts,spd,20261001,8.8,0.01,0.02,True,True,False,False,8,16,1,8,1.019034930551084,1.019034930551084,1.0,16.0
ts,spd,20261002,8.8,0.01,0.02,True,True,False,False,8,16,8,16,1.016861601005276,1.016861601005276,0.5,2.0
ts,spd,20261001,8.9,0.01,0.02,True,True,False,False,1,8,1,8,1.029172231225236,1.029172231225236,0.125,8.0
ts,spd,20261002,8.9,0.01,0.02,True,True,False,False,1,8,1,8,1.0275731085573117,1.0275731085573117,0.125,8.0
ts,spd,20261001,9.0,0.01,0.02,True,True,False,False,1,8,1,8,1.0307515730899812,1.0307515730899812,0.125,8.0
ts,spd,20261002,9.0,0.01,0.02,True,True,False,False,1,8,1,8,1.028755269569687,1.028755269569687,0.125,8.0
ts,spd,20261001,9.1,0.01,0.02,True,True,False,False,1,8,1,8,1.033062602010132,1.033062602010132,0.125,8.0
ts,spd,20261002,9.1,0.01,0.02,True,True,False,False,1,8,1,8,1.0304768890051939,1.0304768890051939,0.125,8.0
ts,spd,20261001,9.2,0.01,0.02,True,True,False,False,1,8,1,8,1.0367670814970646,1.0367670814970646,0.125,8.0
ts,spd,20261002,9.2,0.01,0.02,True,True,False,False,1,8,1,8,1.0332163840836652,1.0332163840836652,0.125,8.0
ts,spd,20261001,9.3,0.01,0.02,True,True,False,False,1,8,1,8,1.0436692301976174,1.0436692301976174,0.125,8.0
ts,spd,20261002,9.3,0.01,0.02,True,True,False,False,1,8,1,8,1.0382552999516914,1.0382552999516914,0.125,8.0
ts,spd,20261001,9.4,0.01,0.02,True,True,False,False,1,8,1,8,1.0610531028659318,1.0610531028659318,0.125,8.0
ts,spd,20261002,9.4,0.01,0.02,True,True,False,False,1,8,1,8,1.0505823649776473,1.0505823649776473,0.125,8.0
ts,spd,20261001,9.5,0.01,0.02,True,True,True,True,0,0,0,0,,,,
ts,spd,20261002,9.5,0.01,0.02,True,True,True,True,0,0,0,0,,,,
