label,bank,scale,sequences,tokens,mean_nll,delta_from_one
h1_b08,A,0.8,16,8192,5.075026262434614,0.23652229945887132
h1_b08,A,0.9,16,8192,4.9015702050147265,0.0630662420389837
h1_b08,A,1.0,16,8192,4.838503962975743,0.0
h1_b08,A,1.1,16,8192,4.860517950279401,0.022013987303657723
h1_b08,A,1.2,16,8192,4.94583599758332,0.10733203460757734
h1_b08,B,0.8,16,8192,4.564037947589201,0.24691049243609053
h1_b08,B,0.9,16,8192,4.387096920937067,0.06996946578395741
h1_b08,B,1.0,16,8192,4.317127455153109,0.0
h1_b08,B,1.1,16,8192,4.326440098440354,0.009312643287245542
h1_b08,B,1.2,16,8192,4.393295470670484,0.07616801551737448
h1_b09,A,0.8,16,8192,5.2060119092775174,0.23541824711360865
h1_b09,A,0.9,16,8192,5.033869474840191,0.06327581267628252
h1_b09,A,1.0,16,8192,4.9705936621639095,0.0
h1_b09,A,1.1,16,8192,4.992477836327017,0.021884174163107062
h1_b09,A,1.2,16,8192,5.078448477228122,0.10785481506421318
h1_b09,B,0.8,16,8192,4.65332061102019,0.23921022869759556
h1_b09,B,0.9,16,8192,4.480811170471874,0.06670078814927949
h1_b09,B,1.0,16,8192,4.414110382322594,0.0
h1_b09,B,1.1,16,8192,4.426535426816788,0.012425044494193127
h1_b09,B,1.2,16,8192,4.496775256553226,0.08266487423063235
h1_warm,A,0.8,16,8192,5.12026344092365,0.2288587988998353
h1_warm,A,0.9,16,8192,4.950876251138158,0.05947160911434385
h1_warm,A,1.0,16,8192,4.891404642023814,0.0
h1_warm,A,1.1,16,8192,4.916917083108363,0.025512441084547643
h1_warm,A,1.2,16,8192,5.005792425174305,0.11438778315049108
h1_warm,B,0.8,16,8192,4.595719022831988,0.245600440246609
h1_warm,B,0.9,16,8192,4.419709368751051,0.06959078616567271
h1_warm,B,1.0,16,8192,4.350118582585379,0.0
h1_warm,B,1.1,16,8192,4.359816598300247,0.009698015714867836
h1_warm,B,1.2,16,8192,4.427279870155859,0.07716128757048046
h2_b08,A,0.8,16,8192,4.541406345948015,0.1999312119780502
h2_b08,A,0.9,16,8192,4.389123041734683,0.04764790776471817
h2_b08,A,1.0,16,8192,4.341475133969966,0.0
h2_b08,A,1.1,16,8192,4.37116712489569,0.029691990925723888
h2_b08,A,1.2,16,8192,4.45705000498571,0.11557487101574496
h2_b08,B,0.8,16,8192,4.031194014826077,0.20922208911780793
h2_b08,B,0.9,16,8192,3.876663751775026,0.05469182606675674
h2_b08,B,1.0,16,8192,3.8219719257082696,0.0
h2_b08,B,1.1,16,8192,3.8388049670827735,0.01683304137450367
h2_b08,B,1.2,16,8192,3.9065748340543758,0.08460290834610662
h2_b09,A,0.8,16,8192,4.548560778109577,0.20381755051322606
h2_b09,A,0.9,16,8192,4.3946134755905675,0.04987024799421755
h2_b09,A,1.0,16,8192,4.34474322759635,0.0
h2_b09,A,1.1,16,8192,4.372126807653946,0.027383580057596085
h2_b09,A,1.2,16,8192,4.455836062267606,0.11109283467125647
h2_b09,B,0.8,16,8192,4.034519332667072,0.2066906942828294
h2_b09,B,0.9,16,8192,3.881465074914499,0.05363643653025582
h2_b09,B,1.0,16,8192,3.827828638384243,0.0
h2_b09,B,1.1,16,8192,3.8454660558695863,0.01763741748534367
h2_b09,B,1.2,16,8192,3.9138701300514898,0.08604149166724673
h2_warm,A,0.8,16,8192,4.527324462424563,0.19763216958853153
h2_warm,A,0.9,16,8192,4.37665237962839,0.04696008679235933
h2_warm,A,1.0,16,8192,4.329692292836031,0.0
h2_warm,A,1.1,16,8192,4.359425686409052,0.02973339357302185
h2_warm,A,1.2,16,8192,4.444890518354908,0.11519822551887704
h2_warm,B,0.8,16,8192,4.013817813892832,0.20479471861980758
h2_warm,B,0.9,16,8192,3.861544255415872,0.052521160142847495
h2_warm,B,1.0,16,8192,3.809023095273024,0.0
h2_warm,B,1.1,16,8192,3.8277902311050345,0.018767135832010173
h2_warm,B,1.2,16,8192,3.89718907023772,0.08816597496469597
