label,fold,fit_bank,score_bank,fit_bank_index,score_bank_index,fit_sequences,score_sequences,score_tokens,selected_index,selected_scale,boundary,selected_fit_nll,fit_raw_nll,raw_nll,calibrated_nll,correction,pooled_raw_nll,pooled_calibrated_nll,pooled_correction
h1_b08,fit_A_score_B,A,B,0,1,16,16,8192,2,1.0,False,4.838503962975743,4.838503962975743,4.317127455153109,4.317127455153109,0.0,4.577815709064426,4.577815709064426,0.0
h1_b08,fit_B_score_A,B,A,1,0,16,16,8192,2,1.0,False,4.317127455153109,4.317127455153109,4.838503962975743,4.838503962975743,0.0,4.577815709064426,4.577815709064426,0.0
h1_b09,fit_A_score_B,A,B,0,1,16,16,8192,2,1.0,False,4.9705936621639095,4.9705936621639095,4.414110382322594,4.414110382322594,0.0,4.692352022243252,4.692352022243252,0.0
h1_b09,fit_B_score_A,B,A,1,0,16,16,8192,2,1.0,False,4.414110382322594,4.414110382322594,4.9705936621639095,4.9705936621639095,0.0,4.692352022243252,4.692352022243252,0.0
h1_warm,fit_A_score_B,A,B,0,1,16,16,8192,2,1.0,False,4.891404642023814,4.891404642023814,4.350118582585379,4.350118582585379,0.0,4.620761612304596,4.620761612304596,0.0
h1_warm,fit_B_score_A,B,A,1,0,16,16,8192,2,1.0,False,4.350118582585378,4.350118582585378,4.891404642023814,4.891404642023814,0.0,4.620761612304596,4.620761612304596,0.0
h2_b08,fit_A_score_B,A,B,0,1,16,16,8192,2,1.0,False,4.341475133969965,4.341475133969965,3.8219719257082696,3.8219719257082696,0.0,4.081723529839118,4.081723529839118,0.0
h2_b08,fit_B_score_A,B,A,1,0,16,16,8192,2,1.0,False,3.82197192570827,3.82197192570827,4.341475133969966,4.341475133969966,0.0,4.081723529839118,4.081723529839118,0.0
h2_b09,fit_A_score_B,A,B,0,1,16,16,8192,2,1.0,False,4.34474322759635,4.34474322759635,3.827828638384243,3.827828638384243,0.0,4.086285932990297,4.086285932990297,0.0
h2_b09,fit_B_score_A,B,A,1,0,16,16,8192,2,1.0,False,3.827828638384243,3.827828638384243,4.34474322759635,4.34474322759635,0.0,4.086285932990297,4.086285932990297,0.0
h2_warm,fit_A_score_B,A,B,0,1,16,16,8192,2,1.0,False,4.3296922928360315,4.3296922928360315,3.809023095273024,3.809023095273024,0.0,4.069357694054528,4.069357694054528,0.0
h2_warm,fit_B_score_A,B,A,1,0,16,16,8192,2,1.0,False,3.809023095273024,3.809023095273024,4.329692292836031,4.329692292836031,0.0,4.069357694054528,4.069357694054528,0.0
