method_state,beta,step,top_ritz,momentum_energy_top16,muon_energy_top16,pd_energy_top16,actual_energy_top16,pd_muon_held_rayleigh_ratio,muon_slope_per_norm,pd_slope_per_norm
M,0.9,9,133.6690320353509,0.10505891591310501,0.0008618676802143455,1.6722583495720755e-07,0.00260687037371099,0.0002486170892688332,0.11079052650452927,0.0007288416685671177
M,0.9,46,4.477881112822537,0.12998232245445251,0.0007435637526214123,8.37659285934933e-07,0.0015159156173467636,0.003935564150725892,0.010039642900322372,3.6035019664596824e-05
M,0.9,83,4.660275440741879,0.10794287919998169,0.00040832889499142766,1.8052639916277258e-06,0.0011993941152468324,0.01884213578433102,0.019224443355496838,0.001517448734970494
PD,0.9,9,617.5250966969495,0.18233297765254974,0.000373101414879784,1.3319449010396056e-07,3.250057852710597e-05,0.0009867266205161693,0.1232614469083204,0.0007653849273736494
PD,0.9,46,145.88944785271048,0.34145453572273254,0.0010140504455193877,2.433608187857317e-06,1.9606541172834113e-05,0.007459353825152819,0.09125708087791584,0.0059052325758300415
PD,0.9,83,153.8258720037514,0.33529406785964966,0.0012281626695767045,4.16190960095264e-06,2.0586281607393175e-05,0.008666664240377722,0.08152223620942592,0.0076714638354541155
SPD,0.9,9,2252.3225768932894,0.2587674856185913,0.0008751478744670749,3.5206952020416793e-07,7.127704066078877e-06,0.0008122796044348578,-0.025808896881048333,-0.0028623823728513562
SPD,0.9,46,462.5030316992491,0.38339072465896606,0.001043095369823277,1.6787367940196418e-06,6.0861075326101854e-06,0.0059918465485078965,0.21476511321040626,0.013463460472789903
SPD,0.9,83,490.35296103393483,0.4017542898654938,0.0006429066997952759,1.4940452501832624e-06,4.860303306486458e-06,0.007318143097493951,0.1274350706440955,0.010347119870199092
M,0.8,9,174.9140870485201,0.2620992064476013,0.0009433954837732017,1.7783993655484664e-07,0.0031436257995665073,0.00025323523308648765,0.2168883879212742,0.0020131873512333536
M,0.8,46,6.23145924819777,0.34280332922935486,0.0016014953143894672,1.5278525324902148e-06,0.004597179591655731,0.002646226214260003,0.02489832173338836,0.0005603042435046564
M,0.8,83,5.319955215009869,0.2922905385494232,0.0015406679594889283,8.595307917858008e-06,0.0032073992770165205,0.015196550918587685,0.043231670337328096,0.004001527328669033
PD,0.8,9,621.9052193004812,0.34803467988967896,0.00045948917977511883,1.5384735263523908e-07,4.1354163840878755e-05,0.0012204568791137974,0.1188738027799195,0.0005359478517421818
PD,0.8,46,155.0170362186321,0.33813852071762085,0.0012134467251598835,3.182965201631305e-06,3.5125540307490155e-05,0.009138153377769626,0.1524500033218631,0.011887013021142045
PD,0.8,83,137.17063665923374,0.3319653570652008,0.0016837527509778738,1.1629933396761771e-05,7.252953218994662e-05,0.014668065974099873,0.17319601450681676,0.01960682220632266
SPD,0.8,9,2286.3837091328874,0.4943080544471741,0.0010429247049614787,4.70482746095513e-07,8.15933890407905e-06,0.0009485471431581436,0.02178597753063454,-0.002479475899723591
SPD,0.8,46,493.26825072201706,0.5650479197502136,0.0009740039240568876,1.8890314095187932e-06,7.989941877895035e-06,0.007886482500641528,0.2115482418494961,0.01566190783827506
SPD,0.8,83,499.63940935477046,0.492084801197052,0.0008163176826201379,3.2850700790731935e-06,8.242996045737527e-06,0.011600814116564573,0.20487883967517237,0.02112416466221061
