method,step,block,aggregate,raw_over_white_pre_energy,raw_over_white_GN,raw_over_white_GN_per_pre,raw_over_white_transmission,raw_over_white_GN_per_residual
Muon,10,1,bank0,0.8491033604874872,0.6985119571924214,0.8226465583546765,0.8374361556362453,0.9823394330636076
Muon,10,1,bank1,0.8417192993329085,0.7037329264543543,0.8360660460228092,0.8467385452583787,0.9873957559918183
Muon,10,1,all4,0.8453945243451648,0.7011736252592868,0.8294040297959224,0.8420846169045191,0.9849414336112561
Muon,10,4,bank0,0.4149369054399136,0.3917523435658231,0.944125090899036,0.7460878959665594,1.2654341345075952
Muon,10,4,bank1,0.37226139916802997,0.3336506972941985,0.8962806727742311,0.7383778751386882,1.2138509331768428
Muon,10,4,all4,0.3924346321889319,0.360164854526238,0.9177703112421586,0.7419362589144676,1.236993475133504
Muon,10,8,bank0,0.20740229623208553,0.1339686171800187,0.6459360364559623,0.6245220420117306,1.0342886127369537
Muon,10,8,bank1,0.23923070657781023,0.15815941370293635,0.6611166934437603,0.6465134362026792,1.0225877088136852
Muon,10,8,all4,0.2222124524426405,0.1451479784986207,0.6531946202973824,0.6349742167793455,1.0286947139530367
Muon,500,1,bank0,0.7664495530373591,0.5021605021021166,0.655177500087393,0.6970620010107421,0.9399128042231303
Muon,500,1,bank1,0.7831315597506366,0.49436072957601346,0.6312614061083517,0.7195645129008519,0.8772825713200959
Muon,500,1,all4,0.7746973161488636,0.4985314242881374,0.6435176860640384,0.7084530599396236,0.908342023561703
Muon,500,4,bank0,0.7303180147938436,0.5563202676157444,0.76175071180845,0.8917029713556456,0.8542650818471189
Muon,500,4,bank1,0.7474663078635871,0.5937596355225372,0.7943630760022145,0.9019580035563802,0.8807096038508182
Muon,500,4,all4,0.7387910429756284,0.5721321315559577,0.7744167136238975,0.8964229691606374,0.8638965535979292
Muon,500,8,bank0,0.5423752423963727,0.27216291068559384,0.501798182164618,0.9026806014361319,0.5558978240656499
Muon,500,8,bank1,0.5486356373181958,0.345812971628088,0.6303144529919128,0.9341478920910524,0.6747480332915802
Muon,500,8,all4,0.5454801495114282,0.3026642480874868,0.5548584093455554,0.9184764190602142,0.6041074085639423
Muon,1300,1,bank0,0.7284732702025672,0.4756721062869078,0.6529712561102443,0.6722037194212063,0.9713889364856211
Muon,1300,1,bank1,0.7424740908806149,0.4810687420807018,0.64792663877352,0.6649462378477703,0.9744045486604488
Muon,1300,1,all4,0.7354061072911381,0.47819254464010424,0.6502428248815098,0.6686047909540789,0.9725368912682079
Muon,1300,4,bank0,0.7086715240139677,0.5094662120547148,0.7189031798103874,0.8629967559255991,0.833031149739763
Muon,1300,4,bank1,0.7238395381455073,0.585155872681757,0.808405512333492,0.8714666472010669,0.9276379250197222
Muon,1300,4,all4,0.7161746762715061,0.5427162745088243,0.7577987500678918,0.8670871992796183,0.8739591020343467
Muon,1300,8,bank0,0.5216091937313078,0.36030855175407445,0.6907634222790888,0.9129982157095472,0.7565879214147796
Muon,1300,8,bank1,0.4996240206025093,0.29489733107508087,0.5902384971792523,0.9161859961271134,0.6442343581699556
Muon,1300,8,all4,0.5105313366843726,0.32979410532795167,0.6459821006674882,0.9143771200800739,0.7064722929757016
PD,10,1,bank0,1.1395891889215233,1.0416407205578824,0.9140493176700485,0.9063717490209707,1.0084706619081747
PD,10,1,bank1,1.129077332292194,1.0363769272166246,0.9178972047137162,0.9121979495357658,1.0062478272186983
PD,10,1,all4,1.1343094407865189,1.0389729329177997,0.9159519400608939,0.9092880914132989,1.0073286439254223
PD,10,4,bank0,2.697661361323759,2.3447014230279946,0.8691607688955574,0.7971957472410806,1.0902727114432458
PD,10,4,bank1,2.6324564479842154,2.178210656716631,0.8274441381108432,0.7814678438259269,1.0588332516150947
PD,10,4,all4,2.6645393013045884,2.258376486833721,0.8475673395877458,0.7891741416838192,1.0739927917295113
PD,10,8,bank0,4.031700204721881,2.869724254977692,0.711790090844727,0.7101877977467242,1.0022561540807748
PD,10,8,bank1,4.011398452220377,2.84403041603561,0.7089872646436782,0.7109768596242326,0.9972016037461388
PD,10,8,all4,4.02150740407222,2.8568205299085876,0.7103854955024431,0.7105802672288234,0.9997258976425848
PD,500,1,bank0,5.654876829414877,4.009629378268694,0.709056890047874,0.8318862991792323,0.8523483206147932
PD,500,1,bank1,5.709054560209256,3.904205865743878,0.6838620693792732,0.8125782366375629,0.8415953548166445
PD,500,1,all4,5.681871604575315,3.958529394448141,0.6966946228176897,0.8221278319702563,0.8474285819372374
PD,500,4,bank0,3.726748705012852,3.2610127311560984,0.8750288761809212,0.8747349462892813,1.000336021663347
PD,500,4,bank1,3.888221889015414,3.8334452458080457,0.9859121611958112,0.8855623394015943,1.1133176257947315
PD,500,4,all4,3.805646177191869,3.524426076684988,0.9261045069843069,0.8798898773582423,1.0525231972946638
PD,500,8,bank0,1.4484846964879774,1.0294941719448443,0.7107387288529694,0.9673897026033998,0.7346974305600505
PD,500,8,bank1,1.4285258715661349,1.0970599125687681,0.7679664291736132,0.9489105756663271,0.8093138056073887
PD,500,8,all4,1.4384780312983376,1.0616095780552608,0.7380088920072531,0.957690410469973,0.7706132210774519
PD,1300,1,bank0,10.707453924393008,7.487578126163975,0.6992865137720812,0.7395431174281185,0.9455655759517629
PD,1300,1,bank1,11.029640414010457,7.608705117590196,0.6898416296441722,0.7375173134687188,0.9353565225468177
PD,1300,1,all4,10.866278849506651,7.545028932057069,0.694352596371998,0.7386381528139518,0.9400443149690529
PD,1300,4,bank0,6.257842898796295,5.51436622413441,0.8811928188857387,0.8635949100048912,1.0203775041711949
PD,1300,4,bank1,6.631918396771567,7.042558133081232,1.0619186955782756,0.8809841086596613,1.2053778100423291
PD,1300,4,all4,6.439207493974079,6.167074721915849,0.957738157636185,0.8720082695007018,1.0983131595581894
PD,1300,8,bank0,1.4102359786250045,0.7517533433407663,0.5330691846861927,0.9733016162219098,0.5476916670039255
PD,1300,8,bank1,1.4715290353533923,1.302688991617838,0.8852621731007796,0.971681788004148,0.911061814711094
PD,1300,8,all4,1.4399250905484848,0.9533893071883816,0.6621103510497369,0.9727829738185296,0.6806352175868285
