state,step,method,norm,slope,energy_fraction_top16,absolute_energy_top16,curvature,curvature_per_norm2,curvature_curv_set,c_star
/share/data/dl-theory/amin/projects/explore_muon/logs/muon_spectra/soaudit_batch16m_20260927/M_b16M_lr0.02_mom0.9_s260925_l40s:46,46,muon,156.78005094717886,1.5740157254040241,0.0007435636944137514,18.276783990507283,136.3164119720459,0.005545829887129287,132.37197875976562,-0.011546780777407815
/share/data/dl-theory/amin/projects/explore_muon/logs/muon_spectra/soaudit_batch16m_20260927/M_b16M_lr0.02_mom0.9_s260925_l40s:46,46,pd,1083.8075820919505,0.03905502753332257,8.37659683838865e-07,0.9839476286573401,25.63763201236725,2.182596928981024e-05,17.98604393005371,-0.001523347691178458
/share/data/dl-theory/amin/projects/explore_muon/logs/muon_spectra/soaudit_batch16m_20260927/M_b16M_lr0.02_mom0.9_s260925_l40s:46,46,pdtop,149.676460970822,0.30367330193985254,4.83951298519969e-05,1.0841981735525226,19.023270845413208,0.0008491378100711033,15.942416191101074,-0.01596325386982926
/share/data/dl-theory/amin/projects/explore_muon/logs/muon_spectra/soaudit_batch16m_20260927/M_b16M_lr0.02_mom0.9_s260925_l40s:83,83,muon,156.7798640809782,3.0140056163072586,0.0004083288658875972,10.036693217859124,230.08625411987305,0.009360738358916727,234.61753845214844,-0.013099459712777916
/share/data/dl-theory/amin/projects/explore_muon/logs/muon_spectra/soaudit_batch16m_20260927/M_b16M_lr0.02_mom0.9_s260925_l40s:83,83,pd,561.2901990058263,0.8517291024327278,1.8052634231935372e-06,0.5687422615420347,55.56677007675171,0.00017637630320030488,38.601924896240234,-0.015328029706536395
/share/data/dl-theory/amin/projects/explore_muon/logs/muon_spectra/soaudit_batch16m_20260927/M_b16M_lr0.02_mom0.9_s260925_l40s:83,83,pdtop,147.8510190297145,0.9763351045548916,2.7222638891544193e-05,0.5950848125697092,38.73483717441559,0.0017719566398753553,32.776145935058594,-0.02520560755576797
/share/data/dl-theory/amin/projects/explore_muon/logs/muon_spectra/soaudit_batch16m_20260927/PD_a0.5_b16M_lr0.028_mom0.9_s260925_l40s:46,46,muon,156.78010700699562,14.3072949051857,0.0010140504455193877,24.925361931433823,3863.3335876464844,0.1571738519392313,3795.048095703125,-0.0037033547791304254
/share/data/dl-theory/amin/projects/explore_muon/logs/muon_spectra/soaudit_batch16m_20260927/PD_a0.5_b16M_lr0.028_mom0.9_s260925_l40s:46,46,pd,703.2779500311381,4.1530198603868484,2.4336075057362905e-06,1.2036619681362308,579.8764972686768,0.0011724153736769078,354.30462646484375,-0.007161904095006995
/share/data/dl-theory/amin/projects/explore_muon/logs/muon_spectra/soaudit_batch16m_20260927/PD_a0.5_b16M_lr0.028_mom0.9_s260925_l40s:46,46,pdtop,149.48737927497424,3.7984071522951126,4.722120866063051e-05,1.0552276325877017,366.24875259399414,0.016389552579783532,287.16497802734375,-0.010371112871764086
/share/data/dl-theory/amin/projects/explore_muon/logs/muon_spectra/soaudit_batch16m_20260927/PD_a0.5_b16M_lr0.028_mom0.9_s260925_l40s:83,83,muon,156.7798453943459,12.781043589115143,0.0012281629024073482,30.188145792190202,6169.763244628906,0.25100827277871235,6355.9677734375,-0.0020715614331298197
/share/data/dl-theory/amin/projects/explore_muon/logs/muon_spectra/soaudit_batch16m_20260927/PD_a0.5_b16M_lr0.028_mom0.9_s260925_l40s:83,83,pd,619.0311987291109,4.748875454068184,4.1619082367105875e-06,1.5948416755919084,833.6141586303711,0.0021754044217302433,645.39208984375,-0.005696730801538437
/share/data/dl-theory/amin/projects/explore_muon/logs/muon_spectra/soaudit_batch16m_20260927/PD_a0.5_b16M_lr0.028_mom0.9_s260925_l40s:83,83,pdtop,148.85813427765711,4.136334240436554,6.262639362830669e-05,1.3877222328597154,562.4294471740723,0.025381828663427527,496.5679931640625,-0.007354405536942585
