family,mode,batch_tokens,provisional,muon_uid,spd_uid,loss,muon_crossing,spd_crossing,muon_steps_per_spd_step,spd_steps_per_muon_step
family_00,best_tested_momentum,2048,True,/share/data/dl-theory/amin/projects/explore_muon/logs/tiny_spectra/shakespeare_dynamics_20260928/runs/muon_b2048_lr0.016_m0.8_s20260928,/share/data/dl-theory/amin/projects/explore_muon/logs/tiny_spectra/shakespeare_batchprobe_20260928/runs/spd_b2048_lr0.016_m0.9_s20260928,2.4,"{""bracket_steps"":[1,128],""status"":""interpolated"",""step"":115.59582952694348,""tokens"":236740.25887118024}","{""bracket_steps"":[1,128],""status"":""interpolated"",""step"":112.84939285567545,""tokens"":231115.55656842332}",1.0243371860651522,0.9762410401611601
family_00,best_tested_momentum,2048,True,/share/data/dl-theory/amin/projects/explore_muon/logs/tiny_spectra/shakespeare_dynamics_20260928/runs/muon_b2048_lr0.016_m0.8_s20260928,/share/data/dl-theory/amin/projects/explore_muon/logs/tiny_spectra/shakespeare_batchprobe_20260928/runs/spd_b2048_lr0.016_m0.9_s20260928,2.2,"{""bracket_steps"":[128,256],""status"":""interpolated"",""step"":131.34022190664714,""tokens"":268984.77446481335}","{""bracket_steps"":[1,128],""status"":""interpolated"",""step"":125.32031645275491,""tokens"":256656.00809524205}",1.0480361494790966,0.9541655605076486
family_00,best_tested_momentum,2048,True,/share/data/dl-theory/amin/projects/explore_muon/logs/tiny_spectra/shakespeare_dynamics_20260928/runs/muon_b2048_lr0.016_m0.8_s20260928,/share/data/dl-theory/amin/projects/explore_muon/logs/tiny_spectra/shakespeare_batchprobe_20260928/runs/spd_b2048_lr0.016_m0.9_s20260928,2.0,"{""bracket_steps"":[128,256],""status"":""interpolated"",""step"":237.8583711998524,""tokens"":487133.9442172977}","{""bracket_steps"":[128,256],""status"":""interpolated"",""step"":201.3772204079075,""tokens"":412420.54739539453}",1.181158279561358,0.8466265845178396
family_00,best_tested_momentum,8192,False,/share/data/dl-theory/amin/projects/explore_muon/logs/tiny_spectra/shakespeare_edges_20260928/runs/muon_b8192_lr0.032_m0.9_s20260928,/share/data/dl-theory/amin/projects/explore_muon/logs/tiny_spectra/shakespeare_screen_20260928/runs/spd_b8192_lr0.016_m0.9_s20260928,2.4,"{""bracket_steps"":[32,64],""status"":""interpolated"",""step"":41.716296839252806,""tokens"":341739.903707159}","{""bracket_steps"":[32,64],""status"":""interpolated"",""step"":39.97045319051203,""tokens"":327437.95253667457}",1.043678355119456,0.9581496014502892
family_00,best_tested_momentum,8192,False,/share/data/dl-theory/amin/projects/explore_muon/logs/tiny_spectra/shakespeare_edges_20260928/runs/muon_b8192_lr0.032_m0.9_s20260928,/share/data/dl-theory/amin/projects/explore_muon/logs/tiny_spectra/shakespeare_screen_20260928/runs/spd_b8192_lr0.016_m0.9_s20260928,2.2,"{""bracket_steps"":[32,64],""status"":""interpolated"",""step"":60.34895271095709,""tokens"":494378.6206081605}","{""bracket_steps"":[32,64],""status"":""interpolated"",""step"":56.367423450190074,""tokens"":461761.9329039571}",1.0706352892692594,0.9340248822570848
family_00,best_tested_momentum,8192,False,/share/data/dl-theory/amin/projects/explore_muon/logs/tiny_spectra/shakespeare_edges_20260928/runs/muon_b8192_lr0.032_m0.9_s20260928,/share/data/dl-theory/amin/projects/explore_muon/logs/tiny_spectra/shakespeare_screen_20260928/runs/spd_b8192_lr0.016_m0.9_s20260928,2.0,"{""bracket_steps"":[96,128],""status"":""interpolated"",""step"":97.76190723490578,""tokens"":800865.5440683481}","{""bracket_steps"":[64,96],""status"":""interpolated"",""step"":80.32620959758593,""tokens"":658032.3090234239}",1.2170611276776073,0.8216514168916045
family_00,best_tested_momentum,32768,False,/share/data/dl-theory/amin/projects/explore_muon/logs/tiny_spectra/shakespeare_dynamics_20260928/runs/muon_b32768_lr0.064_m0.7_s20260928,/share/data/dl-theory/amin/projects/explore_muon/logs/tiny_spectra/shakespeare_dynamics_20260928/runs/spd_b32768_lr0.032_m0.7_s20260928,2.4,"{""bracket_steps"":[24,32],""status"":""interpolated"",""step"":28.08151755762256,""tokens"":920175.1673281761}","{""bracket_steps"":[24,32],""status"":""interpolated"",""step"":24.140078310280614,""tokens"":791022.0860712752}",1.163273672797631,0.8596429399068546
family_00,best_tested_momentum,32768,False,/share/data/dl-theory/amin/projects/explore_muon/logs/tiny_spectra/shakespeare_dynamics_20260928/runs/muon_b32768_lr0.064_m0.7_s20260928,/share/data/dl-theory/amin/projects/explore_muon/logs/tiny_spectra/shakespeare_dynamics_20260928/runs/spd_b32768_lr0.032_m0.7_s20260928,2.2,"{""bracket_steps"":[32,40],""status"":""interpolated"",""step"":38.1008386423622,""tokens"":1248488.2806329245}","{""bracket_steps"":[24,32],""status"":""interpolated"",""step"":30.81603609912935,""tokens"":1009779.8708962705}",1.2363964826559464,0.8088020420859376
family_00,best_tested_momentum,32768,False,/share/data/dl-theory/amin/projects/explore_muon/logs/tiny_spectra/shakespeare_dynamics_20260928/runs/muon_b32768_lr0.064_m0.7_s20260928,/share/data/dl-theory/amin/projects/explore_muon/logs/tiny_spectra/shakespeare_dynamics_20260928/runs/spd_b32768_lr0.032_m0.7_s20260928,2.0,"{""bracket_steps"":[48,56],""status"":""interpolated"",""step"":54.79076966075183,""tokens"":1795383.940243516}","{""bracket_steps"":[40,48],""status"":""interpolated"",""step"":42.428588131082435,""tokens"":1390299.9758793092}",1.2913644331382566,0.7743747422017915
family_00,fixed_momentum_0.9,2048,True,/share/data/dl-theory/amin/projects/explore_muon/logs/tiny_spectra/shakespeare_batchprobe_20260928/runs/muon_b2048_lr0.032_m0.9_s20260928,/share/data/dl-theory/amin/projects/explore_muon/logs/tiny_spectra/shakespeare_batchprobe_20260928/runs/spd_b2048_lr0.016_m0.9_s20260928,2.4,"{""bracket_steps"":[1,128],""status"":""interpolated"",""step"":117.02890646836336,""tokens"":239675.20044720816}","{""bracket_steps"":[1,128],""status"":""interpolated"",""step"":112.84939285567545,""tokens"":231115.55656842332}",1.0370362082322688,0.9642864849479067
family_00,fixed_momentum_0.9,2048,True,/share/data/dl-theory/amin/projects/explore_muon/logs/tiny_spectra/shakespeare_batchprobe_20260928/runs/muon_b2048_lr0.032_m0.9_s20260928,/share/data/dl-theory/amin/projects/explore_muon/logs/tiny_spectra/shakespeare_batchprobe_20260928/runs/spd_b2048_lr0.016_m0.9_s20260928,2.2,"{""bracket_steps"":[128,256],""status"":""interpolated"",""step"":142.05703272631226,""tokens"":290932.8030234875}","{""bracket_steps"":[1,128],""status"":""interpolated"",""step"":125.32031645275491,""tokens"":256656.00809524205}",1.1335515002459078,0.8821831207343154
family_00,fixed_momentum_0.9,2048,True,/share/data/dl-theory/amin/projects/explore_muon/logs/tiny_spectra/shakespeare_batchprobe_20260928/runs/muon_b2048_lr0.032_m0.9_s20260928,/share/data/dl-theory/amin/projects/explore_muon/logs/tiny_spectra/shakespeare_batchprobe_20260928/runs/spd_b2048_lr0.016_m0.9_s20260928,2.0,"{""bracket_steps"":[128,256],""status"":""interpolated"",""step"":231.7973353926748,""tokens"":474720.942884198}","{""bracket_steps"":[128,256],""status"":""interpolated"",""step"":201.3772204079075,""tokens"":412420.54739539453}",1.1510603578853094,0.8687641730944219
family_00,fixed_momentum_0.9,8192,False,/share/data/dl-theory/amin/projects/explore_muon/logs/tiny_spectra/shakespeare_edges_20260928/runs/muon_b8192_lr0.032_m0.9_s20260928,/share/data/dl-theory/amin/projects/explore_muon/logs/tiny_spectra/shakespeare_screen_20260928/runs/spd_b8192_lr0.016_m0.9_s20260928,2.4,"{""bracket_steps"":[32,64],""status"":""interpolated"",""step"":41.716296839252806,""tokens"":341739.903707159}","{""bracket_steps"":[32,64],""status"":""interpolated"",""step"":39.97045319051203,""tokens"":327437.95253667457}",1.043678355119456,0.9581496014502892
family_00,fixed_momentum_0.9,8192,False,/share/data/dl-theory/amin/projects/explore_muon/logs/tiny_spectra/shakespeare_edges_20260928/runs/muon_b8192_lr0.032_m0.9_s20260928,/share/data/dl-theory/amin/projects/explore_muon/logs/tiny_spectra/shakespeare_screen_20260928/runs/spd_b8192_lr0.016_m0.9_s20260928,2.2,"{""bracket_steps"":[32,64],""status"":""interpolated"",""step"":60.34895271095709,""tokens"":494378.6206081605}","{""bracket_steps"":[32,64],""status"":""interpolated"",""step"":56.367423450190074,""tokens"":461761.9329039571}",1.0706352892692594,0.9340248822570848
family_00,fixed_momentum_0.9,8192,False,/share/data/dl-theory/amin/projects/explore_muon/logs/tiny_spectra/shakespeare_edges_20260928/runs/muon_b8192_lr0.032_m0.9_s20260928,/share/data/dl-theory/amin/projects/explore_muon/logs/tiny_spectra/shakespeare_screen_20260928/runs/spd_b8192_lr0.016_m0.9_s20260928,2.0,"{""bracket_steps"":[96,128],""status"":""interpolated"",""step"":97.76190723490578,""tokens"":800865.5440683481}","{""bracket_steps"":[64,96],""status"":""interpolated"",""step"":80.32620959758593,""tokens"":658032.3090234239}",1.2170611276776073,0.8216514168916045
family_00,fixed_momentum_0.9,32768,False,/share/data/dl-theory/amin/projects/explore_muon/logs/tiny_spectra/shakespeare_dynamics_20260928/runs/muon_b32768_lr0.064_m0.9_s20260928,/share/data/dl-theory/amin/projects/explore_muon/logs/tiny_spectra/shakespeare_batchprobe_20260928/runs/spd_b32768_lr0.016_m0.9_s20260928,2.4,"{""bracket_steps"":[24,32],""status"":""interpolated"",""step"":28.96119551536229,""tokens"":949000.4546473916}","{""bracket_steps"":[24,32],""status"":""interpolated"",""step"":27.958800420086355,""tokens"":916153.9721653897}",1.035852578802193,0.9653883385185456
family_00,fixed_momentum_0.9,32768,False,/share/data/dl-theory/amin/projects/explore_muon/logs/tiny_spectra/shakespeare_dynamics_20260928/runs/muon_b32768_lr0.064_m0.9_s20260928,/share/data/dl-theory/amin/projects/explore_muon/logs/tiny_spectra/shakespeare_batchprobe_20260928/runs/spd_b32768_lr0.016_m0.9_s20260928,2.2,"{""bracket_steps"":[40,48],""status"":""interpolated"",""step"":42.194460811905365,""tokens"":1382628.091884515}","{""bracket_steps"":[32,40],""status"":""interpolated"",""step"":38.29381199754658,""tokens"":1254811.6315356062}",1.1018610739147279,0.9075554293311836
family_00,fixed_momentum_0.9,32768,False,/share/data/dl-theory/amin/projects/explore_muon/logs/tiny_spectra/shakespeare_dynamics_20260928/runs/muon_b32768_lr0.064_m0.9_s20260928,/share/data/dl-theory/amin/projects/explore_muon/logs/tiny_spectra/shakespeare_batchprobe_20260928/runs/spd_b32768_lr0.016_m0.9_s20260928,2.0,"{""bracket_steps"":[56,64],""status"":""interpolated"",""step"":60.07746281223688,""tokens"":1968618.3014313781}","{""bracket_steps"":[48,56],""status"":""interpolated"",""step"":51.264610999886344,""tokens"":1679838.7732442757}",1.1719090741246447,0.8533085220343977
