earlier,later,step,tokens,seed20261001_difference,seed20261002_difference,mean_difference
adamw,muon,0,0,0.0,0.0,0.0
adamw,muon,1,262144,0.023470991446224332,0.019335206491717827,0.02140309896897108
adamw,muon,8,2097152,0.051750871972938484,0.045351225230112036,0.04855104860152526
adamw,muon,16,4194304,0.010258284556232233,0.01424070600941274,0.012249495282822487
adamw,muon,24,6291456,-0.1293098227424787,-0.13190540542150853,-0.13060761408199362
adamw,muon,32,8388608,-0.21988077711559395,-0.19933403034690667,-0.2096074037312503
adamw,muon,40,10485760,-0.2593870715888613,-0.2127661173212072,-0.23607659445503426
adamw,muon,48,12582912,-0.2741425476000643,-0.21517279374133214,-0.2446576706706982
adamw,muon,56,14680064,-0.27245519244388916,-0.21693714313666312,-0.24469616779027614
adamw,muon,64,16777216,-0.2783259190557157,-0.23703363378850728,-0.2576797764221115
adamw,muon,72,18874368,-0.29801215692700733,-0.254755247265833,-0.27638370209642016
adamw,muon,80,20971520,-0.3180747873536758,-0.2798776555954605,-0.29897622147456815
adamw,muon,88,23068672,-0.34722832469103704,-0.3048089972995962,-0.3260186609953166
adamw,muon,96,25165824,-0.37856281036229866,-0.3314863850950349,-0.3550245977286668
adamw,muon,104,27262976,-0.4096579073874125,-0.35167778842236164,-0.38066784790488706
adamw,muon,112,29360128,-0.4442353260729419,-0.3953939887209952,-0.41981465739696855
adamw,muon,120,31457280,-0.46249477446705267,-0.41206344475815904,-0.43727910961260585
adamw,muon,128,33554432,-0.4715012625893129,-0.4324931362712121,-0.4519971994302625
adamw,muon,136,35651584,-0.49011559036562513,-0.44600521725512277,-0.46806040381037395
adamw,muon,144,37748736,-0.4890499736901637,-0.4674551749134297,-0.4782525743017967
adamw,muon,152,39845888,-0.49925578928511083,-0.46384387311317976,-0.4815498311991453
adamw,muon,160,41943040,-0.4957326248208176,-0.4647204689845692,-0.4802265469026934
adamw,muon,168,44040192,-0.5038191800890734,-0.47382877549613145,-0.48882397779260245
adamw,muon,176,46137344,-0.49798071211050665,-0.47006745151412943,-0.48402408181231804
adamw,muon,184,48234496,-0.49870044988358675,-0.46874146299089947,-0.4837209564372431
adamw,muon,192,50331648,-0.5116096975404272,-0.47777994442067406,-0.4946948209805506
adamw,muon,200,52428800,-0.5203224013741892,-0.47630995034039714,-0.49831617585729315
adamw,muon,208,54525952,-0.5300058773740393,-0.48241258336886084,-0.50620923037145
adamw,muon,216,56623104,-0.5367412651041024,-0.4863758326018104,-0.5115585488529564
adamw,muon,224,58720256,-0.5554254151835405,-0.49113153894305484,-0.5232784770632977
adamw,muon,232,60817408,-0.5550207622184251,-0.508187624183905,-0.531604193201165
adamw,muon,240,62914560,-0.560526328591612,-0.5023337844449749,-0.5314300565182934
adamw,muon,248,65011712,-0.5633119532367159,-0.5112788836342572,-0.5372954184354866
adamw,muon,256,67108864,-0.5632275069096382,-0.5206478939311534,-0.5419377004203958
adamw,muon,264,69206016,-0.5653965940375754,-0.5357673251494308,-0.5505819595935031
adamw,muon,272,71303168,-0.5680196521021221,-0.5315716492842117,-0.5497956506931669
adamw,muon,280,73400320,-0.5720479856837475,-0.5308327825594121,-0.5514403841215798
adamw,muon,288,75497472,-0.5636625541779399,-0.5415408569088314,-0.5526017055433856
adamw,muon,296,77594624,-0.5638120881303506,-0.53793752494414,-0.5508748065372453
adamw,muon,304,79691776,-0.5605054729107417,-0.5316790820355743,-0.546092277473158
adamw,muon,312,81788928,-0.555997109406154,-0.531796342809451,-0.5438967261078025
adamw,muon,320,83886080,-0.5560846264222956,-0.5319749710498831,-0.5440297987360894
adamw,muon,328,85983232,-0.5571923101235976,-0.5277185220869018,-0.5424554161052497
adamw,muon,336,88080384,-0.552910163860517,-0.531667251061875,-0.542288707461196
adamw,muon,344,90177536,-0.5603694006500088,-0.5379534514958992,-0.549161426072954
adamw,muon,352,92274688,-0.5680747060208313,-0.5462310096551892,-0.5571528578380103
adamw,muon,360,94371840,-0.5735442226519964,-0.5519665129916307,-0.5627553678218136
adamw,muon,368,96242176,-0.5771849823294763,-0.5554036933738766,-0.5662943378516765
muon,pd,0,0,0.0,0.0,0.0
muon,pd,1,262144,0.004773971736259597,0.004312270973359844,0.0045431213548097205
muon,pd,8,2097152,0.027837012791177784,0.023922198492163815,0.0258796056416708
muon,pd,16,4194304,-0.0031495437064528176,-0.004637787199889942,-0.00389366545317138
muon,pd,24,6291456,-0.01504108336572152,-0.03048592025491903,-0.022763501810320275
muon,pd,32,8388608,-0.03662401363819168,-0.040474146031706404,-0.03854907983494904
muon,pd,40,10485760,-0.04888833203025733,-0.05625560685917108,-0.052571969444714206
muon,pd,48,12582912,-0.06814794603647645,-0.06341923865145116,-0.0657835923439638
muon,pd,56,14680064,-0.07440958775782747,-0.07504437049051393,-0.0747269791241707
muon,pd,64,16777216,-0.09168596576336618,-0.08222614982781096,-0.08695605779558857
muon,pd,72,18874368,-0.1003115654366944,-0.08832479652196756,-0.09431818097933098
muon,pd,80,20971520,-0.10567487022815669,-0.09776281499799477,-0.10171884261307573
muon,pd,88,23068672,-0.11229675804143469,-0.10407921941152853,-0.10818798872648161
muon,pd,96,25165824,-0.12032460231370923,-0.10849653372604084,-0.11441056801987504
muon,pd,104,27262976,-0.12488266201541087,-0.10997352263924398,-0.11742809232732743
muon,pd,112,29360128,-0.11697774594082588,-0.1085644351862678,-0.11277109056354684
muon,pd,120,31457280,-0.11449226753896191,-0.10131813013451918,-0.10790519883674055
muon,pd,128,33554432,-0.11283227292462072,-0.10125817303698081,-0.10704522298080077
muon,pd,136,35651584,-0.1081667020068684,-0.09892613461069022,-0.10354641830877931
muon,pd,144,37748736,-0.10339738573954982,-0.09464067700696077,-0.0990190313732553
muon,pd,152,39845888,-0.09567056491635206,-0.09590934965765285,-0.09578995728700246
muon,pd,160,41943040,-0.09417257432581394,-0.08847692266524732,-0.09132474849553063
muon,pd,168,44040192,-0.08807203733005053,-0.08328251466580827,-0.0856772759979294
muon,pd,176,46137344,-0.08490160103201827,-0.08371577486625448,-0.08430868794913637
muon,pd,184,48234496,-0.07684852263321673,-0.08583101240669588,-0.08133976751995631
muon,pd,192,50331648,-0.06674286603427859,-0.08205394717692105,-0.07439840660559982
muon,pd,200,52428800,-0.05092930209587543,-0.07391520382474326,-0.06242225296030934
muon,pd,208,54525952,-0.046269779002185096,-0.07840937742845888,-0.06233957821532199
muon,pd,216,56623104,-0.037036698267250756,-0.07753979415032841,-0.057288246208789584
muon,pd,224,58720256,-0.03567933630922404,-0.07948277615446653,-0.057581056231845285
muon,pd,232,60817408,-0.03283008064892279,-0.08285964574164773,-0.05784486319528526
muon,pd,240,62914560,-0.03748758800579477,-0.08131198308921483,-0.0593997855475048
muon,pd,248,65011712,-0.03172883025263218,-0.0766881672766484,-0.05420849876464029
muon,pd,256,67108864,-0.03388931524451699,-0.07077706681302143,-0.05233319102876921
muon,pd,264,69206016,-0.03691385140088421,-0.06954147922053444,-0.05322766531070933
muon,pd,272,71303168,-0.033067909819339825,-0.06904281378439503,-0.05105536180186743
muon,pd,280,73400320,-0.03623782967101441,-0.0676991446707369,-0.051968487170875655
muon,pd,288,75497472,-0.036079401257190113,-0.06624610028671185,-0.05116275077195098
muon,pd,296,77594624,-0.03454014526881011,-0.06256557527995277,-0.04855286027438144
muon,pd,304,79691776,-0.03785143433529381,-0.0650256263844593,-0.051438530359876555
muon,pd,312,81788928,-0.037380593315930355,-0.06350710415417193,-0.050443848735051144
muon,pd,320,83886080,-0.03692444800576489,-0.05747669656371901,-0.04720057228474195
muon,pd,328,85983232,-0.03245221377009422,-0.06274619151616889,-0.047599202643131555
muon,pd,336,88080384,-0.029871263979992513,-0.058186183752643394,-0.044028723866317954
muon,pd,344,90177536,-0.0325218796079465,-0.05832304306247593,-0.04542246133521122
muon,pd,352,92274688,-0.03221969273083225,-0.05838159541667576,-0.045300644073754004
muon,pd,360,94371840,-0.0335116894054277,-0.059290230347940565,-0.046400959876684134
muon,pd,368,96242176,-0.03498454445320043,-0.060478390561333306,-0.04773146750726687
pd,ts,0,0,0.0,0.0,0.0
pd,ts,1,262144,0.0013767590877353797,0.0011077908990859697,0.0012422749934106747
pd,ts,8,2097152,0.01514268228393334,0.012942709469685454,0.014042695876809397
pd,ts,16,4194304,0.00853569574847679,0.011022064807908016,0.009778880278192403
pd,ts,24,6291456,0.011189967564018133,0.012171605881142966,0.01168078672258055
pd,ts,32,8388608,-0.007524913901306718,-0.001592928835385976,-0.004558921368346347
pd,ts,40,10485760,-0.019928758926551993,-0.006742958835833868,-0.01333585888119293
pd,ts,48,12582912,-0.021047889844442835,-0.015573357080422845,-0.01831062346243284
pd,ts,56,14680064,-0.032086578697790635,-0.024309668740599477,-0.028198123719195056
pd,ts,64,16777216,-0.034181366466878416,-0.029841401437834314,-0.032011383952356365
pd,ts,72,18874368,-0.03891413870260063,-0.0425970118123038,-0.040755575257452215
pd,ts,80,20971520,-0.04259499201813366,-0.04280648577644541,-0.042700738897289536
pd,ts,88,23068672,-0.048511136691951506,-0.047194083353864436,-0.04785261002290797
pd,ts,96,25165824,-0.0431585908869474,-0.044939263276668306,-0.044048927081807854
pd,ts,104,27262976,-0.033907698982392986,-0.04711194193323465,-0.04050982045781382
pd,ts,112,29360128,-0.02969643747994155,-0.03742562287392648,-0.033561030176934015
pd,ts,120,31457280,-0.024909737540090404,-0.03324374205026892,-0.029076739795179662
pd,ts,128,33554432,-0.023520495854787882,-0.028470819920655366,-0.025995657887721624
pd,ts,136,35651584,-0.016266486805614377,-0.015572973915913835,-0.015919730360764106
pd,ts,144,37748736,-0.020652266426563592,-0.01151388304486023,-0.01608307473571191
pd,ts,152,39845888,-0.016468215409934928,-0.008239304440019524,-0.012353759924977226
pd,ts,160,41943040,-0.018559236940335566,-0.012173987518329099,-0.015366612229332333
pd,ts,168,44040192,-0.023080283070362917,-0.008728332800607141,-0.01590430793548503
pd,ts,176,46137344,-0.012950301955526378,-0.009794297688381803,-0.01137229982195409
pd,ts,184,48234496,-0.02123858911061749,-0.003990070026459236,-0.012614329568538363
pd,ts,192,50331648,-0.01890287024542925,-0.006201882387674829,-0.012552376316552039
pd,ts,200,52428800,-0.02251136182930491,-0.0064306235215871865,-0.014470992675446048
pd,ts,208,54525952,-0.015538823043867112,0.004859529930482331,-0.00533964655669239
pd,ts,216,56623104,-0.02279577225786511,0.0005710045036781963,-0.011112383877093457
pd,ts,224,58720256,-0.01911980242604905,0.01030292288635426,-0.004408439769847394
pd,ts,232,60817408,-0.0269829198960867,0.01688733494625705,-0.005047792474914825
pd,ts,240,62914560,-0.02315306852955601,0.012253415632010878,-0.005449826448772566
pd,ts,248,65011712,-0.03490898174280055,0.0114541133826922,-0.011727434180054175
pd,ts,256,67108864,-0.036891187904504186,0.010116016967736563,-0.013387585468383811
pd,ts,264,69206016,-0.03479226655839174,0.0006871451799925765,-0.01705256068919958
pd,ts,272,71303168,-0.034293306702965154,0.003531156806321434,-0.01538107494832186
pd,ts,280,73400320,-0.03245438534522194,0.003916063827361427,-0.014269160758930255
pd,ts,288,75497472,-0.034745340632604815,0.004301902382280787,-0.015221719125162014
pd,ts,296,77594624,-0.040292189132228096,0.0006904204543918269,-0.019800884338918134
pd,ts,304,79691776,-0.032384626993087196,0.001694937041888167,-0.015344844975599514
pd,ts,312,81788928,-0.03933001309066064,0.006028780615943141,-0.01665061623735875
pd,ts,320,83886080,-0.0425617321782612,-0.004788146747934263,-0.023674939463097733
pd,ts,328,85983232,-0.03723649289672526,-0.0013309718304617135,-0.019283732363593487
pd,ts,336,88080384,-0.04376354128608462,-0.00641939725139995,-0.025091469268742284
pd,ts,344,90177536,-0.0398001720300325,-0.006579026713918523,-0.02318959937197551
pd,ts,352,92274688,-0.038750508116176974,-0.006326483124818871,-0.022538495620497923
pd,ts,360,94371840,-0.037185148168275006,-0.004853848280133022,-0.021019498224204014
pd,ts,368,96242176,-0.03710978549987054,-0.004665907976652228,-0.020887846738261384
ts,spd,0,0,0.0,0.0,0.0
ts,spd,1,262144,-0.001376828124087126,-0.0011087500563391472,-0.0012427890902131367
ts,spd,8,2097152,0.056179912199779025,0.06177925697688735,0.05897958458833319
ts,spd,16,4194304,-0.012738403513759877,-0.00824241603560072,-0.010490409774680298
ts,spd,24,6291456,-0.05224939919334304,-0.06910661332711943,-0.06067800626023123
ts,spd,32,8388608,-0.05331464172393208,-0.065646374153987,-0.05948050793895954
ts,spd,40,10485760,-0.050177617500197336,-0.05537897087640964,-0.05277829418830349
ts,spd,48,12582912,-0.05121856153795079,-0.046493341987281944,-0.04885595176261637
ts,spd,56,14680064,-0.05287783953185077,-0.046780089250354706,-0.04982896439110274
ts,spd,64,16777216,-0.0542820221433864,-0.04481120613047285,-0.04954661413692962
ts,spd,72,18874368,-0.05718161199696237,-0.04784204214174537,-0.05251182706935387
ts,spd,80,20971520,-0.0632761643564983,-0.0433626355047263,-0.0533193999306123
ts,spd,88,23068672,-0.05372553506027966,-0.04377325490686612,-0.04874939498357289
ts,spd,96,25165824,-0.0502988323784237,-0.044859441089120544,-0.04757913673377212
ts,spd,104,27262976,-0.04922749243087221,-0.04400238514482169,-0.04661493878784695
ts,spd,112,29360128,-0.04853528960954101,-0.04581922985703457,-0.04717725973328779
ts,spd,120,31457280,-0.04474480392239588,-0.04344947323370629,-0.04409713857805109
ts,spd,128,33554432,-0.03872385039810755,-0.0375389709535181,-0.03813141067581283
ts,spd,136,35651584,-0.035795580914467884,-0.042038784934105955,-0.03891718292428692
ts,spd,144,37748736,-0.03406755353065627,-0.040229071251620674,-0.03714831239113847
ts,spd,152,39845888,-0.03218286790438807,-0.040718946886993734,-0.0364509073956909
ts,spd,160,41943040,-0.030436787729027692,-0.03541026325560104,-0.032923525492314365
ts,spd,168,44040192,-0.028074456916087343,-0.03371573139468609,-0.030895094155386715
ts,spd,176,46137344,-0.03407001044186764,-0.0369721635357676,-0.03552108698881762
ts,spd,184,48234496,-0.028977180525315838,-0.036752225017935736,-0.03286470277162579
ts,spd,192,50331648,-0.03061707236624578,-0.038956299608909006,-0.03478668598757739
ts,spd,200,52428800,-0.03418904317878724,-0.05040487281000594,-0.04229695799439659
ts,spd,208,54525952,-0.038109681268586826,-0.0567212304721032,-0.047415455870345014
ts,spd,216,56623104,-0.042315315260107234,-0.06430503343220106,-0.05331017434615415
ts,spd,224,58720256,-0.04684329878709459,-0.06937187655012256,-0.058107587668608573
ts,spd,232,60817408,-0.03528598369801195,-0.07309221842334335,-0.05418910106067765
ts,spd,240,62914560,-0.03650205406071816,-0.06328238411435994,-0.04989221908753905
ts,spd,248,65011712,-0.025666445840210272,-0.058424354640245646,-0.04204540024022796
ts,spd,256,67108864,-0.025465525557519797,-0.0534167752487793,-0.03944115040314955
ts,spd,264,69206016,-0.019557081033098278,-0.03976352852628651,-0.029660304779692392
ts,spd,272,71303168,-0.01803103304146969,-0.03612983299499639,-0.02708043301823304
ts,spd,280,73400320,-0.02007651131609478,-0.035994194835283544,-0.028035353075689162
ts,spd,288,75497472,-0.013340332341878813,-0.030195226090697247,-0.02176777921628803
ts,spd,296,77594624,-0.009189695088341665,-0.021953465624319435,-0.01557158035633055
ts,spd,304,79691776,-0.01333980394649803,-0.020798136766638997,-0.017068970356568514
ts,spd,312,81788928,-0.00891655730514529,-0.0246348532496361,-0.016775705277390696
ts,spd,320,83886080,-0.002267513087861772,-0.016033345564902213,-0.009150429326381992
ts,spd,328,85983232,-0.010615439952690764,-0.015347098342355814,-0.012981269147523289
ts,spd,336,88080384,-0.0032333930714329995,-0.005745312091399057,-0.0044893525814160284
ts,spd,344,90177536,-0.0030335666268763717,-0.008713218513734411,-0.005873392570305391
ts,spd,352,92274688,-0.006539274557480823,-0.00557008790101321,-0.0060546812292470165
ts,spd,360,94371840,-0.005302146624157622,-0.0036051559682315215,-0.004453651296194572
ts,spd,368,96242176,-0.0037421185170831706,-0.002101562665989931,-0.002921840591536551
