pair,record_step,state_step,tokens,batch_tokens,lr,aux_lr,beta_warmup,train_warmup,train_constant
PD_260925,1,0,16777216,16777216,0.009333333333333332,0.0006666666666666665,0.8,10.919343697372824,10.919343697372824
PD_260925,2,1,33554432,16777216,0.018666666666666665,0.001333333333333333,0.8010895210735614,10.460257010534406,10.460253258235753
PD_260925,3,2,50331648,16777216,0.028,0.002,0.8021790421471227,9.625189759302884,9.627152019180357
PD_260925,4,3,67108864,16777216,0.028,0.002,0.803268563220684,8.762451209127903,8.768384033814073
PD_260925,5,4,83886080,16777216,0.028,0.002,0.8043580842942453,8.128822969505563,8.121553166303784
PD_260925,6,5,100663296,16777216,0.028,0.002,0.8054476053678065,7.680492379702628,7.673960183979943
PD_260925,7,6,117440512,16777216,0.028,0.002,0.8065371264413678,7.50133948167786,7.460924011655152
PD_260925,8,7,134217728,16777216,0.028,0.002,0.8076266475149291,7.361432253150269,7.335838654078543
PD_260925,9,8,150994944,16777216,0.028,0.002,0.8087161685884904,7.208749289158732,7.205332905985415
PD_260925,10,9,167772160,16777216,0.028,0.002,0.8098056896620517,7.16878630197607,7.174577480182052
PD_260925,11,10,184549376,16777216,0.028,0.002,0.810895210735613,7.028094466775656,7.017919420264661
PD_260925,12,11,201326592,16777216,0.028,0.002,0.8119847318091743,6.896402283804491,6.902955728583038
PD_260925,13,12,218103808,16777216,0.028,0.002,0.8130742528827355,6.850268083391711,6.866791045526043
PD_260925,14,13,234881024,16777216,0.028,0.002,0.8141637739562968,6.7184503469616175,6.7205000054091215
PD_260925,15,14,251658240,16777216,0.028,0.002,0.8152532950298581,6.685307111823931,6.729462661780417
PD_260925,16,15,268435456,16777216,0.028,0.002,0.8163428161034194,6.541562063153833,6.565787525381893
PD_260925,17,16,285212672,16777216,0.028,0.002,0.8174323371769807,6.533953486010432,6.542072269599885
PD_260925,18,17,301989888,16777216,0.028,0.002,0.818521858250542,6.429826334351674,6.461932443315163
PD_260925,19,18,318767104,16777216,0.028,0.002,0.8196113793241033,6.415063078515232,6.443502584472299
PD_260925,20,19,335544320,16777216,0.028,0.002,0.8207009003976646,6.318970563588664,6.353858201066032
PD_260925,21,20,352321536,16777216,0.028,0.002,0.8217904214712258,6.323297515511513,6.379524431657046
PD_260925,22,21,369098752,16777216,0.028,0.002,0.8228799425447871,6.25395624130033,6.275605516508222
PD_260925,23,22,385875968,16777216,0.028,0.002,0.8239694636183484,6.221739289117977,6.2699928702786565
PD_260925,24,23,402653184,16777216,0.028,0.002,0.8250589846919097,6.151063858764246,6.210430261213332
PD_260925,25,24,419430400,16777216,0.028,0.002,0.826148505765471,6.137889835750684,6.196585387457162
PD_260925,26,25,436207616,16777216,0.028,0.002,0.8272380268390324,6.088664836017415,6.134662200231105
PD_260925,27,26,452984832,16777216,0.028,0.002,0.8283275479125937,6.054648243589327,6.114621812244877
PD_260925,28,27,469762048,16777216,0.028,0.002,0.829417068986155,6.001815745374188,6.044657894410193
PD_260925,29,28,486539264,16777216,0.028,0.002,0.8305065900597162,5.974324800539762,6.04658371838741
PD_260925,30,29,503316480,16777216,0.028,0.002,0.8315961111332775,5.946968832286075,5.9963336936198175
PD_260925,31,30,520093696,16777216,0.028,0.002,0.8326856322068388,5.929725270951167,5.9760832076426595
PD_260925,32,31,536870912,16777216,0.028,0.002,0.8337751532804001,5.8649524168577045,5.924532896373421
PD_260925,33,32,553648128,16777216,0.028,0.002,0.8348646743539614,5.863679268397391,5.94132196623832
PD_260925,34,33,570425344,16777216,0.028,0.002,0.8359541954275227,5.816525783855468,5.875442953547463
PD_260925,35,34,587202560,16777216,0.028,0.002,0.837043716501084,5.807775941910222,5.906757823890075
PD_260925,36,35,603979776,16777216,0.028,0.002,0.8381332375746453,5.75868668500334,5.83644759003073
PD_260925,37,36,620756992,16777216,0.028,0.002,0.8392227586482066,5.755799085600302,5.822456809924915
PD_260925,38,37,637534208,16777216,0.028,0.002,0.8403122797217678,5.712766656884924,5.771780112059787
PD_260925,39,38,654311424,16777216,0.028,0.002,0.8414018007953291,5.687016352778301,5.788337498204783
PD_260925,40,39,671088640,16777216,0.028,0.002,0.8424913218688904,5.659193443367258,5.732864466495812
PD_260925,41,40,687865856,16777216,0.028,0.002,0.8435808429424517,5.641293017426506,5.72189234639518
PD_260925,42,41,704643072,16777216,0.028,0.002,0.844670364016013,5.58955236163456,5.688740531215444
PD_260925,43,42,721420288,16777216,0.028,0.002,0.8457598850895743,5.570737324189395,5.681259382748976
PD_260925,44,43,738197504,16777216,0.028,0.002,0.8468494061631356,5.545046271756291,5.641759661026299
PD_260925,45,44,754974720,16777216,0.028,0.002,0.8479389272366968,5.513171604368836,5.61917627020739
PD_260925,46,45,771751936,16777216,0.028,0.002,0.8490284483102581,5.463134156772867,5.579013489652425
PD_260925,47,46,788529152,16777216,0.028,0.002,0.8501179693838194,5.446802123449743,5.552615199005231
PD_260925,48,47,805306368,16777216,0.028,0.002,0.8512074904573808,5.399437184678391,5.52281931694597
PD_260925,49,48,822083584,16777216,0.028,0.002,0.8522970115309421,5.3903250431176275,5.495147988665849
PD_260925,50,49,838860800,16777216,0.028,0.002,0.8533865326045034,5.33806534903124,5.437381847761571
PD_260925,51,50,855638016,16777216,0.028,0.002,0.8544760536780647,5.325399084715173,5.441702795447782
PD_260925,52,51,872415232,16777216,0.028,0.002,0.855565574751626,5.281138923019171,5.393990445416421
PD_260925,53,52,889192448,16777216,0.028,0.002,0.8566550958251873,5.276503719156608,5.3779987674206495
PD_260925,54,53,905969664,16777216,0.028,0.002,0.8577446168987485,5.231950402958319,5.339609642978758
PD_260925,55,54,922746880,16777216,0.028,0.002,0.8588341379723098,5.217559200711548,5.315209789900109
PD_260925,56,55,939524096,16777216,0.028,0.002,0.8599236590458711,5.212240156834014,5.293949099490419
PD_260925,57,56,956301312,16777216,0.028,0.002,0.8610131801194324,5.174105438636616,5.272282741032541
PD_260925,58,57,973078528,16777216,0.028,0.002,0.8621027011929937,5.122019846457988,5.220417334698141
PD_260925,59,58,989855744,16777216,0.028,0.002,0.863192222266555,5.128389107529074,5.2262434244621545
PD_260925,60,59,1006632960,16777216,0.028,0.002,0.8642817433401163,5.080646694987081,5.1777203236706555
PD_260925,61,60,1023410176,16777216,0.028,0.002,0.8653712644136775,5.092490910785273,5.1753642780240625
PD_260925,62,61,1040187392,16777216,0.028,0.002,0.8664607854872388,5.06199137866497,5.148548660799861
PD_260925,63,62,1056964608,16777216,0.028,0.002,0.8675503065608001,5.0417803599266335,5.1302159246988595
PD_260925,64,63,1073741824,16777216,0.028,0.002,0.8686398276343614,5.015783491078764,5.101051759906113
PD_260925,65,64,1090519040,16777216,0.028,0.002,0.8697293487079227,4.99643566343002,5.082393956603482
PD_260925,66,65,1107296256,16777216,0.028,0.002,0.870818869781484,4.9694875865243375,5.062274341355078
PD_260925,67,66,1124073472,16777216,0.028,0.002,0.8719083908550453,4.958078529103659,5.032554894918576
PD_260925,68,67,1140850688,16777216,0.028,0.002,0.8729979119286067,4.942393895238638,5.0313002889743075
PD_260925,69,68,1157627904,16777216,0.028,0.002,0.874087433002168,4.916907331673428,4.9904093742370605
PD_260925,70,69,1174405120,16777216,0.028,0.002,0.8751769540757292,4.9149338458664715,4.98541065864265
PD_260925,71,70,1191182336,16777216,0.028,0.002,0.8762664751492905,4.883644839283079,4.957634707447141
PD_260925,72,71,1207959552,16777216,0.028,0.002,0.8773559962228518,4.8662967992713675,4.932345331180841
PD_260925,73,72,1224736768,16777216,0.028,0.002,0.8784455172964131,4.845316850231029,4.927471465663984
PD_260925,74,73,1241513984,16777216,0.028,0.002,0.8795350383699744,4.841308580012992,4.913061214843765
PD_260925,75,74,1258291200,16777216,0.028,0.002,0.8806245594435357,4.837756672175601,4.905976139008999
PD_260925,76,75,1275068416,16777216,0.028,0.002,0.881714080517097,4.817767643369734,4.891889511374757
PD_260925,77,76,1291845632,16777216,0.028,0.002,0.8828036015906582,4.805189580889419,4.875475524691865
PD_260925,78,77,1308622848,16777216,0.028,0.002,0.8838931226642195,4.802667928626761,4.887980164028704
PD_260925,79,78,1325400064,16777216,0.028,0.002,0.8849826437377808,4.774564659455791,4.848694771644659
PD_260925,80,79,1342177280,16777216,0.028,0.002,0.8860721648113421,4.763969247695059,4.841493387124501
PD_260925,81,80,1358954496,16777216,0.028,0.002,0.8871616858849034,4.730936389183626,4.806947546429001
PD_260925,82,81,1375731712,16777216,0.028,0.002,0.8882512069584647,4.73267900350038,4.80958064366132
PD_260925,83,82,1392508928,16777216,0.028,0.002,0.889340728032026,4.713088848511688,4.790902075590566
PD_260925,84,83,1409286144,16777216,0.028,0.002,0.8904302491055873,4.703135781106539,4.775925821973942
PD_260925,85,84,1426063360,16777216,0.028,0.002,0.8915197701791485,4.69198121514637,4.766759097226895
PD_260925,86,85,1442840576,16777216,0.028,0.002,0.8926092912527098,4.656825735932216,4.743650603457354
PD_260925,87,86,1459617792,16777216,0.028,0.002,0.8936988123262711,4.642031382303685,4.718851773650385
PD_260925,88,87,1476395008,16777216,0.028,0.002,0.8947883333998324,4.647262266720645,4.72354143531993
PD_260925,89,88,1493172224,16777216,0.028,0.002,0.8958778544733937,4.6356298110913485,4.713030281825922
PD_260925,90,89,1509949440,16777216,0.028,0.002,0.896967375546955,4.619205267634243,4.700016397284344
PD_260925,91,90,1526726656,16777216,0.028,0.002,0.8980568966205164,4.597230776911601,4.68589538289234
PD_260925,92,91,1543503872,16777216,0.028,0.002,0.8991464176940777,4.600119889830239,4.681731673888862
PD_260925,93,92,1560281088,16777216,0.028,0.002,0.9,4.5701859364053234,4.651611329987645
PD_260925,94,93,1577058304,16777216,0.028,0.002,0.9,4.562840056722052,4.650654504192062
PD_260925,95,94,1593835520,16777216,0.028,0.002,0.9,4.542884366237558,4.634593609604053
PD_260925,96,95,1610612736,16777216,0.028,0.002,0.9,4.521400466677733,4.599486252409406
PD_260925,97,96,1627389952,16777216,0.028,0.002,0.9,4.529993030126207,4.609725682530552
PD_260925,98,97,1644167168,16777216,0.028,0.002,0.9,4.504093252704479,4.581853722105734
PD_260925,99,98,1660944384,16777216,0.028,0.002,0.9,4.50602116889786,4.578802459989674
PD_260925,100,99,1677721600,16777216,0.028,0.002,0.9,4.481320491991937,4.556059454916976
PD_260925,101,100,1694498816,16777216,0.028,0.002,0.9,4.48806191526819,4.556002310826443
PD_260925,102,101,1711276032,16777216,0.028,0.002,0.9,4.473116027191281,4.534772506449372
PD_260925,103,102,1728053248,16777216,0.028,0.002,0.9,4.451095727155916,4.527470431523398
PD_260925,104,103,1744830464,16777216,0.028,0.002,0.9,4.462400699034333,4.517296811682172
PD_260925,105,104,1761607680,16777216,0.028,0.002,0.9,4.466144296806306,4.510361178428866
PD_260925,106,105,1778384896,16777216,0.028,0.002,0.9,4.445744654047303,4.500828056712635
PD_260925,107,106,1795162112,16777216,0.028,0.002,0.9,4.430264263879508,4.490690670325421
PD_260925,108,107,1811939328,16777216,0.028,0.002,0.9,4.426308812573552,4.483165929326788
PD_260925,109,108,1828716544,16777216,0.028,0.002,0.9,4.420522002503276,4.476208014180884
PD_260925,110,109,1845493760,16777216,0.028,0.002,0.9,4.4192735514370725,4.471423190552741
PD_260925,111,110,1862270976,16777216,0.028,0.002,0.9,4.4004259505309165,4.45102251006756
PD_260925,112,111,1879048192,16777216,0.028,0.002,0.9,4.404006292345002,4.452651193249039
PD_260925,113,112,1895825408,16777216,0.028,0.002,0.9,4.394056862103753,4.440936636296101
PD_260925,114,113,1912602624,16777216,0.028,0.002,0.9,4.395491827744991,4.44964396499563
PD_260925,115,114,1929379840,16777216,0.028,0.002,0.9,4.3721274035051465,4.415733472909778
PD_260925,116,115,1946157056,16777216,0.028,0.002,0.9,4.365797755890526,4.411348434397951
PD_260925,117,116,1962934272,16777216,0.028,0.002,0.9,4.370664180372842,4.417985746753402
PD_260925,118,117,1979711488,16777216,0.028,0.002,0.9,4.355472274473868,4.402351455413736
PD_260925,119,118,1996488704,16777216,0.028,0.002,0.9,4.3403960393043235,4.38002264208626
PD_260925,120,119,2013265920,16777216,0.028,0.002,0.9,4.339158753864467,4.378246049280278
PD_260925,121,120,2030043136,16777216,0.028,0.002,0.9,4.3368117198115215,4.368496055598371
PD_260925,122,121,2046820352,16777216,0.028,0.002,0.9,4.347852442180738,4.381052837474272
PD_260925,123,122,2063597568,16777216,0.028,0.002,0.9,4.337594181648456,4.379698939505033
PD_260925,124,123,2080374784,16777216,0.028,0.002,0.9,4.324393124436028,4.361678451416083
PD_260925,125,124,2097152000,16777216,0.028,0.002,0.9,4.313170459354296,4.347489550593309
PD_260925,126,125,2113929216,16777216,0.028,0.002,0.9,4.284039840335026,4.330107592046261
PD_260925,127,126,2130706432,16777216,0.028,0.002,0.9,4.315714785363525,4.342736943392083
PD_260925,128,127,2147483648,16777216,0.028,0.002,0.9,4.307754254783504,4.334264475270174
PD_260925,129,128,2164260864,16777216,0.028,0.002,0.9,4.294030306860805,4.325618132366799
PD_260925,130,129,2181038080,16777216,0.028,0.002,0.9,4.286890902207233,4.314557729405351
PD_260925,131,130,2197815296,16777216,0.028,0.002,0.9,4.279042612295598,4.311805770499632
PD_260925,132,131,2214592512,16777216,0.028,0.002,0.9,4.275532221887261,4.3058389578945935
PD_260925,133,132,2231369728,16777216,0.028,0.002,0.9,4.273920614039525,4.307415987597778
PD_260925,134,133,2248146944,16777216,0.028,0.002,0.9,4.271480441093445,4.3020958479028195
PD_260925,135,134,2264924160,16777216,0.028,0.002,0.9,4.25239122135099,4.281340669607744
PD_260925,136,135,2281701376,16777216,0.028,0.002,0.9,4.267486775526777,4.304509815527126
PD_260925,137,136,2298478592,16777216,0.028,0.002,0.9,4.249945184448734,4.289306389866397
PD_260925,138,137,2315255808,16777216,0.028,0.002,0.9,4.24842301174067,4.279931089142337
PD_260925,139,138,2332033024,16777216,0.028,0.002,0.9,4.244482796289958,4.283679187414236
PD_260925,140,139,2348810240,16777216,0.028,0.002,0.9,4.237039029714651,4.268594711786136
PD_260925,141,140,2365587456,16777216,0.028,0.002,0.9,4.237242842791602,4.268222181708552
PD_260925,142,141,2382364672,16777216,0.028,0.002,0.9,4.223003825289197,4.256834094179794
PD_260925,143,142,2399141888,16777216,0.028,0.002,0.9,4.222478834912181,4.257069492479786
PD_260925,144,143,2415919104,16777216,0.028,0.002,0.9,4.218284010188654,4.244528370676562
PD_260925,145,144,2432696320,16777216,0.028,0.002,0.9,4.218717419309542,4.25023080909159
PD_260925,146,145,2449473536,16777216,0.028,0.002,0.9,4.214117130963132,4.2421370761003345
PD_260925,147,146,2466250752,16777216,0.028,0.002,0.9,4.188832298037596,4.218933644704521
PD_260925,148,147,2483027968,16777216,0.028,0.002,0.9,4.1784675675444305,4.21866090153344
PD_260925,149,148,2499805184,16777216,0.028,0.002,0.9,4.186229269951582,4.210680025047623
PD_260925,150,149,2516582400,16777216,0.028,0.002,0.9,4.17258856643457,4.201901142951101
PD_260925,151,150,2533359616,16777216,0.028,0.002,0.9,4.169914353406057,4.199819613597356
PD_260925,152,151,2550136832,16777216,0.028,0.002,0.9,4.170013880706392,4.200591286178678
PD_260925,153,152,2566914048,16777216,0.028,0.002,0.9,4.149824521970004,4.183002290665172
PD_260925,154,153,2583691264,16777216,0.028,0.002,0.9,4.159008601913229,4.185691720689647
PD_260925,155,154,2600468480,16777216,0.028,0.002,0.9,4.153727527125739,4.178705168655142
PD_260925,156,155,2617245696,16777216,0.028,0.002,0.9,4.159633171628229,4.185616799513809
PD_260925,157,156,2634022912,16777216,0.028,0.002,0.9,4.154607371077873,4.178011198178865
PD_260925,158,157,2650800128,16777216,0.028,0.002,0.9,4.150391367496923,4.171440067118965
PD_260925,159,158,2667577344,16777216,0.028,0.002,0.9,4.133463523117825,4.1583656867733225
PD_260925,160,159,2684354560,16777216,0.028,0.002,0.9,4.138671469409019,4.167204997036606
PD_260925,161,160,2701131776,16777216,0.028,0.002,0.9,4.116724068182521,4.15066867636051
PD_260925,162,161,2717908992,16777216,0.028,0.002,0.9,4.140227922354825,4.16714568505995
PD_260925,163,162,2734686208,16777216,0.028,0.002,0.9,4.1271866124589,4.149849560111761
PD_260925,164,163,2751463424,16777216,0.028,0.002,0.9,4.13935703097377,4.16387874877546
PD_260925,165,164,2768240640,16777216,0.028,0.002,0.9,4.120881624170579,4.140161823830567
PD_260925,166,165,2785017856,16777216,0.028,0.002,0.9,4.110112186404876,4.134489308926277
PD_260925,167,166,2801795072,16777216,0.02679530250435569,0.0019139501788825492,0.9,4.129735404043458,4.151942409807816
PD_260925,168,167,2818572288,16777216,0.02526997300136988,0.00180499807152642,0.9,4.1095297005958855,4.131892042118125
PD_260925,169,168,2835349504,16777216,0.023744643498384073,0.0016960459641702909,0.9,4.109196481877007,4.129987844265997
PD_260925,170,169,2852126720,16777216,0.022219313995398265,0.0015870938568141616,0.9,4.0891157881123945,4.115945550263859
PD_260925,171,170,2868903936,16777216,0.020693984492412453,0.0014781417494580322,0.9,4.082527396385558,4.106447335914709
PD_260925,172,171,2885681152,16777216,0.019168654989426645,0.0013691896421019032,0.9,4.093075344571844,4.117216438869946
PD_260925,173,172,2902458368,16777216,0.017643325486440837,0.001260237534745774,0.9,4.093811506405473,4.118858266388997
PD_260925,174,173,2919235584,16777216,0.016117995983455025,0.0011512854273896447,0.9,4.05358195817098,4.0794898914173245
PD_260925,175,174,2936012800,16777216,0.014592666480469219,0.0010423333200335156,0.9,4.060766029753722,4.0856530967867
PD_260925,176,175,2952790016,16777216,0.013067336977483407,0.0009333812126773862,0.9,4.052926202188246,4.078495653811842
PD_260925,177,176,2969567232,16777216,0.0115420074744976,0.000824429105321257,0.9,4.052863200660795,4.0779710377100855
PD_260925,178,177,2986344448,16777216,0.010016677971511791,0.0007154769979651279,0.9,4.04032834735699,4.066273872507736
PD_260925,179,178,3003121664,16777216,0.008491348468525981,0.0006065248906089987,0.9,4.041504971450195,4.0670190268429
PD_260925,180,179,3019898880,16777216,0.006966018965540172,0.0004975727832528694,0.9,4.031266513979062,4.057461241725832
PD_260925,181,180,3036676096,16777216,0.005440689462554363,0.0003886206758967402,0.9,4.039183531654999,4.065074166865088
PD_260925,182,181,3053453312,16777216,0.003915359959568554,0.00027966856854061097,0.9,4.047456836560741,4.073185088229366
PD_260925,183,182,3070230528,16777216,0.0023900304565827447,0.00017071646118448175,0.9,4.038879178231582,4.0650545075768605
PD_260925,184,183,3079741440,9510912,0.0008647009535969358,6.176435382835255e-05,0.9,4.035132252174036,4.061440092135257
SPD_260925,1,0,16777216,16777216,0.009333333333333332,0.0006666666666666665,0.8,10.919343697372824,10.919343697372824
SPD_260925,2,1,33554432,16777216,0.018666666666666665,0.001333333333333333,0.8010895210735614,10.460243195760995,10.460258181206882
SPD_260925,3,2,50331648,16777216,0.028,0.002,0.8021790421471227,9.78762624412775,9.789750480558723
SPD_260925,4,3,67108864,16777216,0.028,0.002,0.803268563220684,8.90513779874891,8.909629380330443
SPD_260925,5,4,83886080,16777216,0.028,0.002,0.8043580842942453,8.199860265944153,8.20974843017757
SPD_260925,6,5,100663296,16777216,0.028,0.002,0.8054476053678065,7.692794996546581,7.707208294654265
SPD_260925,7,6,117440512,16777216,0.028,0.002,0.8065371264413678,7.375096761621535,7.396650078706443
SPD_260925,8,7,134217728,16777216,0.028,0.002,0.8076266475149291,7.258792220149189,7.26461703912355
SPD_260925,9,8,150994944,16777216,0.028,0.002,0.8087161685884904,7.098384042037651,7.1215944001451135
SPD_260925,10,9,167772160,16777216,0.028,0.002,0.8098056896620517,6.986479386687279,7.018463472370058
SPD_260925,11,10,184549376,16777216,0.028,0.002,0.810895210735613,7.027984786778688,7.0647817340213805
SPD_260925,12,11,201326592,16777216,0.028,0.002,0.8119847318091743,6.792806649347767,6.8157056018244475
SPD_260925,13,12,218103808,16777216,0.028,0.002,0.8130742528827355,6.679119379492477,6.771904670167714
SPD_260925,14,13,234881024,16777216,0.028,0.002,0.8141637739562968,6.565218783915043,6.664312802953646
SPD_260925,15,14,251658240,16777216,0.028,0.002,0.8152532950298581,6.52858225768432,6.56219688965939
SPD_260925,16,15,268435456,16777216,0.028,0.002,0.8163428161034194,6.429980123415589,6.5010409713722765
SPD_260925,17,16,285212672,16777216,0.028,0.002,0.8174323371769807,6.386575547512621,6.44058606098406
SPD_260925,18,17,301989888,16777216,0.028,0.002,0.818521858250542,6.319144950946793,6.378130876459181
SPD_260925,19,18,318767104,16777216,0.028,0.002,0.8196113793241033,6.288878120714799,6.355204612016678
SPD_260925,20,19,335544320,16777216,0.028,0.002,0.8207009003976646,6.207331032725051,6.268602756317705
SPD_260925,21,20,352321536,16777216,0.028,0.002,0.8217904214712258,6.194557934533805,6.240360409021378
SPD_260925,22,21,369098752,16777216,0.028,0.002,0.8228799425447871,6.125625757267699,6.188830943312496
SPD_260925,23,22,385875968,16777216,0.028,0.002,0.8239694636183484,6.098701976938173,6.146071653813124
SPD_260925,24,23,402653184,16777216,0.028,0.002,0.8250589846919097,6.048507731407881,6.107189755188301
SPD_260925,25,24,419430400,16777216,0.028,0.002,0.826148505765471,6.032937892712653,6.1027027210220695
SPD_260925,26,25,436207616,16777216,0.028,0.002,0.8272380268390324,5.9814989699516445,6.024594956543297
SPD_260925,27,26,452984832,16777216,0.028,0.002,0.8283275479125937,5.960966576589271,6.040121827740222
SPD_260925,28,27,469762048,16777216,0.028,0.002,0.829417068986155,5.903311205562204,5.976507538696751
SPD_260925,29,28,486539264,16777216,0.028,0.002,0.8305065900597162,5.8943522095214576,5.94575394038111
SPD_260925,30,29,503316480,16777216,0.028,0.002,0.8315961111332775,5.851894058054313,5.9073704548645765
SPD_260925,31,30,520093696,16777216,0.028,0.002,0.8326856322068388,5.837788631441072,5.905085866572335
SPD_260925,32,31,536870912,16777216,0.028,0.002,0.8337751532804001,5.781731091672555,5.849065781803802
SPD_260925,33,32,553648128,16777216,0.028,0.002,0.8348646743539614,5.779320598114282,5.82636168692261
SPD_260925,34,33,570425344,16777216,0.028,0.002,0.8359541954275227,5.724614700768143,5.799822797533125
SPD_260925,35,34,587202560,16777216,0.028,0.002,0.837043716501084,5.717362511670217,5.782494514482096
SPD_260925,36,35,603979776,16777216,0.028,0.002,0.8381332375746453,5.683093662373722,5.744012995157391
SPD_260925,37,36,620756992,16777216,0.028,0.002,0.8392227586482066,5.653910797555,5.731846659909934
SPD_260925,38,37,637534208,16777216,0.028,0.002,0.8403122797217678,5.596438630018383,5.668357386486605
SPD_260925,39,38,654311424,16777216,0.028,0.002,0.8414018007953291,5.605450465343893,5.687871511792764
SPD_260925,40,39,671088640,16777216,0.028,0.002,0.8424913218688904,5.565382607048377,5.653872638242319
SPD_260925,41,40,687865856,16777216,0.028,0.002,0.8435808429424517,5.525453784735873,5.614050707546994
SPD_260925,42,41,704643072,16777216,0.028,0.002,0.844670364016013,5.492216910002753,5.590010093292221
SPD_260925,43,42,721420288,16777216,0.028,0.002,0.8457598850895743,5.463936508866027,5.567768946988508
SPD_260925,44,43,738197504,16777216,0.028,0.002,0.8468494061631356,5.437439119908959,5.527161166537553
SPD_260925,45,44,754974720,16777216,0.028,0.002,0.8479389272366968,5.397332609863952,5.513253450626507
SPD_260925,46,45,771751936,16777216,0.028,0.002,0.8490284483102581,5.360341017367318,5.461511427303776
SPD_260925,47,46,788529152,16777216,0.028,0.002,0.8501179693838194,5.325826962012798,5.440279703587294
SPD_260925,48,47,805306368,16777216,0.028,0.002,0.8512074904573808,5.292851560050622,5.402347529074177
SPD_260925,49,48,822083584,16777216,0.028,0.002,0.8522970115309421,5.278270188020542,5.3945127034094185
SPD_260925,50,49,838860800,16777216,0.028,0.002,0.8533865326045034,5.226679942337796,5.336131653049961
SPD_260925,51,50,855638016,16777216,0.028,0.002,0.8544760536780647,5.222117555560544,5.32438551238738
SPD_260925,52,51,872415232,16777216,0.028,0.002,0.855565574751626,5.166352737694979,5.277658789651468
SPD_260925,53,52,889192448,16777216,0.028,0.002,0.8566550958251873,5.179767172783613,5.271458709612489
SPD_260925,54,53,905969664,16777216,0.028,0.002,0.8577446168987485,5.1445216573774815,5.227601592661813
SPD_260925,55,54,922746880,16777216,0.028,0.002,0.8588341379723098,5.114967051194981,5.212907449807972
SPD_260925,56,55,939524096,16777216,0.028,0.002,0.8599236590458711,5.0977490928489715,5.204454638413154
SPD_260925,57,56,956301312,16777216,0.028,0.002,0.8610131801194324,5.072207850869745,5.165530291618779
SPD_260925,58,57,973078528,16777216,0.028,0.002,0.8621027011929937,5.029852562583983,5.121253636898473
SPD_260925,59,58,989855744,16777216,0.028,0.002,0.863192222266555,5.021707887761295,5.117201410466805
SPD_260925,60,59,1006632960,16777216,0.028,0.002,0.8642817433401163,4.984229194116779,5.080085526686162
SPD_260925,61,60,1023410176,16777216,0.028,0.002,0.8653712644136775,4.99014951067511,5.076078411657363
SPD_260925,62,61,1040187392,16777216,0.028,0.002,0.8664607854872388,4.957138469442725,5.04224252817221
SPD_260925,63,62,1056964608,16777216,0.028,0.002,0.8675503065608001,4.943321382859722,5.033787093125284
SPD_260925,64,63,1073741824,16777216,0.028,0.002,0.8686398276343614,4.915294670732692,5.001330815022811
SPD_260925,65,64,1090519040,16777216,0.028,0.002,0.8697293487079227,4.905913777416572,4.9885186571627855
SPD_260925,66,65,1107296256,16777216,0.028,0.002,0.870818869781484,4.882165879826061,4.959256642265245
SPD_260925,67,66,1124073472,16777216,0.028,0.002,0.8719083908550453,4.871970926178619,4.943835662328638
SPD_260925,68,67,1140850688,16777216,0.028,0.002,0.8729979119286067,4.8576906226808205,4.935597699135542
SPD_260925,69,68,1157627904,16777216,0.028,0.002,0.874087433002168,4.829710784833878,4.904163409839384
SPD_260925,70,69,1174405120,16777216,0.028,0.002,0.8751769540757292,4.820445800549351,4.894512754166499
SPD_260925,71,70,1191182336,16777216,0.028,0.002,0.8762664751492905,4.802704493980855,4.877452280605212
SPD_260925,72,71,1207959552,16777216,0.028,0.002,0.8773559962228518,4.773730426444672,4.85551581857726
SPD_260925,73,72,1224736768,16777216,0.028,0.002,0.8784455172964131,4.754363681189716,4.835934363305569
SPD_260925,74,73,1241513984,16777216,0.028,0.002,0.8795350383699744,4.745147810084745,4.822755297180265
SPD_260925,75,74,1258291200,16777216,0.028,0.002,0.8806245594435357,4.735910253482871,4.8261596547672525
SPD_260925,76,75,1275068416,16777216,0.028,0.002,0.881714080517097,4.722372005926445,4.807801959337667
SPD_260925,77,76,1291845632,16777216,0.028,0.002,0.8828036015906582,4.708742344519123,4.7878394208382815
SPD_260925,78,77,1308622848,16777216,0.028,0.002,0.8838931226642195,4.719723129062913,4.805015723919496
SPD_260925,79,78,1325400064,16777216,0.028,0.002,0.8849826437377808,4.678458489710465,4.768100382061675
SPD_260925,80,79,1342177280,16777216,0.028,0.002,0.8860721648113421,4.671915788319893,4.744658379466273
SPD_260925,81,80,1358954496,16777216,0.028,0.002,0.8871616858849034,4.64065778395161,4.722706101834774
SPD_260925,82,81,1375731712,16777216,0.028,0.002,0.8882512069584647,4.641202519531362,4.715844264952466
SPD_260925,83,82,1392508928,16777216,0.028,0.002,0.889340728032026,4.622432217001915,4.699119480792433
SPD_260925,84,83,1409286144,16777216,0.028,0.002,0.8904302491055873,4.606023156666197,4.684193666675128
SPD_260925,85,84,1426063360,16777216,0.028,0.002,0.8915197701791485,4.596816625329666,4.676721531664953
SPD_260925,86,85,1442840576,16777216,0.028,0.002,0.8926092912527098,4.565280495444313,4.645880552940071
SPD_260925,87,86,1459617792,16777216,0.028,0.002,0.8936988123262711,4.5446333951549605,4.632854619296268
SPD_260925,88,87,1476395008,16777216,0.028,0.002,0.8947883333998324,4.547370969550684,4.635299937217496
SPD_260925,89,88,1493172224,16777216,0.028,0.002,0.8958778544733937,4.549181808484718,4.61968073877506
SPD_260925,90,89,1509949440,16777216,0.028,0.002,0.896967375546955,4.524228839669377,4.60341784148477
SPD_260925,91,90,1526726656,16777216,0.028,0.002,0.8980568966205164,4.51164251123555,4.588641465641558
SPD_260925,92,91,1543503872,16777216,0.028,0.002,0.8991464176940777,4.5133131426991895,4.583802662556991
SPD_260925,93,92,1560281088,16777216,0.028,0.002,0.9,4.487107323482633,4.553089273977093
SPD_260925,94,93,1577058304,16777216,0.028,0.002,0.9,4.482397982501425,4.543241540668532
SPD_260925,95,94,1593835520,16777216,0.028,0.002,0.9,4.460984757519327,4.52741912426427
SPD_260925,96,95,1610612736,16777216,0.028,0.002,0.9,4.443529590964317,4.50024875625968
SPD_260925,97,96,1627389952,16777216,0.028,0.002,0.9,4.44675964245107,4.511528046918102
SPD_260925,98,97,1644167168,16777216,0.028,0.002,0.9,4.423687482951209,4.479015331366099
SPD_260925,99,98,1660944384,16777216,0.028,0.002,0.9,4.42492425988894,4.477010828326456
SPD_260925,100,99,1677721600,16777216,0.028,0.002,0.9,4.3979527212213725,4.453488556086086
SPD_260925,101,100,1694498816,16777216,0.028,0.002,0.9,4.410097225452773,4.46187415078748
SPD_260925,102,101,1711276032,16777216,0.028,0.002,0.9,4.392869431641884,4.438310045166872
SPD_260925,103,102,1728053248,16777216,0.028,0.002,0.9,4.378334037726745,4.4291812556330115
SPD_260925,104,103,1744830464,16777216,0.028,0.002,0.9,4.386294759926386,4.434682128136046
SPD_260925,105,104,1761607680,16777216,0.028,0.002,0.9,4.385830656159669,4.427340714726597
SPD_260925,106,105,1778384896,16777216,0.028,0.002,0.9,4.372777713811956,4.416144696180709
SPD_260925,107,106,1795162112,16777216,0.028,0.002,0.9,4.366990964859724,4.407854924327694
SPD_260925,108,107,1811939328,16777216,0.028,0.002,0.9,4.357392336358316,4.399441778659821
SPD_260925,109,108,1828716544,16777216,0.028,0.002,0.9,4.3518640177790076,4.39656802918762
SPD_260925,110,109,1845493760,16777216,0.028,0.002,0.9,4.348394185886718,4.39653312752489
SPD_260925,111,110,1862270976,16777216,0.028,0.002,0.9,4.325201426981948,4.367485250812024
SPD_260925,112,111,1879048192,16777216,0.028,0.002,0.9,4.327370877261274,4.374211677000858
SPD_260925,113,112,1895825408,16777216,0.028,0.002,0.9,4.317905149539001,4.36191855429206
SPD_260925,114,113,1912602624,16777216,0.028,0.002,0.9,4.321061994181946,4.3650131387403235
SPD_260925,115,114,1929379840,16777216,0.028,0.002,0.9,4.298615702544339,4.344213470001705
SPD_260925,116,115,1946157056,16777216,0.028,0.002,0.9,4.289483407745138,4.333645914448425
SPD_260925,117,116,1962934272,16777216,0.028,0.002,0.9,4.301061407546513,4.339146471931599
SPD_260925,118,117,1979711488,16777216,0.028,0.002,0.9,4.286645917920396,4.3253333972534165
SPD_260925,119,118,1996488704,16777216,0.028,0.002,0.9,4.2601515494752675,4.299316334887408
SPD_260925,120,119,2013265920,16777216,0.028,0.002,0.9,4.267193911597133,4.304709629388526
SPD_260925,121,120,2030043136,16777216,0.028,0.002,0.9,4.266135684563778,4.297300430946052
SPD_260925,122,121,2046820352,16777216,0.028,0.002,0.9,4.271388810593635,4.3092077320907265
SPD_260925,123,122,2063597568,16777216,0.028,0.002,0.9,4.2643541637808084,4.30625381518621
SPD_260925,124,123,2080374784,16777216,0.028,0.002,0.9,4.250311146257445,4.2848492852644995
SPD_260925,125,124,2097152000,16777216,0.028,0.002,0.9,4.244016843964346,4.2742254277691245
SPD_260925,126,125,2113929216,16777216,0.028,0.002,0.9,4.220811978215352,4.254150687018409
SPD_260925,127,126,2130706432,16777216,0.028,0.002,0.9,4.22612863231916,4.264788747299463
SPD_260925,128,127,2147483648,16777216,0.028,0.002,0.9,4.22117325826548,4.263429505517706
SPD_260925,129,128,2164260864,16777216,0.028,0.002,0.9,4.2151421651942655,4.258605477283709
SPD_260925,130,129,2181038080,16777216,0.028,0.002,0.9,4.206063828780316,4.242994472733699
SPD_260925,131,130,2197815296,16777216,0.028,0.002,0.9,4.20680009026546,4.245682786568068
SPD_260925,132,131,2214592512,16777216,0.028,0.002,0.9,4.204271700582467,4.235361099243164
SPD_260925,133,132,2231369728,16777216,0.028,0.002,0.9,4.205361561151221,4.242532720789313
SPD_260925,134,133,2248146944,16777216,0.028,0.002,0.9,4.205707468092442,4.236316022579558
SPD_260925,135,134,2264924160,16777216,0.028,0.002,0.9,4.195607400732115,4.225195480976254
SPD_260925,136,135,2281701376,16777216,0.028,0.002,0.9,4.2056258376687765,4.244164762669243
SPD_260925,137,136,2298478592,16777216,0.028,0.002,0.9,4.186226838617586,4.2147979638539255
SPD_260925,138,137,2315255808,16777216,0.028,0.002,0.9,4.183761352906004,4.213717924430966
SPD_260925,139,138,2332033024,16777216,0.028,0.002,0.9,4.178211257676594,4.214475149172358
SPD_260925,140,139,2348810240,16777216,0.028,0.002,0.9,4.17221397254616,4.198630486149341
SPD_260925,141,140,2365587456,16777216,0.028,0.002,0.9,4.1684882283443585,4.195648246910423
SPD_260925,142,141,2382364672,16777216,0.028,0.002,0.9,4.162536283023655,4.184476882102899
SPD_260925,143,142,2399141888,16777216,0.028,0.002,0.9,4.168742732726969,4.190971628529951
SPD_260925,144,143,2415919104,16777216,0.028,0.002,0.9,4.1506067250156775,4.175752171664499
SPD_260925,145,144,2432696320,16777216,0.028,0.002,0.9,4.1635343682719395,4.178764467360452
SPD_260925,146,145,2449473536,16777216,0.028,0.002,0.9,4.159985348233022,4.181118750711903
SPD_260925,147,146,2466250752,16777216,0.028,0.002,0.9,4.127458416856825,4.152242572745308
SPD_260925,148,147,2483027968,16777216,0.028,0.002,0.9,4.12295878585428,4.15087718993891
SPD_260925,149,148,2499805184,16777216,0.028,0.002,0.9,4.12196001841221,4.1430541223380715
SPD_260925,150,149,2516582400,16777216,0.028,0.002,0.9,4.108197969617322,4.13301476277411
SPD_260925,151,150,2533359616,16777216,0.028,0.002,0.9,4.111735909478739,4.135556803434156
SPD_260925,152,151,2550136832,16777216,0.028,0.002,0.9,4.110141038196161,4.13108521013055
SPD_260925,153,152,2566914048,16777216,0.028,0.002,0.9,4.09574405325111,4.118016445543617
SPD_260925,154,153,2583691264,16777216,0.028,0.002,0.9,4.092611429980025,4.1177393884863704
SPD_260925,155,154,2600468480,16777216,0.028,0.002,0.9,4.0851437146775424,4.119376023299992
SPD_260925,156,155,2617245696,16777216,0.028,0.002,0.9,4.100771890021861,4.122061134316027
SPD_260925,157,156,2634022912,16777216,0.028,0.002,0.9,4.084149805246852,4.111776157631539
SPD_260925,158,157,2650800128,16777216,0.028,0.002,0.9,4.087031281553209,4.110610797419213
SPD_260925,159,158,2667577344,16777216,0.028,0.002,0.9,4.071004450786859,4.092195283970796
SPD_260925,160,159,2684354560,16777216,0.028,0.002,0.9,4.073702066554688,4.100032789632678
SPD_260925,161,160,2701131776,16777216,0.028,0.002,0.9,4.056502057937905,4.084299297071993
SPD_260925,162,161,2717908992,16777216,0.028,0.002,0.9,4.0814567701891065,4.105976893333718
SPD_260925,163,162,2734686208,16777216,0.028,0.002,0.9,4.05965217249468,4.092922161449678
SPD_260925,164,163,2751463424,16777216,0.028,0.002,0.9,4.07451973692514,4.1098314503906295
SPD_260925,165,164,2768240640,16777216,0.028,0.002,0.9,4.062926386715844,4.082341219065711
SPD_260925,166,165,2785017856,16777216,0.028,0.002,0.9,4.049827715149149,4.072799631743692
SPD_260925,167,166,2801795072,16777216,0.02679530250435569,0.0019139501788825492,0.9,4.07369311095681,4.091057738754898
SPD_260925,168,167,2818572288,16777216,0.02526997300136988,0.00180499807152642,0.9,4.051285150111653,4.0679194134427235
SPD_260925,169,168,2835349504,16777216,0.023744643498384073,0.0016960459641702909,0.9,4.0558710634941235,4.071574600529857
SPD_260925,170,169,2852126720,16777216,0.022219313995398265,0.0015870938568141616,0.9,4.037232332397252,4.05515963525977
SPD_260925,171,170,2868903936,16777216,0.020693984492412453,0.0014781417494580322,0.9,4.029623938025907,4.049816186190583
SPD_260925,172,171,2885681152,16777216,0.019168654989426645,0.0013691896421019032,0.9,4.03899470414035,4.059964271844365
SPD_260925,173,172,2902458368,16777216,0.017643325486440837,0.001260237534745774,0.9,4.037152854958549,4.057146373204887
SPD_260925,174,173,2919235584,16777216,0.016117995983455025,0.0011512854273896447,0.9,3.9996614903211594,4.0187797006219625
SPD_260925,175,174,2936012800,16777216,0.014592666480469219,0.0010423333200335156,0.9,4.005757123348303,4.025994571391493
SPD_260925,176,175,2952790016,16777216,0.013067336977483407,0.0009333812126773862,0.9,3.997116136131808,4.018138656159863
SPD_260925,177,176,2969567232,16777216,0.0115420074744976,0.000824429105321257,0.9,3.997926791314967,4.018143929424696
SPD_260925,178,177,2986344448,16777216,0.010016677971511791,0.0007154769979651279,0.9,3.983839813095983,4.005889835592825
SPD_260925,179,178,3003121664,16777216,0.008491348468525981,0.0006065248906089987,0.9,3.985162431956269,4.006678354460746
SPD_260925,180,179,3019898880,16777216,0.006966018965540172,0.0004975727832528694,0.9,3.975257195997983,3.9965323430951685
SPD_260925,181,180,3036676096,16777216,0.005440689462554363,0.0003886206758967402,0.9,3.983522620750591,4.0048916573869064
SPD_260925,182,181,3053453312,16777216,0.003915359959568554,0.00027966856854061097,0.9,3.991712341667153,4.013844353728928
SPD_260925,183,182,3070230528,16777216,0.0023900304565827447,0.00017071646118448175,0.9,3.984231060370803,4.005452757119201
SPD_260925,184,183,3079741440,9510912,0.0008647009535969358,6.176435382835255e-05,0.9,3.980431581036373,4.001645953926314
SPD_260926,1,0,16777216,16777216,0.009333333333333332,0.0006666666666666665,0.8,10.937191182281822,10.937191182281822
SPD_260926,2,1,33554432,16777216,0.018666666666666665,0.001333333333333333,0.8010895210735614,10.470756406430155,10.470725670922548
SPD_260926,3,2,50331648,16777216,0.028,0.002,0.8021790421471227,9.780383452773094,9.780347394756973
SPD_260926,4,3,67108864,16777216,0.028,0.002,0.803268563220684,8.912060661707073,8.91411393834278
SPD_260926,5,4,83886080,16777216,0.028,0.002,0.8043580842942453,8.206832624506205,8.211724027758464
SPD_260926,6,5,100663296,16777216,0.028,0.002,0.8054476053678065,7.711900033056736,7.721368288388476
SPD_260926,7,6,117440512,16777216,0.028,0.002,0.8065371264413678,7.367335234070197,7.377560917288065
SPD_260926,8,7,134217728,16777216,0.028,0.002,0.8076266475149291,7.212707918602973,7.229865994071588
SPD_260926,9,8,150994944,16777216,0.028,0.002,0.8087161685884904,7.187473769532517,7.1537265323568135
SPD_260926,10,9,167772160,16777216,0.028,0.002,0.8098056896620517,7.071389535441995,7.093526327749714
SPD_260926,11,10,184549376,16777216,0.028,0.002,0.810895210735613,6.931896227877587,6.970985947875306
SPD_260926,12,11,201326592,16777216,0.028,0.002,0.8119847318091743,6.817451644223183,6.872532059904188
SPD_260926,13,12,218103808,16777216,0.028,0.002,0.8130742528827355,6.728962584864348,6.812698190798983
SPD_260926,14,13,234881024,16777216,0.028,0.002,0.8141637739562968,6.638010076712817,6.69122085464187
SPD_260926,15,14,251658240,16777216,0.028,0.002,0.8152532950298581,6.582298147957772,6.611329923849553
SPD_260926,16,15,268435456,16777216,0.028,0.002,0.8163428161034194,6.480921560432762,6.531109980773181
SPD_260926,17,16,285212672,16777216,0.028,0.002,0.8174323371769807,6.426675885915756,6.481312403455377
SPD_260926,18,17,301989888,16777216,0.028,0.002,0.818521858250542,6.370396595681086,6.41247889213264
SPD_260926,19,18,318767104,16777216,0.028,0.002,0.8196113793241033,6.316469710087404,6.381529017118737
SPD_260926,20,19,335544320,16777216,0.028,0.002,0.8207009003976646,6.246686151716858,6.300738097866997
SPD_260926,21,20,352321536,16777216,0.028,0.002,0.8217904214712258,6.225958769908175,6.2837375334929675
SPD_260926,22,21,369098752,16777216,0.028,0.002,0.8228799425447871,6.153577625518665,6.22338875522837
SPD_260926,23,22,385875968,16777216,0.028,0.002,0.8239694636183484,6.160430762451142,6.173074633581564
SPD_260926,24,23,402653184,16777216,0.028,0.002,0.8250589846919097,6.083009806694463,6.15505834040232
SPD_260926,25,24,419430400,16777216,0.028,0.002,0.826148505765471,6.082933453377336,6.11161196231842
SPD_260926,26,25,436207616,16777216,0.028,0.002,0.8272380268390324,6.018270278116688,6.0629929937422276
SPD_260926,27,26,452984832,16777216,0.028,0.002,0.8283275479125937,5.990677556488663,6.070131017128006
SPD_260926,28,27,469762048,16777216,0.028,0.002,0.829417068986155,5.942665403010324,5.983040858991444
SPD_260926,29,28,486539264,16777216,0.028,0.002,0.8305065900597162,5.921730862930417,5.994994024047628
SPD_260926,30,29,503316480,16777216,0.028,0.002,0.8315961111332775,5.87352271634154,5.938960667466745
SPD_260926,31,30,520093696,16777216,0.028,0.002,0.8326856322068388,5.868933433433995,5.938486044295132
SPD_260926,32,31,536870912,16777216,0.028,0.002,0.8337751532804001,5.80969101912342,5.870282710529864
SPD_260926,33,32,553648128,16777216,0.028,0.002,0.8348646743539614,5.798706268426031,5.8678526929579675
SPD_260926,34,33,570425344,16777216,0.028,0.002,0.8359541954275227,5.757978309644386,5.820777127053589
SPD_260926,35,34,587202560,16777216,0.028,0.002,0.837043716501084,5.728449983522296,5.806473983218893
SPD_260926,36,35,603979776,16777216,0.028,0.002,0.8381332375746453,5.6997237869072706,5.770941386232153
SPD_260926,37,36,620756992,16777216,0.028,0.002,0.8392227586482066,5.6735659840051085,5.756448746426031
SPD_260926,38,37,637534208,16777216,0.028,0.002,0.8403122797217678,5.6210911818780005,5.695002288091928
SPD_260926,39,38,654311424,16777216,0.028,0.002,0.8414018007953291,5.617873765295371,5.709903657436371
SPD_260926,40,39,671088640,16777216,0.028,0.002,0.8424913218688904,5.567251426400617,5.6611364299897105
SPD_260926,41,40,687865856,16777216,0.028,0.002,0.8435808429424517,5.573199512669817,5.6453851871192455
SPD_260926,42,41,704643072,16777216,0.028,0.002,0.844670364016013,5.531120870145969,5.6088477986631915
SPD_260926,43,42,721420288,16777216,0.028,0.002,0.8457598850895743,5.492205347400159,5.592913780594245
SPD_260926,44,43,738197504,16777216,0.028,0.002,0.8468494061631356,5.4655776135623455,5.5619290738832206
SPD_260926,45,44,754974720,16777216,0.028,0.002,0.8479389272366968,5.433722743066028,5.5397396786138415
SPD_260926,46,45,771751936,16777216,0.028,0.002,0.8490284483102581,5.388509843032807,5.4967346475459635
SPD_260926,47,46,788529152,16777216,0.028,0.002,0.8501179693838194,5.3461739481426775,5.4737557515036315
SPD_260926,48,47,805306368,16777216,0.028,0.002,0.8512074904573808,5.3286908564623445,5.434953395742923
SPD_260926,49,48,822083584,16777216,0.028,0.002,0.8522970115309421,5.316133685410023,5.430224519455805
SPD_260926,50,49,838860800,16777216,0.028,0.002,0.8533865326045034,5.25071569881402,5.37435119273141
SPD_260926,51,50,855638016,16777216,0.028,0.002,0.8544760536780647,5.259661603020504,5.362057091202587
SPD_260926,52,51,872415232,16777216,0.028,0.002,0.855565574751626,5.204806413967162,5.32081268215552
SPD_260926,53,52,889192448,16777216,0.028,0.002,0.8566550958251873,5.196639031870291,5.30465627158992
SPD_260926,54,53,905969664,16777216,0.028,0.002,0.8577446168987485,5.168007827131078,5.267787674441934
SPD_260926,55,54,922746880,16777216,0.028,0.002,0.8588341379723098,5.140449708560482,5.257931931177154
SPD_260926,56,55,939524096,16777216,0.028,0.002,0.8599236590458711,5.130418477812782,5.230248981853947
SPD_260926,57,56,956301312,16777216,0.028,0.002,0.8610131801194324,5.097939314087853,5.210912312846631
SPD_260926,58,57,973078528,16777216,0.028,0.002,0.8621027011929937,5.056141139473766,5.159250090597197
SPD_260926,59,58,989855744,16777216,0.028,0.002,0.863192222266555,5.04768465552479,5.154020705027506
SPD_260926,60,59,1006632960,16777216,0.028,0.002,0.8642817433401163,5.013027751236223,5.111428447067738
SPD_260926,61,60,1023410176,16777216,0.028,0.002,0.8653712644136775,5.019162745797075,5.111174592049792
SPD_260926,62,61,1040187392,16777216,0.028,0.002,0.8664607854872388,4.9813139121979475,5.079873686423525
SPD_260926,63,62,1056964608,16777216,0.028,0.002,0.8675503065608001,4.968485133256763,5.074312322773039
SPD_260926,64,63,1073741824,16777216,0.028,0.002,0.8686398276343614,4.948081134818494,5.032550495350733
SPD_260926,65,64,1090519040,16777216,0.028,0.002,0.8697293487079227,4.931093497900292,5.0290729731787
SPD_260926,66,65,1107296256,16777216,0.028,0.002,0.870818869781484,4.901215023943223,4.999230356770568
SPD_260926,67,66,1124073472,16777216,0.028,0.002,0.8719083908550453,4.895994602004066,4.981495214276947
SPD_260926,68,67,1140850688,16777216,0.028,0.002,0.8729979119286067,4.883458164986223,4.967947334982455
SPD_260926,69,68,1157627904,16777216,0.028,0.002,0.874087433002168,4.8550633190898225,4.9407414245652035
SPD_260926,70,69,1174405120,16777216,0.028,0.002,0.8751769540757292,4.850947545724921,4.925648993579671
SPD_260926,71,70,1191182336,16777216,0.028,0.002,0.8762664751492905,4.829913187073544,4.905939844087698
SPD_260926,72,71,1207959552,16777216,0.028,0.002,0.8773559962228518,4.8081951171625406,4.882728789234534
SPD_260926,73,72,1224736768,16777216,0.028,0.002,0.8784455172964131,4.780734571861103,4.8591465399367735
SPD_260926,74,73,1241513984,16777216,0.028,0.002,0.8795350383699744,4.775404425570741,4.85410510469228
SPD_260926,75,74,1258291200,16777216,0.028,0.002,0.8806245594435357,4.769205597462133,4.847121681086719
SPD_260926,76,75,1275068416,16777216,0.028,0.002,0.881714080517097,4.744752360275015,4.829053788678721
SPD_260926,77,76,1291845632,16777216,0.028,0.002,0.8828036015906582,4.730495418887585,4.805052335374057
SPD_260926,78,77,1308622848,16777216,0.028,0.002,0.8838931226642195,4.738115999149159,4.814876557211392
SPD_260926,79,78,1325400064,16777216,0.028,0.002,0.8849826437377808,4.701629699324258,4.785749451839365
SPD_260926,80,79,1342177280,16777216,0.028,0.002,0.8860721648113421,4.695320849539712,4.770755244651809
SPD_260926,81,80,1358954496,16777216,0.028,0.002,0.8871616858849034,4.662432248704135,4.754327496746555
SPD_260926,82,81,1375731712,16777216,0.028,0.002,0.8882512069584647,4.6659589684568346,4.744948125910014
SPD_260926,83,82,1392508928,16777216,0.028,0.002,0.889340728032026,4.646662230952643,4.726288077770732
SPD_260926,84,83,1409286144,16777216,0.028,0.002,0.8904302491055873,4.628858172567561,4.714536176878028
SPD_260926,85,84,1426063360,16777216,0.028,0.002,0.8915197701791485,4.617460917099379,4.704517905251123
SPD_260926,86,85,1442840576,16777216,0.028,0.002,0.8926092912527098,4.601473607472144,4.679887459031306
SPD_260926,87,86,1459617792,16777216,0.028,0.002,0.8936988123262711,4.5807421719655395,4.656476344913244
SPD_260926,88,87,1476395008,16777216,0.028,0.002,0.8947883333998324,4.582185564329848,4.661516329972073
SPD_260926,89,88,1493172224,16777216,0.028,0.002,0.8958778544733937,4.570359292323701,4.649423030088656
SPD_260926,90,89,1509949440,16777216,0.028,0.002,0.896967375546955,4.54881539393682,4.636435833177529
SPD_260926,91,90,1526726656,16777216,0.028,0.002,0.8980568966205164,4.553204333642498,4.621716876630671
SPD_260926,92,91,1543503872,16777216,0.028,0.002,0.8991464176940777,4.5385099176783115,4.621008828165941
SPD_260926,93,92,1560281088,16777216,0.028,0.002,0.9,4.515970179112628,4.5862330998061225
SPD_260926,94,93,1577058304,16777216,0.028,0.002,0.9,4.5043758121319115,4.580284399213269
SPD_260926,95,94,1593835520,16777216,0.028,0.002,0.9,4.4957669047871605,4.561395605094731
SPD_260926,96,95,1610612736,16777216,0.028,0.002,0.9,4.474279257468879,4.534329276881181
SPD_260926,97,96,1627389952,16777216,0.028,0.002,0.9,4.475857744226232,4.549416242400184
SPD_260926,98,97,1644167168,16777216,0.028,0.002,0.9,4.4433335333596915,4.516790329478681
SPD_260926,99,98,1660944384,16777216,0.028,0.002,0.9,4.443293585325591,4.520176345366053
SPD_260926,100,99,1677721600,16777216,0.028,0.002,0.9,4.4199423615355045,4.492966527817771
SPD_260926,101,100,1694498816,16777216,0.028,0.002,0.9,4.4269274967955425,4.504241072805598
SPD_260926,102,101,1711276032,16777216,0.028,0.002,0.9,4.408853080007248,4.485866016126238
SPD_260926,103,102,1728053248,16777216,0.028,0.002,0.9,4.400351708405651,4.469883592682891
SPD_260926,104,103,1744830464,16777216,0.028,0.002,0.9,4.403931510052644,4.467966585070826
SPD_260926,105,104,1761607680,16777216,0.028,0.002,0.9,4.4032754910876974,4.465035133296624
SPD_260926,106,105,1778384896,16777216,0.028,0.002,0.9,4.390476334490813,4.453246396849863
SPD_260926,107,106,1795162112,16777216,0.028,0.002,0.9,4.37859141966328,4.437132292427123
SPD_260926,108,107,1811939328,16777216,0.028,0.002,0.9,4.374179037287831,4.432771080639213
SPD_260926,109,108,1828716544,16777216,0.028,0.002,0.9,4.376711159478873,4.426285206223838
SPD_260926,110,109,1845493760,16777216,0.028,0.002,0.9,4.368579085799865,4.426405483158305
SPD_260926,111,110,1862270976,16777216,0.028,0.002,0.9,4.3467771265422925,4.3966900032246485
SPD_260926,112,111,1879048192,16777216,0.028,0.002,0.9,4.358893251046538,4.40521645359695
SPD_260926,113,112,1895825408,16777216,0.028,0.002,0.9,4.339833299745806,4.387030131532811
SPD_260926,114,113,1912602624,16777216,0.028,0.002,0.9,4.342916290508583,4.392312835901976
SPD_260926,115,114,1929379840,16777216,0.028,0.002,0.9,4.321269786218181,4.3623660823795944
SPD_260926,116,115,1946157056,16777216,0.028,0.002,0.9,4.309535921784118,4.35870696650818
SPD_260926,117,116,1962934272,16777216,0.028,0.002,0.9,4.31791427207645,4.359012005268596
SPD_260926,118,117,1979711488,16777216,0.028,0.002,0.9,4.300769827212207,4.349712553201243
SPD_260926,119,118,1996488704,16777216,0.028,0.002,0.9,4.276987784542143,4.3223752656485885
SPD_260926,120,119,2013265920,16777216,0.028,0.002,0.9,4.279198101256043,4.325956599670462
SPD_260926,121,120,2030043136,16777216,0.028,0.002,0.9,4.2759559153346345,4.320692094042897
SPD_260926,122,121,2046820352,16777216,0.028,0.002,0.9,4.286505336523987,4.324013730860315
SPD_260926,123,122,2063597568,16777216,0.028,0.002,0.9,4.28493738535326,4.323434320278466
SPD_260926,124,123,2080374784,16777216,0.028,0.002,0.9,4.273778716684319,4.3086710285861045
SPD_260926,125,124,2097152000,16777216,0.028,0.002,0.9,4.252289542229846,4.294125469634309
SPD_260926,126,125,2113929216,16777216,0.028,0.002,0.9,4.2378346032928675,4.275327868410386
SPD_260926,127,126,2130706432,16777216,0.028,0.002,0.9,4.250273149693385,4.2811736789299175
SPD_260926,128,127,2147483648,16777216,0.028,0.002,0.9,4.239715535892174,4.279358363361098
SPD_260926,129,128,2164260864,16777216,0.028,0.002,0.9,4.233201602008194,4.273338041966781
SPD_260926,130,129,2181038080,16777216,0.028,0.002,0.9,4.224946994916536,4.264192418195307
SPD_260926,131,130,2197815296,16777216,0.028,0.002,0.9,4.221920007606968,4.263294571079314
SPD_260926,132,131,2214592512,16777216,0.028,0.002,0.9,4.2145574651658535,4.245058597996831
SPD_260926,133,132,2231369728,16777216,0.028,0.002,0.9,4.214758504531346,4.251713137491606
SPD_260926,134,133,2248146944,16777216,0.028,0.002,0.9,4.213506524567492,4.248278678860515
SPD_260926,135,134,2264924160,16777216,0.028,0.002,0.9,4.193469425314106,4.230505776358768
SPD_260926,136,135,2281701376,16777216,0.028,0.002,0.9,4.2095367113361135,4.24624775769189
SPD_260926,137,136,2298478592,16777216,0.028,0.002,0.9,4.193939311197028,4.2254235945874825
SPD_260926,138,137,2315255808,16777216,0.028,0.002,0.9,4.193961278069764,4.223948295926675
SPD_260926,139,138,2332033024,16777216,0.028,0.002,0.9,4.187974170199595,4.219871795619838
SPD_260926,140,139,2348810240,16777216,0.028,0.002,0.9,4.173864815151319,4.212527958559804
SPD_260926,141,140,2365587456,16777216,0.028,0.002,0.9,4.180645687854849,4.20784680347424
SPD_260926,142,141,2382364672,16777216,0.028,0.002,0.9,4.170285785221495,4.204940560739487
SPD_260926,143,142,2399141888,16777216,0.028,0.002,0.9,4.17023254011292,4.199096488184296
SPD_260926,144,143,2415919104,16777216,0.028,0.002,0.9,4.159504301147535,4.194450702867471
SPD_260926,145,144,2432696320,16777216,0.028,0.002,0.9,4.160471203620546,4.198515742085874
SPD_260926,146,145,2449473536,16777216,0.028,0.002,0.9,4.155800970853306,4.192304113530554
SPD_260926,147,146,2466250752,16777216,0.028,0.002,0.9,4.12680875021033,4.16067199583631
SPD_260926,148,147,2483027968,16777216,0.028,0.002,0.9,4.12510243547149,4.156878683133982
SPD_260926,149,148,2499805184,16777216,0.028,0.002,0.9,4.122837597038597,4.1531297829933465
SPD_260926,150,149,2516582400,16777216,0.028,0.002,0.9,4.113210776005872,4.143033114261925
SPD_260926,151,150,2533359616,16777216,0.028,0.002,0.9,4.109901818097569,4.142882169689983
SPD_260926,152,151,2550136832,16777216,0.028,0.002,0.9,4.108919514226727,4.140310394228436
SPD_260926,153,152,2566914048,16777216,0.028,0.002,0.9,4.095575128099881,4.13225210388191
SPD_260926,154,153,2583691264,16777216,0.028,0.002,0.9,4.101219508214854,4.127293187077157
SPD_260926,155,154,2600468480,16777216,0.028,0.002,0.9,4.094712459365837,4.122863701544702
SPD_260926,156,155,2617245696,16777216,0.028,0.002,0.9,4.113529485301115,4.138604876468889
SPD_260926,157,156,2634022912,16777216,0.028,0.002,0.9,4.097232658416033,4.121024266933091
SPD_260926,158,157,2650800128,16777216,0.028,0.002,0.9,4.096585149411112,4.132181924302131
SPD_260926,159,158,2667577344,16777216,0.028,0.002,0.9,4.075372144230641,4.10746755823493
SPD_260926,160,159,2684354560,16777216,0.028,0.002,0.9,4.080140975187533,4.106799197033979
SPD_260926,161,160,2701131776,16777216,0.028,0.002,0.9,4.072205817326903,4.094722430920228
SPD_260926,162,161,2717908992,16777216,0.028,0.002,0.9,4.0849667970323935,4.10941153310705
SPD_260926,163,162,2734686208,16777216,0.028,0.002,0.9,4.065997119992971,4.094011730747297
SPD_260926,164,163,2751463424,16777216,0.028,0.002,0.9,4.082380019011907,4.110083565814421
SPD_260926,165,164,2768240640,16777216,0.028,0.002,0.9,4.06406099779997,4.094109359313734
SPD_260926,166,165,2785017856,16777216,0.028,0.002,0.9,4.054548377753235,4.08358266192954
SPD_260926,167,166,2801795072,16777216,0.02679530250435569,0.0019139501788825492,0.9,4.074112793430686,4.099591632722877
SPD_260926,168,167,2818572288,16777216,0.02526997300136988,0.00180499807152642,0.9,4.051088241161779,4.075943725416437
SPD_260926,169,168,2835349504,16777216,0.023744643498384073,0.0016960459641702909,0.9,4.054286588914692,4.076606458751485
SPD_260926,170,169,2852126720,16777216,0.022219313995398265,0.0015870938568141616,0.9,4.037725415895693,4.058957509463653
SPD_260926,171,170,2868903936,16777216,0.020693984492412453,0.0014781417494580322,0.9,4.03195793076884,4.052395004313439
SPD_260926,172,171,2885681152,16777216,0.019168654989426645,0.0013691896421019032,0.9,4.042868964374065,4.063515303190798
SPD_260926,173,172,2902458368,16777216,0.017643325486440837,0.001260237534745774,0.9,4.042194070643745,4.063077382510528
SPD_260926,174,173,2919235584,16777216,0.016117995983455025,0.0011512854273896447,0.9,4.004116962198168,4.024045677855611
SPD_260926,175,174,2936012800,16777216,0.014592666480469219,0.0010423333200335156,0.9,4.010190920904279,4.03161478380207
SPD_260926,176,175,2952790016,16777216,0.013067336977483407,0.0009333812126773862,0.9,4.00130328675732,4.02357506880071
SPD_260926,177,176,2969567232,16777216,0.0115420074744976,0.000824429105321257,0.9,3.999700971180573,4.023296245490201
SPD_260926,178,177,2986344448,16777216,0.010016677971511791,0.0007154769979651279,0.9,3.9857734165270813,4.009398230002262
SPD_260926,179,178,3003121664,16777216,0.008491348468525981,0.0006065248906089987,0.9,3.986657310393639,4.010380974505097
SPD_260926,180,179,3019898880,16777216,0.006966018965540172,0.0004975727832528694,0.9,3.9766904797870666,4.000421000644565
SPD_260926,181,180,3036676096,16777216,0.005440689462554363,0.0003886206758967402,0.9,3.984575478476472,4.008439374389127
SPD_260926,182,181,3053453312,16777216,0.003915359959568554,0.00027966856854061097,0.9,3.9933420539600775,4.0172179529909045
SPD_260926,183,182,3070230528,16777216,0.0023900304565827447,0.00017071646118448175,0.9,3.9854651249479502,4.0095813238294795
SPD_260926,184,183,3079741440,9510912,0.0008647009535969358,6.176435382835255e-05,0.9,3.9816975807137363,4.005727847006483
