pair,width,record_step,state_step,support_first_record,support_last_record,warmup_nll,constant_nll,vertical_gap,lead,status
PD_260925,11,99,98,94,104,4.502111563818868,4.576974340566349,-0.07486277674748099,6.962055332654785,unique_down
PD_260925,11,100,99,95,105,4.493321040190164,4.564220401860604,-0.07089936167044009,6.897040788311202,unique_down
PD_260925,11,101,100,96,106,4.484490157263777,4.552059897052294,-0.06756973978851644,6.921809138190326,unique_down
PD_260925,11,102,101,97,107,4.476205047918484,4.542169389590113,-0.06596434167162979,7.058806935521318,unique_down
PD_260925,11,103,102,98,108,4.466779209959151,4.53066395748068,-0.06388474752152895,7.081742078496973,unique_down
PD_260925,11,104,103,99,109,4.459181823577224,4.5210598022147845,-0.06187797863756028,6.925787469008569,unique_down
PD_260925,11,105,104,100,110,4.451295676535334,4.511298050447791,-0.06000237391245644,6.958442988430988,unique_down
PD_260925,11,106,105,101,111,4.443941627311605,4.501749237279662,-0.057807609968056894,6.876755161397654,unique_down
PD_260925,11,107,106,102,112,4.436300207045861,4.492353681136262,-0.05605347409040107,6.709384707397547,unique_down
PD_260925,11,108,107,103,113,4.429113010219722,4.483823147485964,-0.054710137266241965,6.501053123382576,unique_down
PD_260925,11,109,108,104,114,4.424058110273274,4.476748014165258,-0.05268990389198436,6.065348005649355,unique_down
PD_260925,11,110,109,105,115,4.415851447043348,4.467514983367767,-0.05166353632441911,5.942408224698454,unique_down
PD_260925,11,111,110,106,116,4.406729034232822,4.458513824819502,-0.051784790586680174,6.335138541155558,unique_down
PD_260925,11,112,111,107,117,4.399903536626053,4.4509827057323,-0.05107916910624688,6.335326021715744,unique_down
PD_260925,11,113,112,108,118,4.393104264861904,4.442951868013055,-0.049847603151151,6.216448172888192,unique_down
PD_260925,11,114,113,109,119,4.385294012746519,4.433575205536644,-0.04828119279012455,6.068548144060713,unique_down
PD_260925,11,115,114,110,120,4.377897353779355,4.424669572363862,-0.04677221858450675,6.02341973579783,unique_down
PD_260925,11,116,115,111,121,4.370400823631578,4.415312560095282,-0.044911736463704166,6.184626957258104,unique_down
PD_260925,11,117,116,112,122,4.365621413781562,4.40895168076862,-0.04333026698705833,5.812585747405166,unique_down
PD_260925,11,118,117,113,123,4.359583949172785,4.402319657700983,-0.0427357085281983,5.661010746846003,unique_down
PD_260925,11,119,118,114,124,4.353250882112082,4.3951143681664355,-0.041863486054353416,5.666799419847877,unique_down
PD_260925,11,120,119,115,125,4.345767121349292,4.38582760322077,-0.04006048187147826,5.910718958684257,unique_down
PD_260925,11,121,120,116,126,4.3377591610611,4.378043432233178,-0.040284271172078334,6.264794165206666,unique_down
PD_260925,11,122,121,117,127,4.333206163740463,4.371806023959917,-0.038599860219454385,5.9449287800225505,unique_down
PD_260925,11,123,122,118,128,4.3274870795959774,4.364194999279624,-0.036707919683646395,5.758406053369953,unique_down
PD_260925,11,124,123,119,129,4.321901446176608,4.357219242638993,-0.035317796462384976,5.531425308008181,unique_down
PD_260925,11,125,124,120,130,4.317037342804145,4.351267886940729,-0.034230544136583774,5.369031724056043,unique_down
PD_260925,11,126,125,121,131,4.311572239025157,4.345227861597033,-0.033655622571876265,5.808733333105607,unique_down
PD_260925,11,127,126,122,132,4.306001375577497,4.339531761805781,-0.03353038622828386,5.85144272961216,unique_down
PD_260925,11,128,127,123,133,4.299280300291932,4.3328375027260995,-0.033557202434167266,6.245798548575806,unique_down
PD_260925,11,129,128,124,134,4.293269960241477,4.325782676216807,-0.03251271597533023,6.4986796344591085,unique_down
PD_260925,11,130,129,125,135,4.286724332688292,4.318479241506958,-0.03175490881866683,6.887237803926098,unique_down
PD_260925,11,131,130,126,136,4.282571270522154,4.314571992864578,-0.032000722342424126,6.809624558070965,unique_down
PD_260925,11,132,131,127,137,4.279471756350673,4.310862792666409,-0.031391036315736365,6.3945156227876225,unique_down
PD_260925,11,133,132,128,138,4.273354322384958,4.305153169552796,-0.03179884716783743,6.563275468919983,unique_down
PD_260925,11,134,133,129,139,4.267602371612818,4.300554507020437,-0.03295213540761921,7.016559869625297,unique_down
PD_260925,11,135,134,130,140,4.262421346417713,4.2953705596949225,-0.032949213277209566,6.6825312095243135,unique_down
PD_260925,11,136,135,131,141,4.2579078864708375,4.291158237177032,-0.03325035070619453,6.318212762081657,unique_down
PD_260925,11,137,136,132,142,4.2528134512884375,4.286160812057047,-0.03334736076860967,6.113696370552702,unique_down
PD_260925,11,138,137,133,143,4.247990416108885,4.281727224292064,-0.03373680818317926,5.879798489972984,unique_down
PD_260925,11,139,138,134,144,4.242932543031532,4.276010168208317,-0.033077625176784586,5.578547967077469,unique_down
PD_260925,11,140,139,135,145,4.2381359046875415,4.271295164680024,-0.03315925999248215,5.266048310774636,unique_down
PD_260925,11,141,140,136,146,4.234656441925009,4.267731201633896,-0.03307475970888696,4.822559190378229,unique_down
PD_260925,11,142,141,137,147,4.2275060348805376,4.259951549740932,-0.032445514860394375,4.982553430116809,unique_down
PD_260925,11,143,142,138,148,4.22100806970742,4.253529232619754,-0.03252116291233431,4.9521329076737,unique_down
PD_260925,11,144,143,139,149,4.215354093181139,4.2472336813384155,-0.03187958815727665,4.821819266173037,unique_down
PD_260925,11,145,144,140,150,4.2088182541033765,4.239799313659949,-0.03098105955657271,4.89901560971802,unique_down
PD_260925,11,146,145,141,151,4.202716010802595,4.233547032006424,-0.030831021203828968,4.9359821620923015,unique_down
PD_260925,11,147,146,142,152,4.196604286976666,4.227398768776435,-0.03079448179976918,4.98388536638447,unique_down
PD_260925,11,148,147,143,153,4.189951623038558,4.220686786638742,-0.030735163600184023,5.4088609818165025,unique_down
PD_260925,11,149,148,144,154,4.184181601856835,4.214197898294184,-0.030016296437349155,5.64007730914949,unique_down
PD_260925,11,150,149,145,155,4.178312830669298,4.208213970837691,-0.02990114016839307,5.95464531089695,unique_down
PD_260925,11,151,150,146,156,4.172941535425542,4.202339969966984,-0.02939843454144242,6.47469190381787,unique_down
PD_260925,11,152,151,147,157,4.167531557254154,4.196510344701395,-0.02897878744724114,7.301585978128685,unique_down
PD_260925,11,153,152,148,158,4.164036927205003,4.192192746739073,-0.02815581953406987,7.1502223908040605,unique_down
PD_260925,11,154,153,149,159,4.159945650438948,4.186711363579062,-0.026765713140114222,,below_observed_range
PD_260925,11,155,154,150,160,4.155622214025987,4.182759088305333,-0.027136874279345413,,below_observed_range
PD_260925,11,156,155,151,161,4.150543623275801,4.1781015913425525,-0.027557968066751926,,below_observed_range
PD_260925,11,157,156,152,162,4.147844856816598,4.175131234202788,-0.027286377386189997,,below_observed_range
PD_260925,11,158,157,153,163,4.143951468794099,4.170518350014887,-0.026566881220787764,,below_observed_range
PD_260925,11,159,158,154,164,4.142999878703532,4.168779846206731,-0.02577996750319933,,below_observed_range
PD_260925,11,160,159,155,165,4.139533789817836,4.164640764674087,-0.025106974856250908,,below_observed_range
PD_260925,11,161,160,156,166,4.135568758843212,4.160621141062372,-0.025052382219159952,,below_observed_range
PD_260925,21,104,103,94,114,4.4631174150466295,4.527316623350738,-0.06419920830410852,6.526515006419032,unique_down
PD_260925,21,105,104,95,115,4.454035860131539,4.516129907575392,-0.062094047443853384,6.582477879709799,unique_down
PD_260925,21,106,105,96,116,4.445603164400728,4.50549918494653,-0.059896020545801676,6.670915987421068,unique_down
PD_260925,21,107,106,97,117,4.438425246005257,4.496856303724815,-0.05843105771955859,6.601380444249372,unique_down
PD_260925,21,108,107,98,118,4.430114733831336,4.486981340528776,-0.05686660669744015,6.638564155028689,unique_down
PD_260925,21,109,108,99,119,4.422319628431329,4.477370336718325,-0.055050708286995764,6.567660175642985,unique_down
PD_260925,21,110,109,100,120,4.414373799144024,4.467820031446449,-0.05344623230242451,6.562533903956407,unique_down
PD_260925,21,111,110,101,121,4.407492429040195,4.458888441002706,-0.05139601196251142,6.481692148749602,unique_down
PD_260925,21,112,111,102,122,4.400815787464602,4.450557513700222,-0.04974172623562012,6.375330846829399,unique_down
PD_260925,21,113,112,103,123,4.394362366248277,4.4431730581314435,-0.048810691883166335,6.22954860044608,unique_down
PD_260925,21,114,113,104,124,4.388328908975901,4.435278201935857,-0.046949292959955535,6.013525557395766,unique_down
PD_260925,21,115,114,105,125,4.381222707086375,4.427192141884007,-0.04596943479763116,5.9484500764763055,unique_down
PD_260925,21,116,115,106,126,4.372551066302029,4.418608637770549,-0.04605757146851985,6.197559802204026,unique_down
PD_260925,21,117,116,107,127,4.366359167793278,4.41108048951719,-0.04472132172391152,6.097142213683142,unique_down
PD_260925,21,118,117,108,128,4.360525357836325,4.403631623085987,-0.0431062652496621,5.979519867352153,unique_down
PD_260925,21,119,118,109,129,4.354226381373813,4.396129347040274,-0.0419029656664609,5.7690581913515615,unique_down
PD_260925,21,120,119,110,130,4.34786299564543,4.388431714431915,-0.040568718786484936,5.852002488388294,unique_down
PD_260925,21,121,120,111,131,4.341185331876789,4.380830884905576,-0.03964555302878736,6.012517289274072,unique_down
PD_260925,21,122,121,112,132,4.3352380114651865,4.3739173824211495,-0.038679370955962966,5.91718599661678,unique_down
PD_260925,21,123,122,113,133,4.329043455355402,4.36700142024728,-0.03795796489187797,5.999836115237116,unique_down
PD_260925,21,124,123,114,134,4.32320648292634,4.360389954133314,-0.03718347120697452,6.101151162736755,unique_down
PD_260925,21,125,124,115,135,4.316392168336149,4.352375511495795,-0.03598334315964635,6.395889346688506,unique_down
PD_260925,21,126,125,116,136,4.31140928128956,4.347079146858526,-0.03566986556896623,6.299914859672555,unique_down
PD_260925,21,127,126,117,137,4.3058924921732835,4.341267620928453,-0.03537512875516935,6.214940827836131,unique_down
PD_260925,21,128,127,118,138,4.300071484143181,4.33469358961364,-0.03462210547045963,6.1446802590925245,unique_down
PD_260925,21,129,128,119,139,4.294786270896328,4.329042529232711,-0.03425625833638346,6.148701866772143,unique_down
PD_260925,21,130,129,120,140,4.289864508534914,4.3237364373136575,-0.03387192877874323,6.122966261878389,unique_down
PD_260925,21,131,130,121,141,4.2850113699123975,4.318497205524528,-0.033485835612130366,6.035563742910341,unique_down
PD_260925,21,132,131,122,142,4.279591946363715,4.313179969266501,-0.0335880229027854,5.952806853002386,unique_down
PD_260925,21,133,132,123,143,4.273621774589022,4.3072760004572395,-0.03365422586821776,5.9670963310596505,unique_down
PD_260925,21,134,133,124,144,4.267940337852841,4.3008393067035025,-0.03289896885066135,5.931511429172133,unique_down
PD_260925,21,135,134,125,145,4.262908161418246,4.295532276116622,-0.03262411469837545,5.84716839430186,unique_down
PD_260925,21,136,135,126,146,4.258191336256762,4.290515491616956,-0.03232415536019406,5.732977529097724,unique_down
PD_260925,21,137,136,127,147,4.253657643766409,4.285221494124492,-0.031563850358083734,5.533316129226847,unique_down
PD_260925,21,138,137,128,148,4.2471220619654995,4.279313111178843,-0.0321910492133437,5.656576773996193,unique_down
PD_260925,21,139,138,129,149,4.241335157925884,4.273428137358722,-0.03209297943283751,5.64609454209554,unique_down
PD_260925,21,140,139,130,150,4.235552217905587,4.26753685214845,-0.03198463424286313,5.812473477196789,unique_down
PD_260925,21,141,140,131,151,4.229981906057912,4.262073132348069,-0.03209122629015759,5.78282108033298,unique_down
PD_260925,21,142,141,132,152,4.224790061696521,4.256777204523262,-0.031987142826740644,5.691935547263142,unique_down
PD_260925,21,143,142,133,153,4.21880398074808,4.250927839417099,-0.0321238586690189,5.7353841961760565,unique_down
PD_260925,21,144,143,134,154,4.213331980170638,4.245131445754807,-0.03179946558416891,5.710405328364658,unique_down
PD_260925,21,145,144,135,155,4.207724698553128,4.239255699123966,-0.0315310005708378,5.71250261868002,unique_down
PD_260925,21,146,145,136,156,4.20330764856633,4.234697419595683,-0.03138977102935314,5.582278030005881,unique_down
PD_260925,21,147,146,137,157,4.197932438830668,4.228673675912432,-0.030741237081764794,5.660446220234235,unique_down
PD_260925,21,148,147,138,158,4.193191780880581,4.223060993876841,-0.029869212996259442,5.678466675114663,unique_down
PD_260925,21,149,148,139,159,4.187717519517589,4.217272165192601,-0.029554645675012203,5.814394664953937,unique_down
PD_260925,21,150,149,140,160,4.1826788849042105,4.211725775174619,-0.029046890270408632,5.746839628504375,unique_down
PD_260925,21,151,150,141,161,4.176949601021728,4.206110249678161,-0.02916064865643264,,below_observed_range
PD_260925,21,152,151,142,162,4.172329842905691,4.2012970831710845,-0.0289672402653931,,below_observed_range
PD_260925,21,153,152,143,163,4.167767118485201,4.196202581548797,-0.028435463063596345,,below_observed_range
PD_260925,21,154,153,144,164,4.1638089373452765,4.191764927086687,-0.027955989741410114,,below_observed_range
PD_260925,21,155,154,145,165,4.159170728487273,4.186795091522591,-0.027624363035318567,,below_observed_range
PD_260925,21,156,155,146,166,4.153999050729908,4.1812835915147195,-0.027284540784811462,,below_observed_range
PD_260925,31,109,108,94,124,4.426313986821521,4.482911715329054,-0.05659772850753342,6.385614555623576,unique_down
PD_260925,31,110,109,95,125,4.418260128841916,4.473132200696836,-0.054872071854919824,6.398154596822877,unique_down
PD_260925,31,111,110,96,126,4.409910305425705,4.463310071098197,-0.05339976567249227,6.476277796845608,unique_down
PD_260925,31,112,111,97,127,4.403275283447828,4.455027835323445,-0.05175255187561767,6.384311411554478,unique_down
PD_260925,31,113,112,98,128,4.396106290694837,4.446141989927949,-0.050035699233112574,6.353787001889202,unique_down
PD_260925,31,114,113,99,129,4.389330066635363,4.437876325742822,-0.04854625910745902,6.279740775282562,unique_down
PD_260925,31,115,114,100,130,4.382261348355021,4.429352302175586,-0.04709095382056461,6.335019691819511,unique_down
PD_260925,31,116,115,101,131,4.37573625546159,4.421473151065349,-0.04573689560375893,6.29237169738235,unique_down
PD_260925,31,117,116,102,132,4.368880458900915,4.413403365486903,-0.04452290658598734,6.317766725147749,unique_down
PD_260925,31,118,117,103,133,4.362454800412149,4.4060692842336255,-0.043614483821476924,6.30392522636717,unique_down
PD_260925,31,119,118,104,134,4.356660758926263,4.398799136374897,-0.04213837744863369,6.172739809681616,unique_down
PD_260925,31,120,119,105,135,4.349886259646155,4.391187647920883,-0.041301388274727735,6.215818086997743,unique_down
PD_260925,31,121,120,106,136,4.343477952508105,4.384547281375665,-0.041069328867560095,6.237130966973751,unique_down
PD_260925,31,122,121,107,137,4.337161840585571,4.37772400179998,-0.040562161214409365,6.237241780574337,unique_down
PD_260925,31,123,122,108,138,4.3312959937423825,4.370925305632785,-0.039629311890402086,6.160617452891756,unique_down
PD_260925,31,124,123,109,139,4.325430638378396,4.364490249442057,-0.03905961106366096,6.083193509884893,unique_down
PD_260925,31,125,124,110,140,4.31951183280457,4.357793046139,-0.038281213334430575,6.126438667068641,unique_down
PD_260925,31,126,125,111,141,4.313639874461167,4.351238174885962,-0.03759830042479528,6.06995910855872,unique_down
PD_260925,31,127,126,112,142,4.307916580098531,4.344974032437969,-0.03705745233943869,5.960074563287463,unique_down
PD_260925,31,128,127,113,143,4.302060855665214,4.33866494531638,-0.03660408965116613,5.905556585080092,unique_down
PD_260925,31,129,128,114,144,4.296390763667953,4.332329194812525,-0.03593843114457229,5.885186506144976,unique_down
PD_260925,31,130,129,115,145,4.290688363395842,4.325896512364007,-0.03520814896816571,5.876123855698353,unique_down
PD_260925,31,131,130,116,146,4.28559125782997,4.320296628595961,-0.034705370765991006,5.809432001948807,unique_down
PD_260925,31,132,131,117,147,4.279882694673424,4.314089699896173,-0.034207005222748776,5.731975671953563,unique_down
PD_260925,31,133,132,118,148,4.273682803937024,4.307659866179399,-0.033977062242375844,5.717057071124003,unique_down
PD_260925,31,134,133,119,149,4.26822335217824,4.301476916812751,-0.0332535646345109,5.624954813523118,unique_down
PD_260925,31,135,134,120,150,4.2628102078921195,4.2957310620019395,-0.03292085410982004,5.612729587005418,unique_down
PD_260925,31,136,135,121,151,4.257350711103138,4.289975370528297,-0.03262465942515913,5.700581194503513,unique_down
PD_260925,31,137,136,122,152,4.251970135648134,4.284559087643791,-0.032588951995657034,5.7078781655055195,unique_down
PD_260925,31,138,137,123,153,4.245582138221981,4.278170360327368,-0.03258822210538703,5.841326786473587,unique_down
PD_260925,31,139,138,124,154,4.239821313069232,4.271912062946226,-0.03209074987699445,5.951153156554511,unique_down
PD_260925,31,140,139,125,155,4.234315971220513,4.266009698986196,-0.03169372776568302,5.994133608451108,unique_down
PD_260925,31,141,140,126,156,4.229363155487414,4.26078799733847,-0.031424841851055874,6.050745531703882,unique_down
PD_260925,31,142,141,127,157,4.225187914543635,4.255881662052425,-0.03069374750879028,5.88049723981257,unique_down
PD_260925,31,143,142,128,158,4.219854901064067,4.250355956366196,-0.03050105530212921,6.019421585224478,unique_down
PD_260925,31,144,143,129,159,4.214232619397432,4.2446818018985555,-0.030449182501123495,6.105560636079588,unique_down
PD_260925,31,145,144,130,160,4.209221043995762,4.239571700758871,-0.030350656763109107,,below_observed_range
PD_260925,31,146,145,131,161,4.203731791285287,4.234284957112264,-0.030553165826976425,,below_observed_range
PD_260925,31,147,146,132,162,4.199253898061391,4.229618502743242,-0.03036460468185087,,below_observed_range
PD_260925,31,148,147,133,163,4.194468555821767,4.224586586685731,-0.030118030863963696,,below_observed_range
PD_260925,31,149,148,134,164,4.19012779507771,4.219956353175333,-0.029828558097623414,,below_observed_range
PD_260925,31,150,149,135,165,4.18526976872536,4.214732674979454,-0.029462906254094534,,below_observed_range
PD_260925,31,151,150,136,166,4.180680122436775,4.20999553431231,-0.02931541187553499,,below_observed_range
SPD_260925,11,99,98,94,104,4.422530172022314,4.477818160328422,-0.05528798830610793,6.157988278800218,unique_down
SPD_260925,11,100,99,95,105,4.413751324173063,4.467281721606427,-0.05353039743336385,6.2755059741738535,unique_down
SPD_260925,11,101,100,96,106,4.405732502017847,4.457165864507922,-0.051433362490074686,6.32328345574895,unique_down
SPD_260925,11,102,101,97,107,4.3987744450992485,4.448766425241377,-0.04999198014212869,6.387158632551717,unique_down
SPD_260925,11,103,102,98,108,4.390650144545361,4.438576764490625,-0.04792661994526348,6.5531465882400255,unique_down
SPD_260925,11,104,103,99,109,4.384120738620616,4.431081555201672,-0.04696081658105644,6.335101163931341,unique_down
SPD_260925,11,105,104,100,110,4.377163459165868,4.423765400583348,-0.046601941417479864,6.184842059545872,unique_down
SPD_260925,11,106,105,101,111,4.370549705144103,4.415946918285706,-0.04539721314160339,6.121005762931489,unique_down
SPD_260925,11,107,106,102,112,4.363029128035785,4.407977602486922,-0.0449484744511377,6.1017763425076765,unique_down
SPD_260925,11,108,107,103,113,4.3562141932991585,4.401032921498302,-0.0448187281991439,5.850479961472686,unique_down
SPD_260925,11,109,108,104,114,4.351007643885995,4.39519945632624,-0.044191812440244505,5.460505336767213,unique_down
SPD_260925,11,110,109,105,115,4.343036820487627,4.386975032859482,-0.04393821237185502,5.384167136756716,unique_down
SPD_260925,11,111,110,106,116,4.33427797972267,4.378457323743285,-0.04417934402061441,5.604632687289566,unique_down
SPD_260925,11,112,111,107,117,4.3277583155167205,4.371457485175184,-0.04369916965846343,5.71625679498176,unique_down
SPD_260925,11,113,112,108,118,4.320454220340418,4.3639555281684315,-0.04350130782801376,5.792306274502465,unique_down
SPD_260925,11,114,113,109,119,4.311614148805595,4.3548532150982115,-0.043239066292616535,5.894768492435205,unique_down
SPD_260925,11,115,114,110,120,4.303916866425425,4.346502451480112,-0.042585585054687236,5.834044607548378,unique_down
SPD_260925,11,116,115,111,121,4.296438820850612,4.337481297245673,-0.0410424763950612,5.9775612273164285,unique_down
SPD_260925,11,117,116,112,122,4.291546764815311,4.332183340998282,-0.040636576182970785,5.690301639678779,unique_down
SPD_260925,11,118,117,113,123,4.285817972680723,4.3260053535605865,-0.04018738087986318,5.5929645814157425,unique_down
SPD_260925,11,119,118,114,124,4.279673063291491,4.318999056376263,-0.03932599308477158,5.717898430543485,unique_down
SPD_260925,11,120,119,115,125,4.272668958726254,4.310745628106154,-0.038076669379899286,6.034385609762197,unique_down
SPD_260925,11,121,120,116,126,4.2655958928781645,4.3025581023804,-0.036962209502235055,6.269879434044995,unique_down
SPD_260925,11,122,121,117,127,4.25983636783944,4.296298359912313,-0.03646199207287282,6.209814720948657,unique_down
SPD_260925,11,123,122,118,128,4.252573808813891,4.289414999329231,-0.036841190515339406,6.412787338673752,unique_down
SPD_260925,11,124,123,119,129,4.24607346765697,4.28334882478653,-0.03727535712955987,7.162977754426578,unique_down
SPD_260925,11,125,124,120,130,4.241156402139247,4.27822865549983,-0.03707225336058251,7.414103685715816,unique_down
SPD_260925,11,126,125,121,131,4.235666054745459,4.272862578879788,-0.03719652413432861,7.622449496232747,unique_down
SPD_260925,11,127,126,122,132,4.230042056201703,4.267231730543162,-0.03718967434145881,7.723322192484176,unique_down
SPD_260925,11,128,127,123,133,4.224039578979665,4.261170365879397,-0.03713078689973148,8.03410250341912,unique_down
SPD_260925,11,129,128,124,134,4.2187080611898145,4.254812384733338,-0.03610432354352344,7.992289400595581,unique_down
SPD_260925,11,130,129,125,135,4.213734993414784,4.249389311616224,-0.03565431820144038,8.147383343362634,unique_down
SPD_260925,11,131,130,126,136,4.210244901933368,4.246656523879872,-0.03641162194650338,7.722266401359377,unique_down
SPD_260925,11,132,131,127,137,4.207100798333571,4.243079003592191,-0.035978205258619944,7.278670790199783,unique_down
SPD_260925,11,133,132,128,138,4.20324922747783,4.238436201513237,-0.03518697403540738,7.019367624573306,unique_down
SPD_260925,11,134,133,129,139,4.199343591060659,4.233985805481842,-0.03464221442118287,6.994076962838989,unique_down
SPD_260925,11,135,134,130,140,4.195441028092649,4.228533533560536,-0.033092505467887,6.46416566633286,unique_down
SPD_260925,11,136,135,131,141,4.1920250644166535,4.224229331212965,-0.03220426679631139,5.8729418330783005,unique_down
SPD_260925,11,137,136,132,142,4.188001081940126,4.218665158079768,-0.03066407613964195,5.509761385773686,unique_down
SPD_260925,11,138,137,133,143,4.184771175771444,4.214629751651294,-0.029858575879849525,5.059330747949531,unique_down
SPD_260925,11,139,138,134,144,4.179793463395485,4.2085587926399475,-0.028765329244462734,4.834194744986831,unique_down
SPD_260925,11,140,139,135,145,4.175959545229985,4.203326833074573,-0.027367287844588084,4.373883201896177,unique_down
SPD_260925,11,141,140,136,146,4.172721176820977,4.199319857595996,-0.026598680775019368,3.8111761497216605,unique_down
SPD_260925,11,142,141,137,147,4.165615047656254,4.190963294875639,-0.025348247219384668,3.9954350896329913,unique_down
SPD_260925,11,143,142,138,148,4.159863406495953,4.1851523154288195,-0.025288908932866505,3.9754827250448272,unique_down
SPD_260925,11,144,143,139,149,4.154245103360154,4.178728333420374,-0.024483230060220684,3.9060792839572684,unique_down
SPD_260925,11,145,144,140,150,4.147880258991129,4.171322843747806,-0.023442584756677043,3.8708087617033584,unique_down
SPD_260925,11,146,145,141,151,4.142382253257727,4.16558887259188,-0.02320661933415291,3.904941198946233,unique_down
SPD_260925,11,147,146,142,152,4.137077963244255,4.159719505611892,-0.022641542367637157,3.934480183644979,unique_down
SPD_260925,11,148,147,143,153,4.131005942355841,4.1536776477428665,-0.02267170538702512,3.9096434817725196,unique_down
SPD_260925,11,149,148,144,154,4.124084914833392,4.147020171375268,-0.022935256541876115,4.4811359085811375,unique_down
SPD_260925,11,150,149,145,155,4.118133732075379,4.141895066978495,-0.023761334903115383,4.813900321383585,unique_down
SPD_260925,11,151,150,146,156,4.112428052234463,4.13674021851991,-0.024312166285446857,5.20421821220279,unique_down
SPD_260925,11,152,151,147,157,4.105533911962993,4.130436346421695,-0.024902434458701883,7.168041045823998,unique_down
SPD_260925,11,153,152,148,158,4.1018587178444825,4.126651639573868,-0.024792921729385853,7.235684022009281,unique_down
SPD_260925,11,154,153,149,159,4.097135596474717,4.121316920849495,-0.02418132437477727,,below_observed_range
SPD_260925,11,155,154,150,160,4.092748509942215,4.11740589060355,-0.024657380661334827,,below_observed_range
SPD_260925,11,156,155,151,161,4.0880488816077225,4.112977211903357,-0.02492833029563446,,below_observed_range
SPD_260925,11,157,156,152,162,4.085296232581393,4.110288129166954,-0.024991896585561335,,below_observed_range
SPD_260925,11,158,157,153,163,4.08070633569944,4.106818761105057,-0.026112425405616868,,below_observed_range
SPD_260925,11,159,158,154,164,4.078776852397079,4.106074670636603,-0.02729781823952404,,below_observed_range
SPD_260925,11,160,159,155,165,4.076078212100335,4.102856655234725,-0.026778443134389818,,below_observed_range
SPD_260925,11,161,160,156,166,4.072867666688663,4.098622437820516,-0.02575477113185265,,below_observed_range
SPD_260925,21,104,103,94,114,4.386791486431667,4.436595793098344,-0.0498043066666769,5.73181863981992,unique_down
SPD_260925,21,105,104,95,115,4.378039949290853,4.427118265923734,-0.049078316632880536,5.880824390086701,unique_down
SPD_260925,21,106,105,96,116,4.369873218349225,4.417890970218217,-0.04801775186899171,6.001674407960138,unique_down
SPD_260925,21,107,106,97,117,4.363089019138854,4.410219432869261,-0.04713041373040738,6.07367092275291,unique_down
SPD_260925,21,108,107,98,118,4.355464556065964,4.4013530209804665,-0.04588846491450216,6.164622752066791,unique_down
SPD_260925,21,109,108,99,119,4.3476771306623485,4.392795925910052,-0.04511879524770368,6.170298816284443,unique_down
SPD_260925,21,110,109,100,120,4.340166161696072,4.384591106913009,-0.04442494521693696,6.092724319052735,unique_down
SPD_260925,21,111,110,101,121,4.333889159950472,4.377153577144435,-0.04326441719396357,5.96363185609988,unique_down
SPD_260925,21,112,111,102,122,4.3272839973381325,4.369883747682685,-0.04259975034455277,5.922302189099582,unique_down
SPD_260925,21,113,112,103,123,4.321164222678081,4.363595355778844,-0.04243113310076296,5.832837328409639,unique_down
SPD_260925,21,114,113,104,124,4.315067894512876,4.356722404808915,-0.041654510296038616,5.680327534810331,unique_down
SPD_260925,21,115,114,105,125,4.308292755657541,4.349081609553347,-0.040788853895806554,5.617729320274762,unique_down
SPD_260925,21,116,115,106,126,4.300434723374478,4.3408344653767665,-0.040399742002288797,5.812516215205591,unique_down
SPD_260925,21,117,116,107,127,4.293451433779583,4.333627039239564,-0.040175605459981334,5.925568891191034,unique_down
SPD_260925,21,118,117,108,128,4.286507733465571,4.326749638343851,-0.04024190487827983,6.074483898032966,unique_down
SPD_260925,21,119,118,109,129,4.279733915791093,4.3200431478021315,-0.04030923201103853,6.1284042333639235,unique_down
SPD_260925,21,120,119,110,130,4.272791049648298,4.312730121304325,-0.03993907165602728,6.493051490894032,unique_down
SPD_260925,21,121,120,111,131,4.266048473666333,4.305546771734953,-0.0394982980686196,6.648531023263743,unique_down
SPD_260925,21,122,121,112,132,4.260289915266358,4.299255145469769,-0.03896523020341114,6.693186880418082,unique_down
SPD_260925,21,123,122,113,133,4.254479947832546,4.292984718983505,-0.03850477115095963,6.8739713900992285,unique_down
SPD_260925,21,124,123,114,134,4.249137201096995,4.287003646044814,-0.03786644494781921,6.912407138369019,unique_down
SPD_260925,21,125,124,115,135,4.2431631728374795,4.280345662341763,-0.03718248950428382,7.026033046838364,unique_down
SPD_260925,21,126,125,116,136,4.238735084033881,4.275581438183075,-0.03684635414919324,6.81250910681581,unique_down
SPD_260925,21,127,126,117,137,4.2338181045516174,4.269922011964289,-0.03610390741267189,6.621359044040133,unique_down
SPD_260925,21,128,127,118,138,4.228232387663974,4.263949223988068,-0.03571683632409428,6.639929340733033,unique_down
SPD_260925,21,129,128,119,139,4.223068832414269,4.258670259793733,-0.035601427379464035,6.754367271422581,unique_down
SPD_260925,21,130,129,120,140,4.218881328750978,4.2538756955681105,-0.034994366817132416,6.638492138323585,unique_down
SPD_260925,21,131,130,121,141,4.214181058119894,4.248682296402486,-0.03450123828259244,6.543097647051042,unique_down
SPD_260925,21,132,131,122,142,4.20924775328465,4.243309746457574,-0.0340619931729238,6.428268152443337,unique_down
SPD_260925,21,133,132,123,143,4.2043598448148085,4.237679455811823,-0.033319610997014415,6.269316388342162,unique_down
SPD_260925,21,134,133,124,144,4.198943300111707,4.231465091834599,-0.03252179172289171,6.204587106550974,unique_down
SPD_260925,21,135,134,125,145,4.194811072588588,4.226413433839168,-0.031602361250580024,6.011513948405764,unique_down
SPD_260925,21,136,135,126,146,4.190809572791858,4.221979782550728,-0.031170209758870193,5.744788580763611,unique_down
SPD_260925,21,137,136,127,147,4.1863641651081185,4.21712701520439,-0.030762850096271777,5.546313353133257,unique_down
SPD_260925,21,138,137,128,148,4.181451315276457,4.211702655330079,-0.03025134005362151,5.400118684858768,unique_down
SPD_260925,21,139,138,129,149,4.176726875283445,4.205970494226286,-0.02924361894284111,5.208243985809332,unique_down
SPD_260925,21,140,139,130,150,4.171634294541685,4.199989984011544,-0.028355689469858447,5.13919948409827,unique_down
SPD_260925,21,141,140,131,151,4.167142488860658,4.194873904521089,-0.02773141566043158,5.041920681071332,unique_down
SPD_260925,21,142,141,132,152,4.162539676857358,4.189416877071683,-0.026877200214324937,4.772036781635705,unique_down
SPD_260925,21,143,142,133,153,4.157371693651103,4.183829036419324,-0.02645734276822065,4.751991992231638,unique_down
SPD_260925,21,144,143,134,154,4.152002639785808,4.177886496785851,-0.02588385700004281,4.7151826133762995,unique_down
SPD_260925,21,145,144,135,155,4.146261508670813,4.172317925391586,-0.02605641672077308,4.751050510397818,unique_down
SPD_260925,21,146,145,136,156,4.141745531970325,4.167406766026813,-0.025661234056488347,4.580289107892469,unique_down
SPD_260925,21,147,146,137,157,4.135960958997852,4.161102546739303,-0.025141587741451588,4.819548095654767,unique_down
SPD_260925,21,148,147,138,158,4.131237361042405,4.156141253099555,-0.024903892057150046,4.906716660309257,unique_down
SPD_260925,21,149,148,139,159,4.125867984751018,4.15035446069669,-0.02448647594567177,5.2470394876706905,unique_down
SPD_260925,21,150,149,140,160,4.120891356602355,4.144904824528133,-0.024013467925778187,5.3225072940194025,unique_down
SPD_260925,21,151,150,141,161,4.115381265430534,4.139460482191117,-0.024079216760583222,,below_observed_range
SPD_260925,21,152,151,142,162,4.111236910280284,4.135190417735084,-0.023953507454799627,,below_observed_range
SPD_260925,21,153,152,143,163,4.106337666921761,4.130830669132549,-0.02449300221078765,,below_observed_range
SPD_260925,21,154,153,144,164,4.1018508575978645,4.126966851125915,-0.025115993528050495,,below_observed_range
SPD_260925,21,155,154,145,165,4.09767560339311,4.122518710525973,-0.024843107132862308,,below_observed_range
SPD_260925,21,156,155,146,166,4.092261000863454,4.117472765972794,-0.02521176510933998,,below_observed_range
SPD_260925,31,109,108,94,124,4.350902029583531,4.397177036660122,-0.04627500707659138,5.804526095234564,unique_down
SPD_260925,31,110,109,95,125,4.343212315437174,4.388499097534335,-0.04528678209716119,5.927005290455597,unique_down
SPD_260925,31,111,110,96,126,4.335464806427368,4.3796839866554365,-0.044219180228068034,5.9933381585842795,unique_down
SPD_260925,31,112,111,97,127,4.328451872277524,4.372088502495429,-0.04363663021790476,6.104293759539615,unique_down
SPD_260925,31,113,112,98,128,4.321174892142505,4.364085323740578,-0.04291043159807284,6.252215556877346,unique_down
SPD_260925,31,114,113,99,129,4.314447623827765,4.356975328447597,-0.04252770461983246,6.283303901991786,unique_down
SPD_260925,31,115,114,100,130,4.307387609921035,4.349426413751057,-0.0420388038300219,6.434965792631047,unique_down
SPD_260925,31,116,115,101,131,4.301221396019232,4.342723001831121,-0.041501605811889775,6.39860943401041,unique_down
SPD_260925,31,117,116,102,132,4.294581862958899,4.335416129200659,-0.04083426624176045,6.481564511770088,unique_down
SPD_260925,31,118,117,103,133,4.28853322197533,4.329100731640093,-0.04056750966476308,6.4628460281956706,unique_down
SPD_260925,31,119,118,104,134,4.282964622954868,4.322879272509336,-0.03991464955446844,6.3300578521355675,unique_down
SPD_260925,31,120,119,105,135,4.276813417819569,4.316121638729988,-0.03930822091041897,6.306576749455118,unique_down
SPD_260925,31,121,120,106,136,4.271000359158572,4.310212737050718,-0.039212377892146044,6.290889251713793,unique_down
SPD_260925,31,122,121,107,137,4.264982588991012,4.30371768116921,-0.03873509217819748,6.304101022473034,unique_down
SPD_260925,31,123,122,108,138,4.259071956347344,4.297455197301573,-0.038383240954228626,6.28819865524747,unique_down
SPD_260925,31,124,123,109,139,4.253291921551159,4.2914885318342355,-0.03819661028307664,6.28577886603648,unique_down
SPD_260925,31,125,124,110,140,4.247496758801712,4.285103449800743,-0.03760669099903069,6.348198380940488,unique_down
SPD_260925,31,126,125,111,141,4.241693340816475,4.278623292361567,-0.03692995154509138,6.327546613365342,unique_down
SPD_260925,31,127,126,112,142,4.236446078108143,4.272719796596756,-0.03627371848861305,6.197843817953498,unique_down
SPD_260925,31,128,127,113,143,4.231329041187681,4.266808827291243,-0.035479786103561395,6.0746336738992,unique_down
SPD_260925,31,129,128,114,144,4.225932317815961,4.260803460109709,-0.034871142293747326,6.07926884837056,unique_down
SPD_260925,31,130,129,115,145,4.220850781496284,4.254795438452294,-0.03394465695600957,6.010729159814048,unique_down
SPD_260925,31,131,130,116,146,4.216378834583016,4.249534318475203,-0.033155483892187476,5.84477043251556,unique_down
SPD_260925,31,132,131,117,147,4.211152221973715,4.243682597775102,-0.032530375801386846,5.71249833876837,unique_down
SPD_260925,31,133,132,118,148,4.205406976112675,4.2376093951301765,-0.03220241901750143,5.653185071045016,unique_down
SPD_260925,31,134,133,119,149,4.200094527741443,4.231729418520005,-0.03163489077856152,5.600134915008709,unique_down
SPD_260925,31,135,134,120,150,4.195192799358929,4.22636485167764,-0.031172052318710897,5.563776152420132,unique_down
SPD_260925,31,136,135,121,151,4.190178025097046,4.220908308904918,-0.03073028380787246,5.625675877192492,unique_down
SPD_260925,31,137,136,122,152,4.185145939730348,4.215546527588289,-0.030400587857941197,5.66611617046749,unique_down
SPD_260925,31,138,137,123,153,4.179479979816073,4.209379066731931,-0.029899086915857964,5.725130945702944,unique_down
SPD_260925,31,139,138,124,154,4.173939891628951,4.203297956193227,-0.02935806456427592,5.7862371957476455,unique_down
SPD_260925,31,140,139,125,155,4.168611909965083,4.197960109033081,-0.029348199067998237,5.8271863882592925,unique_down
SPD_260925,31,141,140,126,156,4.163991104999196,4.1930515834378195,-0.02906047843862325,5.829029218375865,unique_down
SPD_260925,31,142,141,127,157,4.159582647806665,4.188458856683405,-0.02887620887674025,5.791753638097219,unique_down
SPD_260925,31,143,142,128,158,4.155095636491634,4.183485374429203,-0.028389737937569492,5.824671533651298,unique_down
SPD_260925,31,144,143,129,159,4.150251481411678,4.1779616898631735,-0.027710208451495077,5.8241770365089565,unique_down
SPD_260925,31,145,144,130,160,4.145688897584595,4.172846441874431,-0.02715754428983619,5.7504652715857105,unique_down
SPD_260925,31,146,145,131,161,4.140864324331614,4.167727242659537,-0.026862918327923424,,below_observed_range
SPD_260925,31,147,146,132,162,4.1368209914259255,4.1632206009423,-0.026399609516374767,,below_observed_range
SPD_260925,31,148,147,133,163,4.132155845358577,4.158625796497349,-0.02646995113877182,,below_observed_range
SPD_260925,31,149,148,134,164,4.127935141351284,4.154345110355456,-0.026409969004171252,,below_observed_range
SPD_260925,31,150,149,135,165,4.123329300016556,4.149378181209848,-0.02604888119329196,,below_observed_range
SPD_260925,31,151,150,136,166,4.118626729513879,4.144462186073314,-0.025835456559434533,,below_observed_range
SPD_260926,11,99,98,94,104,4.445173908554187,4.516665090267039,-0.07149118171285185,7.692856675010759,unique_down
SPD_260926,11,100,99,95,105,4.43598297027744,4.506187884274616,-0.0702049139971761,7.715181237416473,unique_down
SPD_260926,11,101,100,96,106,4.426411100250499,4.496356138070538,-0.06994503782003836,7.994450217437844,unique_down
SPD_260926,11,102,101,97,107,4.417712205904536,4.487520048574714,-0.06980784267017803,7.902053821190705,unique_down
SPD_260926,11,103,102,98,108,4.408468687091954,4.47691594296008,-0.06844725586812572,7.858996670197271,unique_down
SPD_260926,11,104,103,99,109,4.402412107648243,4.468688204482367,-0.06627609683412405,7.547886471653001,unique_down
SPD_260926,11,105,104,100,110,4.395619880418632,4.4601635806452995,-0.06454370022666733,7.3673067037333055,unique_down
SPD_260926,11,106,105,101,111,4.388968495419249,4.451411169318652,-0.062442673899402834,7.161739392250823,unique_down
SPD_260926,11,107,106,102,112,4.3827835639875214,4.4424089312087744,-0.059625367221253,6.778014979824292,unique_down
SPD_260926,11,108,107,103,113,4.376509038509209,4.43342385079119,-0.05691481228198114,6.44367767651346,unique_down
SPD_260926,11,109,108,104,114,4.371287636882202,4.426371963811107,-0.05508432692890519,6.01532799582624,unique_down
SPD_260926,11,110,109,105,115,4.363772934715433,4.4167719181119045,-0.052998983396471466,5.797269853202636,unique_down
SPD_260926,11,111,110,106,116,4.355251155687835,4.407105721131137,-0.05185456544330158,5.994936532342635,unique_down
SPD_260926,11,112,111,107,117,4.348654604559257,4.398538958260112,-0.049884353700855755,5.882760885909491,unique_down
SPD_260926,11,113,112,108,118,4.341579914336432,4.390591709239578,-0.04901179490314611,5.870779845945734,unique_down
SPD_260926,11,114,113,109,119,4.332744345905005,4.380555726058612,-0.04781138015360664,5.886729939919391,unique_down
SPD_260926,11,115,114,110,120,4.323879522430203,4.371434943644669,-0.04755542121446599,5.992568268658317,unique_down
SPD_260926,11,116,115,111,121,4.315459234206091,4.361824635543268,-0.04636540133717748,6.181323011960487,unique_down
SPD_260926,11,117,116,112,122,4.3099799805680625,4.355217701691965,-0.04523772112390212,5.937996386522627,unique_down
SPD_260926,11,118,117,113,123,4.303256720050492,4.347782962299376,-0.04452624224888346,5.903666039269297,unique_down
SPD_260926,11,119,118,114,124,4.297251757953993,4.340659407486038,-0.043407649532045234,6.00820714639606,unique_down
SPD_260926,11,120,119,115,125,4.289012962655926,4.331733283279887,-0.04272032062396125,6.376539464900105,unique_down
SPD_260926,11,121,120,116,126,4.281427946026352,4.323820718373596,-0.04239277234724348,6.501803392178715,unique_down
SPD_260926,11,122,121,117,127,4.276040421290831,4.3167722376846624,-0.04073181639383172,6.309263034583452,unique_down
SPD_260926,11,123,122,118,128,4.268931445274078,4.309530997511254,-0.040599552237175374,6.336286978526687,unique_down
SPD_260926,11,124,123,119,129,4.2627888793464415,4.302587860126303,-0.039798980779861104,6.327687536381092,unique_down
SPD_260926,11,125,124,120,130,4.258057898471386,4.297298510357822,-0.03924061188643613,6.397801743947099,unique_down
SPD_260926,11,126,125,121,131,4.252850799048743,4.291601962304082,-0.03875116325533856,6.475764871364731,unique_down
SPD_260926,11,127,126,122,132,4.247269121760672,4.284726189936257,-0.03745706817558503,6.527831665888783,unique_down
SPD_260926,11,128,127,123,133,4.240746682488614,4.27815340872092,-0.03740672623230612,6.717959192853982,unique_down
SPD_260926,11,129,128,124,134,4.234252967871726,4.2713210776829245,-0.0370681098111989,6.963339135578877,unique_down
SPD_260926,11,130,129,125,135,4.226952123201706,4.2642151456622575,-0.03726302246055102,7.4327391011746045,unique_down
SPD_260926,11,131,130,126,136,4.223065502211367,4.2598626263947645,-0.036797124183397756,7.291296087549483,unique_down
SPD_260926,11,132,131,127,137,4.219075021111745,4.2553258742290465,-0.03625085311730114,7.066579282815894,unique_down
SPD_260926,11,133,132,128,138,4.213955760055052,4.250123566683297,-0.036167806628244925,7.2581593250168055,unique_down
SPD_260926,11,134,133,129,139,4.209251999537545,4.244715696888637,-0.03546369735109156,7.273463161147305,unique_down
SPD_260926,11,135,134,130,140,4.20385774618692,4.239187507488003,-0.03532976130108256,6.966846259004029,unique_down
SPD_260926,11,136,135,131,141,4.199830354635858,4.234065178876997,-0.034234824241138995,6.6049194540972564,unique_down
SPD_260926,11,137,136,132,142,4.195136334418996,4.228760268846103,-0.03362393442710676,6.346709643178883,unique_down
SPD_260926,11,138,137,133,143,4.191106795777821,4.224581895226782,-0.03347509944896121,5.972604246397282,unique_down
SPD_260926,11,139,138,134,144,4.186083686379292,4.219376219351861,-0.03329253297256862,5.693844244992334,unique_down
SPD_260926,11,140,139,135,145,4.181262293565934,4.214852316008711,-0.033590022442777645,5.423725783294373,unique_down
SPD_260926,11,141,140,136,146,4.177837888614952,4.211379437569783,-0.03354154895483141,4.9645833867771785,unique_down
SPD_260926,11,142,141,137,147,4.170317164876244,4.203599822855639,-0.033282657979395225,5.175061274693405,unique_down
SPD_260926,11,143,142,138,148,4.164059267083013,4.197368467268958,-0.0333092001859443,5.123578618867413,unique_down
SPD_260926,11,144,143,139,149,4.157593477898362,4.190930420638654,-0.03333694274029231,5.114458387047392,unique_down
SPD_260926,11,145,144,140,150,4.150796805698932,4.183945085969754,-0.033148280270821395,5.189784030973897,unique_down
SPD_260926,11,146,145,141,151,4.144981987784956,4.1776136506179515,-0.0326316628329959,5.216362096004218,unique_down
SPD_260926,11,147,146,142,152,4.138461426546035,4.171473977050152,-0.033012550504116334,5.556986458398569,unique_down
SPD_260926,11,148,147,143,153,4.131669548625888,4.1648659355176445,-0.03319638689175619,6.273643090610761,unique_down
SPD_260926,11,149,148,144,154,4.125395636635155,4.158338362689722,-0.03294272605456694,6.731939360499609,unique_down
SPD_260926,11,150,149,145,155,4.119505469200456,4.151830453478562,-0.03232498427810615,7.396793582064845,unique_down
SPD_260926,11,151,150,146,156,4.115238040262326,4.146384011149745,-0.03114597088741977,7.857705064172421,unique_down
SPD_260926,11,152,151,147,157,4.109913648222573,4.13990402509543,-0.029990376872857105,8.565922241110144,unique_down
SPD_260926,11,153,152,148,158,4.107166048149917,4.137314018592323,-0.030147970442405914,,below_observed_range
SPD_260926,11,154,153,149,159,4.102645112582567,4.132822098146955,-0.030176985564387415,,below_observed_range
SPD_260926,11,155,154,150,160,4.098763601505198,4.128610226696103,-0.029846625190905307,,below_observed_range
SPD_260926,11,156,155,151,161,4.095035877988928,4.124218346392312,-0.02918246840338412,,below_observed_range
SPD_260926,11,157,156,152,162,4.092769057892093,4.12117556124841,-0.028406503356316115,,below_observed_range
SPD_260926,11,158,157,153,163,4.0888670220526615,4.116966591841034,-0.028099569788372136,,below_observed_range
SPD_260926,11,159,158,154,164,4.087667466681027,4.114951270198534,-0.027283803517507366,,below_observed_range
SPD_260926,11,160,159,155,165,4.084289420279674,4.111934558583678,-0.027645138304003503,,below_observed_range
SPD_260926,11,161,160,156,166,4.0806381401330745,4.108363554982299,-0.027725414849224528,,below_observed_range
SPD_260926,21,104,103,94,114,4.408435499511792,4.471687667132799,-0.06325216762100716,6.836065985693125,unique_down
SPD_260926,21,105,104,95,115,4.399716164944472,4.4613106044264335,-0.061594439481961416,6.859272431979633,unique_down
SPD_260926,21,106,105,96,116,4.390848022896708,4.45165876449374,-0.0608107415970327,6.990373379042296,unique_down
SPD_260926,21,107,106,97,117,4.383402071211354,4.4433103229883795,-0.05990825177702508,6.960231095462419,unique_down
SPD_260926,21,108,107,98,118,4.375064551353543,4.433800623502715,-0.05873607214917165,6.970292151650412,unique_down
SPD_260926,21,109,108,99,119,4.3671433252193745,4.42454276332033,-0.05739943810095571,6.849631686060619,unique_down
SPD_260926,21,110,109,100,120,4.359329254549396,4.415294204001492,-0.055964949452096846,6.7878618071787145,unique_down
SPD_260926,21,111,110,101,121,4.35247275711126,4.407090659536022,-0.05461790242476283,6.681248489048471,unique_down
SPD_260926,21,112,111,102,122,4.345785987574518,4.398508405157675,-0.052722417583156655,6.565324996271272,unique_down
SPD_260926,21,113,112,103,123,4.339885240210043,4.390773562498258,-0.05088832228821527,6.33693132580926,unique_down
SPD_260926,21,114,113,104,124,4.33385795488998,4.383096773731744,-0.049238818841764065,6.11706354543665,unique_down
SPD_260926,21,115,114,105,125,4.326636908803179,4.374818625377624,-0.0481817165744447,6.050289037417542,unique_down
SPD_260926,21,116,115,106,126,4.31875877128914,4.365784946097327,-0.04702617480818727,6.1396378952717185,unique_down
SPD_260926,21,117,116,107,127,4.312082429155929,4.357591007148758,-0.04550857799282948,6.058628205424938,unique_down
SPD_260926,21,118,117,108,128,4.305469291833496,4.350077962907519,-0.04460867107402322,6.0510433833505175,unique_down
SPD_260926,21,119,118,109,129,4.298756080629703,4.342485913446927,-0.04372983281722398,5.922312138110897,unique_down
SPD_260926,21,120,119,110,130,4.291529215650544,4.334767209255093,-0.043237993604548386,6.173130339123404,unique_down
SPD_260926,21,121,120,111,131,4.2845454500223115,4.327000022965616,-0.04245457294330457,6.269880797957754,unique_down
SPD_260926,21,122,121,112,132,4.278249275671052,4.3197794798595295,-0.041530204188477526,6.2588328527411505,unique_down
SPD_260926,21,123,122,113,133,4.271385716313186,4.312469798140228,-0.04108408182704171,6.436069339250395,unique_down
SPD_260926,21,124,123,114,134,4.265370155590409,4.305862586108214,-0.040492430517804934,6.545090354768092,unique_down
SPD_260926,21,125,124,115,135,4.258253638200196,4.298157488034728,-0.03990384983453232,6.826922779999279,unique_down
SPD_260926,21,126,125,116,136,4.252933015586764,4.2926280440019795,-0.039695028415215106,6.734078973588254,unique_down
SPD_260926,21,127,126,117,137,4.2474284150826165,4.2862812167676605,-0.038852801685044014,6.6386740490901275,unique_down
SPD_260926,21,128,127,118,138,4.241525891558489,4.279849611560903,-0.03832372000241424,6.702171164465199,unique_down
SPD_260926,21,129,128,119,139,4.236154669795984,4.27366671834274,-0.03751204854675638,6.7855742583581105,unique_down
SPD_260926,21,130,129,120,140,4.231244052205945,4.2684358941956555,-0.03719184198971082,6.708989847343219,unique_down
SPD_260926,21,131,130,121,141,4.226551080139221,4.262811618186312,-0.03626053804709084,6.524449033551036,unique_down
SPD_260926,21,132,131,122,142,4.221519169181453,4.257299640409959,-0.03578047122850592,6.3688667384355995,unique_down
SPD_260926,21,133,132,123,143,4.2159823693523535,4.25135120028253,-0.03536883093017629,6.280923687428441,unique_down
SPD_260926,21,134,133,124,144,4.210009365342557,4.245209123262958,-0.03519975792040064,6.261592880014717,unique_down
SPD_260926,21,135,134,125,145,4.2046137694823775,4.239963633429614,-0.03534986394723649,6.19296109831302,unique_down
SPD_260926,21,136,135,126,146,4.200019075607305,4.235114997424673,-0.035095921817368314,5.977521956849586,unique_down
SPD_260926,21,137,136,127,147,4.194732130222421,4.229655193968765,-0.03492306374634335,5.959709015849484,unique_down
SPD_260926,21,138,137,128,148,4.188771620021379,4.223736384645148,-0.034964764623769184,5.969503919215725,unique_down
SPD_260926,21,139,138,129,149,4.183206003885495,4.217725499865732,-0.03451949598023685,5.901675544777959,unique_down
SPD_260926,21,140,139,130,150,4.177492155028241,4.211520503308358,-0.034028348280116916,6.12584353539188,unique_down
SPD_260926,21,141,140,131,151,4.1720138132749565,4.2057438248081045,-0.03373001153314803,6.0598471995867556,unique_down
SPD_260926,21,142,141,132,152,4.166632837399708,4.1998874354342535,-0.03325459803454578,6.217538766051604,unique_down
SPD_260926,21,143,142,133,153,4.160967011825138,4.194515697619257,-0.03354868579411896,6.246219470222286,unique_down
SPD_260926,21,144,143,134,154,4.155560392952923,4.188590938075712,-0.0330305451227888,6.240286458694243,unique_down
SPD_260926,21,145,144,135,155,4.149903532705226,4.182618796298768,-0.032715263593542154,6.297612944058528,unique_down
SPD_260926,21,146,145,136,156,4.146096868895083,4.178242562970679,-0.032145694075595976,6.097362248026485,unique_down
SPD_260926,21,147,146,137,157,4.14074905685127,4.172279539601212,-0.0315304827499423,6.136783546284249,unique_down
SPD_260926,21,148,147,138,158,4.136113144385273,4.1678394600638144,-0.031726315678541006,6.204469482630941,unique_down
SPD_260926,21,149,148,139,159,4.130466042773887,4.162292758268969,-0.031826715495082425,6.337279161365785,unique_down
SPD_260926,21,150,149,140,160,4.125331128725693,4.1569083488125,-0.03157722008680697,,below_observed_range
SPD_260926,21,151,150,141,161,4.120490224067388,4.151298561782044,-0.030808337714655742,,below_observed_range
SPD_260926,21,152,151,142,162,4.115934086409176,4.146611167955035,-0.030677081545858798,,below_observed_range
SPD_260926,21,153,152,143,163,4.110967959493531,4.141328842717312,-0.030360883223780277,,below_observed_range
SPD_260926,21,154,153,144,164,4.106784506107769,4.13709013212827,-0.030305626020500576,,below_observed_range
SPD_260926,21,155,154,145,165,4.102239586900742,4.132311972911426,-0.030072386010683516,,below_observed_range
SPD_260926,21,156,155,146,166,4.097195642811823,4.126838969094457,-0.029643326282634774,,below_observed_range
SPD_260926,31,109,108,94,124,4.371096726991387,4.427754246975265,-0.05665751998387858,6.703206276715122,unique_down
SPD_260926,31,110,109,95,125,4.362964911833255,4.418523313763041,-0.055558401929785894,6.709620026829612,unique_down
SPD_260926,31,111,110,96,126,4.354644515010858,4.409295322257094,-0.05465080724623572,6.780135194058971,unique_down
SPD_260926,31,112,111,97,127,4.34741851153423,4.401129012645763,-0.053710501111532416,6.778521232124916,unique_down
SPD_260926,31,113,112,98,128,4.339801020942809,4.392417468160631,-0.052616447217822326,6.787757045384495,unique_down
SPD_260926,31,114,113,99,129,4.333022571544373,4.3845641685634735,-0.051541597019100216,6.730081190761382,unique_down
SPD_260926,31,115,114,100,130,4.325979133144081,4.376306622525707,-0.05032748938162612,6.699191480956003,unique_down
SPD_260926,31,116,115,101,131,4.319591315275419,4.368897849727692,-0.049306534452273176,6.607415736177245,unique_down
SPD_260926,31,117,116,102,132,4.312740669093816,4.360537124733861,-0.04779645564004564,6.604404797757184,unique_down
SPD_260926,31,118,117,103,133,4.306479553755883,4.352983806068228,-0.046504252312344896,6.514006617141703,unique_down
SPD_260926,31,119,118,104,134,4.300452289761104,4.345835260461055,-0.045382970699950675,6.379580330807997,unique_down
SPD_260926,31,120,119,105,135,4.293663190253409,4.338175234373569,-0.04451204412016008,6.390426068621878,unique_down
SPD_260926,31,121,120,106,136,4.287413552196907,4.331117577095997,-0.043704024899089866,6.372857224686939,unique_down
SPD_260926,31,122,121,107,137,4.281073648219688,4.323768454442371,-0.04269480622268329,6.34931236738872,unique_down
SPD_260926,31,123,122,108,138,4.2751178372005425,4.316891551329454,-0.04177371412891162,6.306098961019103,unique_down
SPD_260926,31,124,123,109,139,4.2691112285847925,4.310023832457861,-0.0409126038730685,6.304176546278171,unique_down
SPD_260926,31,125,124,110,140,4.262567798122613,4.3031284373719245,-0.040560639249311414,6.426759160412757,unique_down
SPD_260926,31,126,125,111,141,4.256505430446968,4.296078157382116,-0.03957272693514824,6.368131608898608,unique_down
SPD_260926,31,127,126,112,142,4.250812161372103,4.289892691495498,-0.039080530123395185,6.24808727755763,unique_down
SPD_260926,31,128,127,113,143,4.244726331987148,4.283243660353154,-0.038517328366006076,6.227763661166705,unique_down
SPD_260926,31,129,128,114,144,4.238909267516236,4.277031420718789,-0.03812215320255241,6.228510733134044,unique_down
SPD_260926,31,130,129,115,145,4.233023942132751,4.27077990156343,-0.03775595943067955,6.22843297941472,unique_down
SPD_260926,31,131,130,116,146,4.227686238411303,4.265294031600558,-0.037607793189254224,6.1371089987355845,unique_down
SPD_260926,31,132,131,117,147,4.221791813521826,4.2589058067401755,-0.03711399321834907,6.08798658896589,unique_down
SPD_260926,31,133,132,118,148,4.21557207685715,4.252385376993897,-0.036813300136746996,6.074962020560378,unique_down
SPD_260926,31,134,133,119,149,4.209832327496711,4.246043997309772,-0.03621166981306079,6.038923435661815,unique_down
SPD_260926,31,135,134,120,150,4.204549198189089,4.240258766619879,-0.035709568430790206,6.092738024491979,unique_down
SPD_260926,31,136,135,121,151,4.199088027764622,4.2343531398463155,-0.03526511208169314,6.19667190931068,unique_down
SPD_260926,31,137,136,122,152,4.193699756761141,4.228534375336172,-0.03483461857503034,6.275448935733124,unique_down
SPD_260926,31,138,137,123,153,4.187540717779719,4.222348516401384,-0.0348077986216655,6.398624973405077,unique_down
SPD_260926,31,139,138,124,154,4.181614334646222,4.2160213830723094,-0.03440704842608788,6.493099552206957,unique_down
SPD_260926,31,140,139,125,155,4.175838003764981,4.210027598329039,-0.03418959456405801,6.605406847361763,unique_down
SPD_260926,31,141,140,126,156,4.171361872896312,4.2050108050011215,-0.03364893210480968,6.516653309391671,unique_down
SPD_260926,31,142,141,127,157,4.1668263262873815,4.200033269469596,-0.03320694318221484,6.477258673203437,unique_down
SPD_260926,31,143,142,128,158,4.161868648858921,4.195227083836442,-0.033358434977520446,6.516655131541455,unique_down
SPD_260926,31,144,143,129,159,4.156567249127904,4.189682219154952,-0.03311497002704833,6.611384005395024,unique_down
SPD_260926,31,145,144,130,160,4.151629809553044,4.184309998350669,-0.03268018879762469,,below_observed_range
SPD_260926,31,146,145,131,161,4.146702674792088,4.1788432245676015,-0.03214054977551317,,below_observed_range
SPD_260926,31,147,146,132,162,4.142284829289682,4.173879255600754,-0.0315944263110719,,below_observed_range
SPD_260926,31,148,147,133,163,4.137492560090557,4.1690067760120595,-0.0315142159215025,,below_observed_range
SPD_260926,31,149,148,134,164,4.1332222863641235,4.1644380801515055,-0.03121579378738204,,below_observed_range
SPD_260926,31,150,149,135,165,4.12840146292001,4.159464876295157,-0.031063413375147064,,below_observed_range
SPD_260926,31,151,150,136,166,4.123920138805143,4.154725420990989,-0.03080528218584533,,below_observed_range
