pair,width,state_step,target,lead,status
PD_260925,11,110,4.406729034232822,6.335138541155558,unique_down
PD_260925,11,120,4.3377591610611,6.264794165206666,unique_down
PD_260925,11,130,4.282571270522154,6.809624558070965,unique_down
PD_260925,11,140,4.234656441925009,4.822559190378229,unique_down
PD_260925,21,110,4.407492429040195,6.481692148749602,unique_down
PD_260925,21,120,4.341185331876789,6.012517289274072,unique_down
PD_260925,21,130,4.2850113699123975,6.035563742910341,unique_down
PD_260925,21,140,4.229981906057912,5.78282108033298,unique_down
PD_260925,31,110,4.409910305425705,6.476277796845608,unique_down
PD_260925,31,120,4.343477952508105,6.237130966973751,unique_down
PD_260925,31,130,4.28559125782997,5.809432001948807,unique_down
PD_260925,31,140,4.229363155487414,6.050745531703882,unique_down
SPD_260925,11,110,4.33427797972267,5.604632687289566,unique_down
SPD_260925,11,120,4.2655958928781645,6.269879434044995,unique_down
SPD_260925,11,130,4.210244901933368,7.722266401359377,unique_down
SPD_260925,11,140,4.172721176820977,3.8111761497216605,unique_down
SPD_260925,21,110,4.333889159950472,5.96363185609988,unique_down
SPD_260925,21,120,4.266048473666333,6.648531023263743,unique_down
SPD_260925,21,130,4.214181058119894,6.543097647051042,unique_down
SPD_260925,21,140,4.167142488860658,5.041920681071332,unique_down
SPD_260925,31,110,4.335464806427368,5.9933381585842795,unique_down
SPD_260925,31,120,4.271000359158572,6.290889251713793,unique_down
SPD_260925,31,130,4.216378834583016,5.84477043251556,unique_down
SPD_260925,31,140,4.163991104999196,5.829029218375865,unique_down
SPD_260926,11,110,4.355251155687835,5.994936532342635,unique_down
SPD_260926,11,120,4.281427946026352,6.501803392178715,unique_down
SPD_260926,11,130,4.223065502211367,7.291296087549483,unique_down
SPD_260926,11,140,4.177837888614952,4.9645833867771785,unique_down
SPD_260926,21,110,4.35247275711126,6.681248489048471,unique_down
SPD_260926,21,120,4.2845454500223115,6.269880797957754,unique_down
SPD_260926,21,130,4.226551080139221,6.524449033551036,unique_down
SPD_260926,21,140,4.1720138132749565,6.0598471995867556,unique_down
SPD_260926,31,110,4.354644515010858,6.780135194058971,unique_down
SPD_260926,31,120,4.287413552196907,6.372857224686939,unique_down
SPD_260926,31,130,4.227686238411303,6.1371089987355845,unique_down
SPD_260926,31,140,4.171361872896312,6.516653309391671,unique_down
