step,tokens,batch_tokens,delta_0.028,clock_0.028,delta_0.04,clock_0.04,interaction
1,16777216,16777216,0.0,0.0,0.0,0.0,0.0
2,33554432,16777216,3.77078540623188e-05,0.009333333333333332,6.383052095770836e-05,0.013333333333333332,2.6122666895389557e-05
3,50331648,16777216,-0.001730922143906355,0.027999999999999997,0.003890157677233219,0.039999999999999994,0.005621079821139574
4,67108864,16777216,-0.0029592951759696007,0.055999999999999994,0.0023572929203510284,0.07999999999999999,0.005316588096320629
5,83886080,16777216,-0.009246609639376402,0.08399999999999999,-0.0033549293875694275,0.12,0.005891680251806974
6,100663296,16777216,-0.014912272104993463,0.11199999999999999,-0.005174845457077026,0.16,0.009737426647916436
7,117440512,16777216,-0.002717828843742609,0.13999999999999999,-0.0015333681367337704,0.2,0.0011844607070088387
8,134217728,16777216,-0.007300104247406125,0.16799999999999998,-0.000981370685622096,0.24000000000000002,0.006318733561784029
9,150994944,16777216,-0.020638762041926384,0.19599999999999998,-0.00345956371165812,0.28,0.017179198330268264
10,167772160,16777216,-0.027129890164360404,0.22399999999999998,-0.019764631055295467,0.32,0.007365259109064937
11,184549376,16777216,-0.006914265686646104,0.252,0.008528654696419835,0.36,0.015442920383065939
12,201326592,16777216,-0.02615503966808319,0.28,-0.02756670000962913,0.39999999999999997,-0.0014116603415459394
13,218103808,16777216,-0.06315160519443452,0.30800000000000005,-0.029861978953704238,0.43999999999999995,0.033289626240730286
14,234881024,16777216,-0.059214613400399685,0.3360000000000001,-0.02549596782773733,0.4799999999999999,0.033718645572662354
15,251658240,16777216,-0.008247708203271031,0.3640000000000001,0.007062267744913697,0.5199999999999999,0.015309975948184729
16,268435456,16777216,-0.056674231542274356,0.3920000000000001,-0.04369961959309876,0.5599999999999999,0.012974611949175596
17,285212672,16777216,-0.03139010909944773,0.42000000000000015,-0.030933376401662827,0.6,0.00045673269778490067
18,301989888,16777216,-0.03981573507189751,0.4480000000000002,-0.034476361237466335,0.64,0.005339373834431171
19,318767104,16777216,-0.050933637423440814,0.4760000000000002,-0.014407621463760734,0.68,0.03652601595968008
20,335544320,16777216,-0.0334409752395004,0.5040000000000002,-0.04900305927731097,0.7200000000000001,-0.015562084037810564
21,352321536,16777216,-0.04493725951761007,0.5320000000000003,-0.04474891419522464,0.7600000000000001,0.00018834532238543034
22,369098752,16777216,-0.04456103267148137,0.5600000000000003,-0.02567780250683427,0.8000000000000002,0.018883230164647102
23,385875968,16777216,-0.021344126667827368,0.5880000000000003,-0.08078226400539279,0.8400000000000002,-0.05943813733756542
24,402653184,16777216,-0.03795130085200071,0.6160000000000003,-0.06950902985408902,0.8800000000000002,-0.03155772900208831
25,419430400,16777216,-0.06282288278453052,0.6440000000000003,-0.10908654984086752,0.9200000000000003,-0.046263667056337
26,436207616,16777216,-0.025939974933862686,0.6720000000000004,-0.03510819259099662,0.9600000000000003,-0.009168217657133937
27,452984832,16777216,-0.04283600067719817,0.7000000000000004,-0.12432384910061955,1.0000000000000002,-0.08148784842342138
28,469762048,16777216,-0.04452820005826652,0.7280000000000004,-0.06213830644264817,1.0400000000000003,-0.017610106384381652
29,486539264,16777216,-0.027210145024582744,0.7560000000000004,-0.0776969117578119,1.0800000000000003,-0.05048676673322916
30,503316480,16777216,-0.051458444679155946,0.7840000000000005,-0.09014393878169358,1.1200000000000003,-0.03868549410253763
31,520093696,16777216,-0.021177244605496526,0.8120000000000005,-0.025573217077180743,1.1600000000000004,-0.0043959724716842175
32,536870912,16777216,-0.05909038917161524,0.8400000000000005,-0.07337354030460119,1.2000000000000004,-0.01428315113298595
33,553648128,16777216,-0.05114983720704913,0.8680000000000005,-0.05958503275178373,1.2400000000000004,-0.008435195544734597
34,570425344,16777216,-0.05317409569397569,0.8960000000000006,-0.05687554250471294,1.2800000000000005,-0.0037014468107372522
35,587202560,16777216,-0.05152653739787638,0.9240000000000006,-0.07187730562873185,1.3200000000000005,-0.020350768230855465
36,603979776,16777216,-0.061956957913935184,0.9520000000000006,-0.06567950663156807,1.3600000000000005,-0.0037225487176328897
37,620756992,16777216,-0.05553773930296302,0.9800000000000006,-0.07971312338486314,1.4000000000000006,-0.02417538408190012
38,637534208,16777216,-0.06006073905155063,1.0080000000000007,-0.08145197946578264,1.4400000000000006,-0.021391240414232016
39,654311424,16777216,-0.07514881738461554,1.0360000000000007,-0.09517856989987195,1.4800000000000006,-0.020029752515256405
40,671088640,16777216,-0.08134056814014912,1.0640000000000007,-0.0927014488261193,1.5200000000000007,-0.011360880685970187
41,687865856,16777216,-0.08020657836459577,1.0920000000000007,-0.1019917766097933,1.5600000000000007,-0.021785198245197535
42,704643072,16777216,-0.09723574307281524,1.1200000000000008,-0.09266908967401832,1.6000000000000008,0.004566653398796916
43,721420288,16777216,-0.10226238379254937,1.1480000000000008,-0.09904225473292172,1.6400000000000008,0.003220129059627652
44,738197504,16777216,-0.08934421953745186,1.1760000000000008,-0.10870583285577595,1.6800000000000008,-0.01936161331832409
45,754974720,16777216,-0.11916856467723846,1.2040000000000008,-0.10050371405668557,1.7200000000000009,0.018664850620552897
46,771751936,16777216,-0.10728453565388918,1.2320000000000009,-0.1019999124109745,1.760000000000001,0.005284623242914677
47,788529152,16777216,-0.12829588004387915,1.260000000000001,-0.10118577745743096,1.800000000000001,0.027110102586448193
48,805306368,16777216,-0.12063321401365101,1.288000000000001,-0.09199982834979892,1.840000000000001,0.028633385663852096
49,822083584,16777216,-0.10831233579665422,1.316000000000001,-0.11579325911588967,1.880000000000001,-0.007480923319235444
50,838860800,16777216,-0.11459766724146903,1.344000000000001,-0.10655675502493978,1.920000000000001,0.00804091221652925
51,855638016,16777216,-0.10684705944731832,1.372000000000001,-0.10765133984386921,1.960000000000001,-0.0008042803965508938
52,872415232,16777216,-0.10195086104795337,1.400000000000001,-0.1026065160986036,2.000000000000001,-0.000655655050650239
53,889192448,16777216,-0.09001131518743932,1.428000000000001,-0.08950373949483037,2.040000000000001,0.0005075756926089525
54,905969664,16777216,-0.08915570215322077,1.456000000000001,-0.10134947276674211,2.080000000000001,-0.012193770613521338
55,922746880,16777216,-0.10043690796010196,1.484000000000001,-0.08796456200070679,2.120000000000001,0.01247234595939517
56,939524096,16777216,-0.088355204439722,1.5120000000000011,-0.0865974398329854,2.160000000000001,0.0017577646067366004
57,956301312,16777216,-0.08621916803531349,1.5400000000000011,-0.08201595582067966,2.200000000000001,0.0042032122146338224
58,973078528,16777216,-0.09064394142478704,1.5680000000000012,-0.07854991988278925,2.240000000000001,0.01209402154199779
59,989855744,16777216,-0.07722761365585029,1.5960000000000012,-0.08958724793046713,2.280000000000001,-0.012359634274616838
60,1006632960,16777216,-0.08640832593664527,1.6240000000000012,-0.08635480212979019,2.320000000000001,5.352380685508251e-05
61,1023410176,16777216,-0.07600061187986284,1.6520000000000012,-0.07919462467543781,2.360000000000001,-0.003194012795574963
62,1040187392,16777216,-0.07563569990452379,1.6800000000000013,-0.06021021446213126,2.4000000000000012,0.015425485442392528
63,1056964608,16777216,-0.07969795574899763,1.7080000000000013,-0.0774463671259582,2.4400000000000013,0.0022515886230394244
64,1073741824,16777216,-0.08161687082611024,1.7360000000000013,-0.06634577340446413,2.4800000000000013,0.015271097421646118
65,1090519040,16777216,-0.08165367692708969,1.7640000000000013,-0.06507134425919503,2.5200000000000014,0.01658233266789466
66,1107296256,16777216,-0.08783190581016243,1.7920000000000014,-0.07582756306510419,2.5600000000000014,0.012004342745058239
67,1124073472,16777216,-0.08064330625347793,1.8200000000000014,-0.06947147042956203,2.6000000000000014,0.011171835823915899
68,1140850688,16777216,-0.08262457838281989,1.8480000000000014,-0.0704632067354396,2.6400000000000015,0.012161371647380292
69,1157627904,16777216,-0.06510984036140144,1.8760000000000014,-0.07772501243744045,2.6800000000000015,-0.012615172076039016
70,1174405120,16777216,-0.06778720556758344,1.9040000000000015,-0.058390147518366575,2.7200000000000015,0.009397058049216866
71,1191182336,16777216,-0.07688286120537668,1.9320000000000015,-0.0777551046339795,2.7600000000000016,-0.0008722434286028147
72,1207959552,16777216,-0.06998228293377906,1.9600000000000015,-0.060766737442463636,2.8000000000000016,0.009215545491315424
73,1224736768,16777216,-0.07985029148403555,1.9880000000000015,-0.08321026642806828,2.8400000000000016,-0.0033599749440327287
74,1241513984,16777216,-0.0788824501214549,2.0160000000000013,-0.07556725130416453,2.8800000000000017,0.0033151988172903657
75,1258291200,16777216,-0.08243856485933065,2.0440000000000014,-0.0914128051372245,2.9200000000000017,-0.008974240277893841
76,1275068416,16777216,-0.08294651145115495,2.0720000000000014,-0.0923711087089032,2.9600000000000017,-0.009424597257748246
77,1291845632,16777216,-0.0812834722455591,2.1000000000000014,-0.07397442124783993,3.0000000000000018,0.007309050997719169
78,1308622848,16777216,-0.08600300818216056,2.1280000000000014,-0.09903951361775398,3.040000000000002,-0.013036505435593426
79,1325400064,16777216,-0.08735455351416022,2.1560000000000015,-0.07537739456165582,3.080000000000002,0.011977158952504396
80,1342177280,16777216,-0.07279350771568716,2.1840000000000015,-0.0889661667170003,3.120000000000002,-0.01617265900131315
81,1358954496,16777216,-0.08596920419950038,2.2120000000000015,-0.1050419055391103,3.160000000000002,-0.01907270133960992
82,1375731712,16777216,-0.08538968046195805,2.2400000000000015,-0.08610365632921457,3.200000000000002,-0.0007139758672565222
83,1392508928,16777216,-0.08966379391495138,2.2680000000000016,-0.0960495276376605,3.240000000000002,-0.006385733722709119
84,1409286144,16777216,-0.0890612076036632,2.2960000000000016,-0.0807655215030536,3.280000000000002,0.0082956861006096
85,1426063360,16777216,-0.09139129391405731,2.3227953025043573,-0.0994386492529884,3.318279003577653,-0.008047355338931084
86,1442840576,16777216,-0.09178682207129896,2.3465399460027414,-0.0891745506087318,3.352199922861059,0.0026122714625671506
87,1459617792,16777216,-0.09662316925823689,2.367233930495154,-0.08907806687057018,3.3817627578502196,0.007545102387666702
88,1476395008,16777216,-0.09454355260822922,2.384877255981595,-0.09900362638290972,3.406967508545135,-0.004460073774680495
89,1493172224,16777216,-0.09633070649579167,2.3994699224620644,-0.09915203682612628,3.4278141749458055,-0.002821330330334604
90,1509949440,16777216,-0.09953842672985047,2.4110119299365618,-0.10152876365464181,3.4443027570522307,-0.001990336924791336
91,1526726656,16777216,-0.0988223502645269,2.4195032784050876,-0.10126487200614065,3.4564332548644106,-0.0024425217416137457
92,1539870720,13144064,-0.09904771495289122,2.424943967867642,-0.10237077576009401,3.4642056683823452,-0.0033230608072027934
