method,step,layers,radial_positive_layers,adaptive_radial_positive_layers,median_lr_next,median_wd,median_input_mean_energy,median_input_centered_energy,median_W_mean,median_W_centered,median_W_total,median_W_mean_fraction,median_D_mean,median_D_centered,median_D_total,median_D_mean_fraction,median_decay_mean,median_decay_centered,median_decay_total,median_decay_mean_fraction,median_adaptive_plus_rounding_mean,median_adaptive_plus_rounding_centered,median_adaptive_plus_rounding_total,median_adaptive_plus_rounding_mean_fraction,median_D_mean_gain_over_centered_gain,median_mean_step_relative,median_centered_step_relative,median_mean_radial,median_mean_radial_relative,median_adaptive_mean_radial,median_adaptive_mean_radial_relative,median_mean_cosine_W_D,median_centered_radial,median_mean_energy_change_frozen_mu,median_D_parameter_energy,median_roundoff_bound_vs_D,sum_W_mean,sum_W_centered,sum_W_total,pooled_W_mean_fraction,sum_D_mean,sum_D_centered,sum_D_total,pooled_D_mean_fraction,sum_decay_mean,sum_decay_centered,sum_decay_total,pooled_decay_mean_fraction,sum_adaptive_plus_rounding_mean,sum_adaptive_plus_rounding_centered,sum_adaptive_plus_rounding_total,pooled_adaptive_plus_rounding_mean_fraction
M,10,8,8,8,0.0015400000000000001,0.01,282.01558849321776,230.33218137813634,60.95540988077785,47.55548328017362,105.80653814876456,0.5630387799385512,0.0006734426033407835,0.00020853683830799382,0.0008819794416487773,0.7615057707162385,1.4456185007325277e-08,1.1278258414725975e-08,2.5093078587361008e-08,0.5630387799385512,0.0006749427514325568,0.00020841622943833796,0.0008833589808708948,0.7619998161902444,2.672801245462585,0.0033505811251979827,0.0020838564584242836,0.027289489385687704,0.0006572407646701216,0.028126952794399352,0.0006726407646701217,0.20636179478960637,-0.004282049612677037,0.05521691481216351,0.0001382160274399997,2.940296807288387e-05,404.1107817240858,439.5661129946799,843.6768947187659,0.4789876127386344,0.004654410648974001,0.0022681886225698264,0.006922599271543828,0.672350148607693,9.583891299368424e-08,1.0424749935781829e-07,2.0008641235150252e-07,0.47898761273863455,0.004661696756737743,0.0022658218067280658,0.006927518563465808,0.6729244698559878
M,50,8,0,0,0.007,0.01,45.4216273956965,463.2600641614724,7.1365354536452,94.7225245087482,101.35915691413837,0.06992337843403404,0.0022461772230510765,0.02133190434063352,0.024115505131557226,0.09272198605915866,3.496902372286149e-08,4.641403700928662e-07,4.966598688792781e-07,0.06992337843403404,0.002239828036663593,0.021336706017468184,0.024109467679473293,0.09247618618394873,1.0452640890907272,0.017691282683586752,0.015185362444580236,-0.04560111008004729,-0.007677024852601324,-0.04510155259829213,-0.007607024852601323,-0.444842400614766,0.02803621344381065,-0.08895604293704285,0.010172430746282404,3.5348325337653864e-06,64.03232126771275,742.2909812257606,806.3233024934733,0.07941271332441871,0.019181958672335773,0.16959865458238116,0.18878061325471693,0.10160979107772067,3.1375837421179254e-07,3.637225808006227e-06,3.950984182218019e-06,0.07941271332441874,0.01911562085356346,0.16960811088557204,0.1887237317391355,0.10128890880552394
M,100,8,0,0,0.007,0.01,52.32995899904321,452.5951302410309,4.464767283294743,108.10477673841285,113.35102279301145,0.03927908098123559,0.0025756533567383054,0.02183848486927415,0.02431699042412232,0.1054944183878503,2.1877359688144247e-08,5.297134060182232e-07,5.554200116857563e-07,0.03927908098123559,0.002574012380307555,0.021877130903946503,0.024354009991324338,0.10526729458526954,1.0024327182726922,0.02468513720160559,0.01413207976053552,-0.011829779720484285,-0.00328997036631276,-0.011466009324761628,-0.0032199703663127605,-0.12705253518830123,0.2527066644759371,-0.021027540231978836,0.016219275122529124,2.9816487687590337e-06,36.81221700260517,853.6359292252375,890.4481462278426,0.04134122481870593,0.020153220426520728,0.17338308019126028,0.193536300617781,0.10413147488192284,1.803798633127654e-07,4.1828160532036645e-06,4.36319591651643e-06,0.041341224818705925,0.020135617117686834,0.1736432951943847,0.19377891231207156,0.10391025977718049
M,200,8,4,4,0.007,0.01,61.29435189969892,438.4941502747704,3.438927598586375,160.60259810831542,163.82833567829982,0.021029896415563656,0.003001538528285856,0.02113125590541642,0.02414592885971408,0.12443159040441348,1.685074523307324e-08,7.869527307307458e-07,8.027588448236694e-07,0.021029896415563652,0.003001475809872003,0.02117149554539291,0.024186425833179787,0.12420669020549668,1.0169667273196685,0.028840476867625156,0.011463464584653317,-0.0001720933391950862,0.00024879658940544353,-4.584256871319615e-05,0.0003187965894054435,0.006927243465265678,0.2585003749738048,0.001398633056482801,0.021054865926215992,3.141272919265762e-06,30.55986002184261,1234.78084791759,1265.3407079394326,0.024151487287252756,0.02163258433915373,0.16974095340356363,0.19137353774271734,0.11303853497361054,1.4974331410702883e-07,6.050426154796193e-06,6.200169468903222e-06,0.024151487287252756,0.021632019927916732,0.17001936529627953,0.19165138522419622,0.11287171184602356
M,500,8,2,2,0.007,0.01,87.37468946740665,389.39049509073334,8.708449321429237,281.31872024454833,286.94527536265,0.026195185516546562,0.004282907849404337,0.018524300386410703,0.023175285035740845,0.18481580946832682,4.2671401675003266e-08,1.378461729198287e-06,1.4060318492769853e-06,0.026195185516546565,0.004282144664957564,0.01855507206022819,0.02321109299194024,0.18449783982296525,1.0433014956110767,0.02504967017656827,0.008194388110508322,-0.005863413170090079,-0.0009226015824455051,-0.005672520011932981,-0.0008526015824455055,-0.06290991453873793,0.22155490456422433,-0.00933674783264879,0.022689548293852155,4.54180569973708e-06,81.08208039464483,2067.798418054181,2148.880498448826,0.03773224265061464,0.032429436428419146,0.14926877271082362,0.18169820913924278,0.17847967011918725,3.9730219393375986e-07,1.0132212248465491e-05,1.052951444239925e-05,0.037732242650614645,0.032421484872657544,0.14949147375574734,0.18191295862840487,0.17822526287907386
M,900,8,5,5,0.007,0.01,102.6121509941346,352.8319611832623,12.894192526432281,446.28983734727717,471.13610089021125,0.025965373461764703,0.005013751559585722,0.01669854702741378,0.02224674404894201,0.22903669626457696,6.318154337951818e-08,2.186820203001659e-06,2.308566894362036e-06,0.025965373461764696,0.005012458215722415,0.016722428101614423,0.02227530730576974,0.22875266807830752,1.0191829982533283,0.02096205241386128,0.0062927994701209595,0.01373480836196694,0.0012446209986239714,0.014414400708286585,0.001314620998623972,0.05691469188314493,0.19929604720459634,0.032751279444086734,0.02226555910087169,6.1712100909462775e-06,135.15373439700534,3050.675297949324,3185.829032346329,0.04242341099436402,0.03745976909464958,0.13247130903798615,0.16993107813263572,0.22044095468758948,6.622532985453264e-07,1.494830895995169e-05,1.561056225849702e-05,0.042423410994364016,0.037461957679490794,0.13267197259801142,0.17013393027750218,0.22019098493984895
M,1300,8,3,3,0.007,0.01,114.08899822175918,323.1584177730937,17.551785924804225,577.8938955115207,593.38291844572,0.028556193248849032,0.005521063635168754,0.015205570035701686,0.021522647319602996,0.2575332163470326,8.600375103154073e-08,2.831680088006452e-06,2.9075763003840277e-06,0.02855619324884904,0.005522743716153914,0.015235821104931432,0.021547077806299546,0.2571414676723748,1.0165283725444665,0.018426822958875527,0.005212247779376128,-0.005469309285709179,-0.0003676116772743606,-0.004797435268158067,-0.00029761167727436044,-0.029898171587695328,0.19375683121888454,-0.00704678480090748,0.02239692431554055,7.398330319934179e-06,188.0630549208118,3862.4356118601863,4050.4986667809976,0.04642960543677176,0.041376312163269285,0.11996604184102899,0.16134235400429828,0.2564504058380541,9.21508969111978e-07,1.8925934498114917e-05,1.9847443467226897e-05,0.046429605436771756,0.041370850346865023,0.12016721527555384,0.16153806562241887,0.2561058917442145
PD,10,8,8,8,0.0022,0.01,283.11594888768656,229.22302189268606,61.73737439649347,47.4213508899356,105.76444278229377,0.5666321648640218,0.00044579565476494845,0.0013318903743307375,0.0017776860290956858,0.25317706701292403,2.988088920790285e-08,2.2951933830728835e-08,5.1189990306630196e-08,0.566632164864022,0.0004473398016184689,0.0013316743480547297,0.0017790141496731987,0.25386242773663537,0.27284126500172645,0.002688702686776373,0.005376938116482247,0.024181762076633313,0.0005041022310839992,0.025667212912037933,0.0005261022310839992,0.18002385900695844,-0.005431322950874312,0.04883244148564714,0.002479404292549582,5.328690785259557e-06,410.2734438723192,435.48560594563975,845.759049817959,0.4850949498685546,0.0031656190933047564,0.01252930101811174,0.015694920111416495,0.20169705043621616,1.9857234683420254e-07,2.1077503327768966e-07,4.0934738011189223e-07,0.4850949498685546,0.0031747237521583182,0.012524301974450201,0.015699025726608522,0.2022242531125629
PD,50,8,0,3,0.01,0.01,97.41115266440335,412.6815941283476,18.59569884291787,88.28025263718334,106.34223978335854,0.17611270804056461,0.0005103591511657567,0.009361811075853384,0.00987217022701914,0.051701397828639466,1.8595698842917872e-07,8.828025263718334e-07,1.0634223978335858e-06,0.17611270804056464,0.0005100075786619045,0.009370563390199128,0.009880570968861033,0.05162414331125225,0.23502180998281752,0.0051988864866872216,0.010346580774436894,-0.005705310201251076,-0.0002856309574875768,-0.003689377760430855,-0.0001856309574875767,-0.05056042022090603,0.037869627457964586,-0.010771362506718063,0.05113057975773079,1.4158116363558846e-06,138.83558507103254,699.4111698212516,838.2467548922841,0.16562615275364007,0.004409551691288022,0.11004517000685701,0.11445472169814502,0.038526603584930895,1.388355850710326e-06,6.9941116982125176e-06,8.382467548922842e-06,0.16562615275364012,0.004404072662832988,0.11007083980992668,0.11447491247275969,0.038471946103308674
PD,100,8,3,5,0.01,0.01,87.04552882886871,421.5882455112841,16.064975511424848,104.86003309074357,122.81638650642884,0.1285817919180588,0.00030083737115283647,0.007860117798160909,0.008135246257243876,0.03626860365826412,1.6064975511424848e-07,1.0486003309074359e-06,1.2281638650642884e-06,0.12858179191805877,0.0003009675052267369,0.007878343655069422,0.008152754146553268,0.036140281454412046,0.1823856745714872,0.004402696593304842,0.008534657077146804,-0.0007568315168078666,-4.1540708284951643e-05,0.00072845904897911,5.8459291715049215e-05,-0.009970029160221761,0.09771557441933262,-0.0011421568826097683,0.05113730010775369,1.6611561946040956e-06,127.91206809685784,828.1997664640072,956.1118345608651,0.1337835841720408,0.002744478600444386,0.0870791947784593,0.08982367337890368,0.030554067732983234,1.2791206809685786e-06,8.281997664640074e-06,9.561118345608651e-06,0.1337835841720408,0.0027437074459563567,0.08721833553169228,0.08996204297764863,0.030498500869283723
PD,200,8,3,5,0.01,0.01,70.27936823371837,433.35123642038417,13.854272462036239,141.67610612025146,158.62205504578947,0.10082930553245824,0.00031515722901927234,0.010994146297602606,0.011297111095419221,0.026920333196281475,1.3854272462036243e-07,1.4167610612025148e-06,1.5862205504578947e-06,0.10082930553245825,0.000316180060733924,0.011026948332767954,0.011329569174366465,0.02681203200285339,0.17211981707686136,0.004787010745632479,0.00852459876438683,-0.0004527885722098862,-2.6986894874899553e-05,0.0011595376459723017,7.301310512510057e-05,-0.006380167648312552,0.11741375013803398,-0.0006066164340783331,0.0511042325776986,2.0416272105162195e-06,120.75130554311276,1085.1109434475877,1205.8622489907007,0.1001368984261518,0.002714941239872362,0.10200890616752063,0.10472384740739299,0.02592476601161141,1.2075130554311278e-06,1.0851109434475879e-05,1.2058622489907006e-05,0.10013689842615182,0.0027178681047045237,0.1022031580545314,0.10492102615923593,0.025903941318489256
PD,500,8,8,8,0.01,0.01,144.51690982696914,351.02177771695256,37.35433989258084,207.33038013584977,247.43966801833565,0.15820969411034447,0.0004302112163016824,0.010239405874274564,0.010676866534535461,0.04111374184893914,3.735433989258084e-07,2.073303801358498e-06,2.4743966801833566e-06,0.15820969411034444,0.00043255473068197796,0.01027478068708899,0.0107139341129174,0.041135605284109825,0.11067463421544624,0.0034720884053444055,0.0066326065972282956,0.014514578129030214,0.00040781644845968787,0.017494148185758916,0.000507816448459688,0.13066079678401182,0.10756392355015075,0.029443169685317017,0.05108487531046299,3.2054771928493258e-06,288.84008792192503,1654.948152763448,1943.788240685373,0.1485964787090599,0.0033568664137918263,0.0905862038606717,0.09394307027446354,0.03573298598805026,2.8884008792192507e-06,1.6549481527634485e-05,1.9437882406853733e-05,0.1485964787090599,0.003384098002252943,0.09081679701178287,0.0942008950140358,0.03592426591858514
PD,900,8,8,8,0.01,0.01,202.1461914488353,284.39736288699726,67.37756342119704,252.42164914750742,326.6046483362366,0.22515424249577842,0.0004404962516805415,0.008097888029440945,0.008594937756449351,0.05710415800216026,6.737756342119706e-07,2.5242164914750746e-06,3.2660464833623665e-06,0.22515424249577842,0.00044347294295809034,0.008124762966420987,0.008624862067464361,0.0577942202572254,0.08487251990295755,0.002564770272121309,0.005373906476545299,0.017144344728899526,0.00029524078980334577,0.022957632585422,0.0003952407898033455,0.11410486833994138,0.08097794455209148,0.034807972029554435,0.05109320676571727,4.2867905368795825e-06,553.2017433733988,2130.0482885378015,2683.2500319112,0.20616854068547966,0.0035967974011143944,0.07254340057829436,0.07614019797940876,0.04723913906931405,5.5320174337339885e-06,2.1300482885378015e-05,2.6832500319112003e-05,0.20616854068547963,0.0036387758048793163,0.07273297628366497,0.07637175208854428,0.047645571894966786
PD,1300,8,6,8,0.01,0.01,246.71575101901217,230.67201768003505,95.05875055604855,263.5572610292265,371.58211652896165,0.2788163706760183,0.00043431093191950774,0.006370983059558549,0.006858556738180567,0.0703163404935154,9.505875055604855e-07,2.6355726102922655e-06,3.7158211652896167e-06,0.27881637067601833,0.00043767753730385574,0.0063913109714681254,0.006882225729479552,0.0706664247492985,0.06983997353370397,0.002153340861172891,0.004648521880680708,0.010372101065210505,8.655797441942051e-05,0.020935176117378714,0.0001865579744194204,0.05036711484615572,0.052012423987505635,0.021149832760343656,0.05109214172713842,5.065603302884829e-06,840.7513319666931,2311.9470204167465,3152.6983523834397,0.266676744170937,0.0035657995976151663,0.058598096692092864,0.06216389628970803,0.057361262894416204,8.407513319666934e-06,2.3119470204167472e-05,3.1526983523834406e-05,0.266676744170937,0.003585373758065111,0.05874194502348331,0.06232731878154841,0.057524915689563354
S,10,8,2,3,0.0015400000000000001,0.01,215.0655767009902,297.1804669811082,44.82752569965034,61.21298257200054,105.11091466521609,0.4229850914133525,0.0004540582920747535,0.0007010966945607938,0.001157128519370405,0.3928689075745973,1.0631295994929076e-08,1.4517270946775655e-08,2.4928104522002652e-08,0.4229850914133524,0.0004537571184538272,0.0007008732244188953,0.0011568765178585506,0.3927781227568333,0.9069029807513149,0.003214268789970792,0.003390626942622108,-0.0027075578997942263,-7.297925946299554e-05,-0.002190121805218245,-5.7579259462995535e-05,-0.022345909480511808,-0.007804260168242894,-0.00505416314436502,0.00119671170477829,9.915737890743586e-06,307.91576160976376,529.920846651187,837.8366082609508,0.3675128999780599,0.003219046892821816,0.006091631082463019,0.009310677975284837,0.3457371097321554,7.302530202337159e-08,1.2567602799179555e-07,1.987013300151671e-07,0.3675128999780599,0.0032183094072514916,0.006089134764508128,0.009307444171759618,0.3457779974674889
S,50,8,7,7,0.007,0.01,237.93153242514205,273.0748769293659,49.03890196143785,60.079374011030964,109.1764428021473,0.4500565485701261,0.011552707141612346,0.013267474124405236,0.02475279558784778,0.4654520900121307,2.4029061961104556e-07,2.943889326540518e-07,5.34964569730522e-07,0.4500565485701261,0.0115629639769497,0.0132838722751493,0.024774252091823087,0.46536355002753116,0.9960090937785031,0.014993649264276925,0.015057563245488459,0.039055197323388066,0.0007652473942109402,0.04266212702992309,0.0008352473942109405,0.053714192049687526,0.11072410270163377,0.09018611347809724,0.023994563840838277,2.321635887223711e-06,359.6787143943417,509.8406910373261,869.5194054316678,0.4136523143100887,0.08244515105706483,0.11528595318512146,0.1977311042421863,0.4169559026792458,1.7624257005322746e-06,2.498219386082898e-06,4.260645086615173e-06,0.4136523143100887,0.08249126163254362,0.11541655215560652,0.19790781378815014,0.41681659785725367
S,100,8,0,0,0.007,0.01,100.76427187024763,404.7511806041081,18.026886084763824,97.15118268052193,115.41148123003343,0.15584514748776418,0.004764441965876517,0.01972936744372006,0.024452227627360823,0.19456078304730445,8.833174181534276e-08,4.760407951345575e-07,5.65516258027164e-07,0.15584514748776418,0.004754375154481569,0.019743560693584183,0.02445766216707474,0.1941177649087405,0.9774328931545149,0.016099978136160237,0.014163046289523425,-0.050819949249056806,-0.0027005312798986944,-0.04947097266955421,-0.0026305312798986947,-0.16540811787401472,0.11028748512271729,-0.09683603655009065,0.02471292184539993,2.441838556701426e-06,138.72756993364305,775.571236955176,914.2988068888191,0.15173110682021557,0.03712129505232702,0.15780492362517984,0.19492621867750684,0.19043767074629334,6.797650926748512e-07,3.8002990610803637e-06,4.480064153755214e-06,0.1517311068202156,0.03706768439811602,0.157915314839762,0.194982999237878,0.1901072634178413
S,200,8,0,0,0.007,0.01,77.73724966925452,425.9788951309316,10.06617200285955,131.5618244684652,142.82982975925376,0.07291943809294862,0.0037134171658666617,0.020672626126812074,0.024124810749450568,0.152250514511361,4.93242428140118e-08,6.446529398954796e-07,6.998661658203434e-07,0.07291943809294862,0.0037114647924823747,0.020700996845960717,0.024142141160460748,0.15200542773947223,0.9873519986247449,0.018878446661296525,0.012469059495768988,-0.005300140860342351,-0.0006470515159502804,-0.00478633875888516,-0.0005770515159502802,-0.034571308221376884,0.1318875194727248,-0.008113822069824472,0.02475656003812933,2.8068142172651685e-06,78.28768958358197,994.6744527574723,1072.9621423410542,0.07296407440132893,0.029844526215855916,0.16186557752366929,0.19171010373952524,0.15567529114900172,3.836096789595517e-07,4.873904818511614e-06,5.257514497471166e-06,0.07296407440132895,0.029835409157083423,0.16200172074057093,0.19183712989765433,0.15552468478339257
S,500,8,3,3,0.007,0.01,141.42339961356004,354.3549045162789,17.658973370958815,206.1012378883062,225.39956676908247,0.09841327059532673,0.006462046021546321,0.017202812713819897,0.023439946480076634,0.2730331575361132,8.652896951769824e-08,1.0098960656527006e-06,1.1044578771685042e-06,0.09841327059532676,0.0064606172570365866,0.01723017067514842,0.023457581637418415,0.27267362845586696,0.9782342222007527,0.018925939858689372,0.009207262601985997,-0.004221589688227808,-0.0002414586626587354,-0.00298829922945973,-0.00017145866265873578,-0.011922110552500205,0.16391132682070653,-0.0012172648124142427,0.0247973735802597,4.039022708336354e-06,148.92661267465502,1468.6680646885143,1617.5946773631695,0.09206670543539332,0.04779099173312611,0.13598925442792126,0.18378024616104735,0.2600442252713422,7.297404021058099e-07,7.1964735169737225e-06,7.926213919079531e-06,0.09206670543539335,0.04779029302688635,0.13614600937344415,0.18393630240033051,0.2598197985021606
S,900,8,5,5,0.007,0.01,189.51110627514765,293.2198361218068,26.7022291306872,272.47240425576035,304.35000541928014,0.1171127338351964,0.008893789148154526,0.014228831375843107,0.022874807367990455,0.38247243433065026,1.3084092274036731e-07,1.3351147808532258e-06,1.4913150265544727e-06,0.1171127338351964,0.00889157400698929,0.014239789738709265,0.02289403424677652,0.3820518523125346,0.9885544963380184,0.017861449865532026,0.007032958505149048,0.005768577320552368,0.00033412714712429694,0.006813622412804899,0.00040412714712429756,0.022329180266684182,0.10512245163878339,0.017287208619107375,0.024794162384354106,5.390541592284552e-06,248.70383105648838,1974.4458869003233,2223.1497179568114,0.11187003243535931,0.06493362472623183,0.11150925408672828,0.17644287881296014,0.36801499251814696,1.2186487721767935e-06,9.674784845811584e-06,1.0893433617988377e-05,0.11187003243535933,0.06493299361888072,0.11163943245743282,0.17657242607631354,0.36774141388767617
S,1300,8,3,4,0.007,0.01,227.35214144029155,241.92418073988006,36.01741558078632,293.40279116166727,332.58184472913,0.13117027729870417,0.010743544894320303,0.01171587116873219,0.022256910093036427,0.47309440964937066,1.76485336345853e-07,1.43767367669217e-06,1.6296510391727378e-06,0.13117027729870417,0.010750563475046826,0.011725526944449127,0.022275152817970746,0.4727882794217645,0.9836612216953777,0.016647386402550857,0.006010693154197383,-0.0029510901829658065,-0.00018314049005503045,-0.0009427518003529976,-0.00011314049005503017,-0.009878956242379267,0.09483588912346855,0.0014808159833550327,0.024785184400874218,6.370828358116868e-06,345.96214996402347,2257.010523080309,2602.9726730443326,0.13291040414934513,0.07736131246485839,0.09215005651333252,0.1695113689781909,0.4563783121520987,1.6952145348237155e-06,1.1059351563093518e-05,1.2754566097917234e-05,0.13291040414934513,0.07736729662384532,0.09226288513936123,0.16963018176320654,0.4560939322215983
SPD,10,8,1,1,0.0022,0.01,221.27571184346914,290.98155144443274,46.2379811857605,59.9396412468906,105.27397259346667,0.4356993450947487,4.226900172458399e-05,0.0006183644430043441,0.00066933520489256,0.0735167488119983,2.237918289390809e-08,2.9010786363495063e-08,5.095260273523788e-08,0.4356993450947487,4.227240885102628e-05,0.0006180975082937309,0.0006689395482198011,0.07343919594074358,0.1103129678799374,0.001052604579388595,0.0032094825304505243,-0.002065493115340557,-5.737586477249417e-05,-0.0010343443418390113,-3.537586477249418e-05,-0.05798445138970748,-0.00678280715783671,-0.0040918637063178664,0.002478837577128877,5.3333937955078124e-06,318.11676361181503,520.9425431657722,839.0593067775872,0.37913501589481746,0.0003494693612687334,0.006578111756084247,0.00692758111735298,0.050446087219872954,1.539685135881185e-07,2.521361908922338e-07,4.061047044803523e-07,0.3791350158948174,0.0003490225559037165,0.006574661695086674,0.006923684250990391,0.050409946966283294
SPD,50,8,4,5,0.01,0.01,156.42056056665035,355.48005588544754,29.71416485275677,74.33330795822559,104.49985658676042,0.2903087602764969,0.0004483437717662026,0.007872296123585643,0.008320639895351846,0.05180046641042978,2.9714164852756766e-07,7.433330795822559e-07,1.0449985658676043e-06,0.2903087602764969,0.0004482968032445874,0.007878952834589234,0.008327249637833822,0.05177182896932658,0.13038991886499204,0.003923674037366586,0.010467345413021082,0.0003101955482653628,1.5494687723511214e-06,0.0028873542420129314,0.0001015494687723513,0.0008084157408526403,0.024508921256454888,0.0010712992608716831,0.05117257555882869,1.3865298783000057e-06,228.310308684381,610.4081242902735,838.7184329746544,0.2722132955569374,0.004050580192359982,0.09284310818026016,0.09689368837262015,0.04180437611976158,2.28310308684381e-06,6.104081242902735e-06,8.387184329746544e-06,0.2722132955569374,0.004051395816531165,0.09286080449473624,0.09691220031126739,0.04180480686145492
SPD,100,8,5,7,0.01,0.01,123.90216525183399,386.2723669530324,25.438754945431764,87.96394165146843,113.9474796656662,0.21794576414522585,0.00031899894150797583,0.008068055445317534,0.00842428810049047,0.04125299517557135,2.5438754945431766e-07,8.796394165146844e-07,1.1394747966566622e-06,0.21794576414522582,0.00032005852249449474,0.008078683727946583,0.008435484494300352,0.041221720133416975,0.1343947137825767,0.0036012455820484115,0.009706430942058876,0.0009542286024848633,3.554941695001823e-05,0.0030231551780582795,0.0001355494169500184,0.008589842818584575,0.053213571284252345,0.002441698129704406,0.05116309080685169,1.5176163397906654e-06,195.8519629786233,703.8585886266128,899.7105516052359,0.21768330117857376,0.0029793030972067934,0.0825222441263633,0.08550154722357008,0.03484501969790663,1.9585196297862333e-06,7.038585886266127e-06,8.99710551605236e-06,0.2176833011785738,0.002984569279766779,0.08258342572770518,0.08556799500747195,0.0348795046501459
SPD,200,8,8,8,0.01,0.01,124.05509082949035,380.46821948909883,28.853486513037467,102.01784407003971,131.76578203748932,0.2267134114152326,0.0003424135210921949,0.008883009237164268,0.009225422758256465,0.03767171753072816,2.885348651303747e-07,1.020178440700397e-06,1.3176578203748932e-06,0.22671341141523266,0.00034363329268649275,0.008896997008529372,0.009240630301215864,0.037752958325551075,0.12573401640258489,0.003625386042225373,0.009261263816513316,0.006808656978548816,0.0002216168708607281,0.00980690742177973,0.0003216168708607277,0.06982144392050962,0.05556232618425812,0.013926035135458648,0.05114122887882849,1.7873601834124889e-06,219.13500806607522,813.7436898036593,1032.8786978697344,0.21215948060312528,0.003027467407305532,0.08518915142573512,0.08821661883304065,0.03431856091690996,2.191350080660752e-06,8.137436898036595e-06,1.0328786978697346e-05,0.2121594806031252,0.0030452685029674353,0.08529370878308039,0.08833897728604781,0.03447253518802512
SPD,500,8,6,8,0.01,0.01,200.42632837536013,300.3057433968576,56.45107013660228,132.12984475274519,187.38494046637024,0.29953624988312416,0.00038742541316173285,0.006839106274879321,0.007226531688041054,0.05441007160727951,5.64510701366023e-07,1.321298447527452e-06,1.8738494046637029e-06,0.2995362498831242,0.00039164206761597466,0.006855362959825291,0.0072470050274412645,0.054886140308282524,0.09595567903039798,0.0027072528460847364,0.0073082872600786965,0.019353310752227577,0.00034268434099311217,0.02499841776588781,0.00044268434099311227,0.14823695762155478,0.05042482848925063,0.03900973902409888,0.051122638487176575,2.7030325571983485e-06,441.3185678208348,1081.2205696544693,1522.5391374753042,0.28985696128155725,0.003249491802441896,0.06840921661884872,0.0716587084212906,0.04534678162684322,4.413185678208349e-06,1.0812205696544693e-05,1.5225391374753041e-05,0.28985696128155736,0.0032800035152573638,0.06853706376544107,0.07181706728069844,0.04567164379516369
SPD,900,8,8,8,0.01,0.01,240.7977740956936,252.27645015283488,90.34188672734109,156.07431016167854,239.9405504534952,0.36093431573213836,0.0003865880659044319,0.00499641373195207,0.0053576762732868806,0.06763872849936783,9.034188672734108e-07,1.5607431016167858e-06,2.3994055045349525e-06,0.3609343157321383,0.0003885480905720064,0.0050105120341071225,0.005375092535632635,0.06811390384963711,0.07319510329417948,0.001968673421740044,0.005804438733560806,0.015627619614205245,0.00018373244824708066,0.02410435878755962,0.0002837324482470804,0.08717384343146811,0.05148241929896882,0.03165029308679124,0.0511279144455177,3.5764141092382513e-06,736.5051412496521,1338.59808893203,2075.103230181682,0.35492457943172717,0.0031253922132665336,0.05418020264695516,0.057305594860221694,0.05453904144769649,7.36505141249652e-06,1.3385980889320304e-05,2.0751032301816822e-05,0.3549245794317271,0.003168912549014096,0.054291807456611635,0.05746072000562573,0.055149196680860275
SPD,1300,8,6,8,0.01,0.01,279.88752344823024,205.2316419126973,122.27832566106744,160.92479351135614,273.9014684330064,0.41718446145426774,0.00035789507038825214,0.004030378710058698,0.004377754936320529,0.0793140056275641,1.2227832566106745e-06,1.6092479351135612e-06,2.739014684330064e-06,0.41718446145426774,0.00036110083550269215,0.004042208917278017,0.004394358588199277,0.08009954906036437,0.06251365846082628,0.0016088894826574197,0.0050602362253168755,0.01743432125312226,0.0001360398900939067,0.02950582048425869,0.0002360398900939064,0.08873773527755033,0.031044868652105893,0.03516980604901221,0.0511302267649186,4.22808497493949e-06,1028.5767127394863,1443.073008147423,2471.649720886909,0.4161498710951644,0.0029688018579758376,0.04455059939554766,0.047519401253523504,0.0624755737585331,1.0285767127394862e-05,1.4430730081474232e-05,2.4716497208869094e-05,0.4161498710951643,0.003005755316773634,0.044633471430623683,0.047639226747397324,0.06309412477896374
