label,bank,metric,tokens,mean,sd_across_sequences,min,max,sequences,negative_sequences,positive_sequences,zero_sequences
e028_b09,all,nll_base,8192,5.226256788108444,0.3428856646197241,4.591820295996355,5.884170238333398,16,0,16,0
e028_b09,all,nll_Q,8192,5.214727560768177,0.34147852451833155,4.585201111199424,5.872847312390133,16,0,16,0
e028_b09,all,nll_R,8192,5.1783487154440015,0.33825184886087395,4.556513281306186,5.80894101083943,16,0,16,0
e028_b09,all,nll_full,8192,5.176188156421366,0.3379573500735043,4.555797587203026,5.80569566096952,16,0,16,0
e028_b09,all,delta_nll_Q_alone,8192,-0.01152922734026738,0.004105810609970009,-0.0213420699294308,-0.006573889393433396,16,16,0,0
e028_b09,all,delta_nll_R_alone,8192,-0.047908072664442414,0.02570963470640933,-0.09066228433913061,0.0014361478458150643,16,15,1,0
e028_b09,all,delta_nll_full,8192,-0.05006863168707838,0.026808554136579177,-0.0927996527434024,0.0010615317863420914,16,15,1,0
e028_b09,all,delta_nll_Q_last,8192,-0.0021605590226359784,0.0019721737002167303,-0.006217274114534882,0.001639557409080303,16,14,2,0
e028_b09,all,delta_nll_R_last,8192,-0.03853940434681101,0.023781547215276748,-0.07671283239886867,0.00763542117977549,16,15,1,0
e028_b09,all,forward_kl_Q,8192,0.0007694927379485645,0.0002791685657587769,0.00047187965814712857,0.0013961593758122929,16,0,16,0
e028_b09,all,forward_kl_R,8192,0.0719198626964628,0.01414698941783789,0.05002917629368299,0.08923555657409626,16,0,16,0
e028_b09,all,forward_kl_full,8192,0.08129372632104495,0.016668323511361407,0.05600226607526533,0.10099183811155114,16,0,16,0
e028_b09,all,conditional_kl_Q_last,8192,0.0007329287633517091,0.0002447911924184497,0.00046545358941614144,0.0012752378785102151,16,0,16,0
e028_b09,all,conditional_kl_R_last,8192,0.07081983017309643,0.01398035793786,0.04890455029332429,0.08844905746166172,16,0,16,0
e028_b09,all,finite_label_linear_Q,8192,-0.012298720078215942,0.004363630029793373,-0.022738229305243093,-0.007091064455077978,16,16,0,0
e028_b09,all,finite_label_linear_R,8192,-0.11982793536090522,0.03550030857264073,-0.17240909874701418,-0.04859302844786793,16,16,0,0
e028_b09,all,finite_label_linear_full,8192,-0.13136235800812335,0.038463972607665105,-0.19220661587844284,-0.05494073428892324,16,16,0,0
e028_b09,all,interaction,8192,0.009368668317631399,0.0032475678481693328,0.005717395281707682,0.015124795814895918,16,0,16,0
e028_b09,all,overlap,8192,0.009550894969026079,0.003106306700143461,0.005777191038739441,0.01561010518468572,16,0,16,0
e028_b09,all,mixed_loss,8192,-0.00018222665139468186,0.0007066715741121283,-0.0017331058966294538,0.0011805551287651078,16,9,7,0
e028_b09,all,J_direct,8192,0.0007642974309978144,0.0011737005386276578,-0.0009508843647854726,0.002561170386645385,16,5,11,0
e028_b09,all,KL_add,8192,0.08224025040343744,0.016933012947857894,0.05712256815158739,0.10345895047968291,16,0,16,0
e028_b09,all,base_entropy,8192,5.992429640301509,0.25980789416685446,5.595229908983551,6.4769256156245145,16,0,16,0
e028_b09,all,response_variance_Q,8192,0.0015342153763622008,0.0005499351209901788,0.0009454764826852903,0.0027560891706128353,16,0,16,0
e028_b09,all,response_variance_R,8192,0.14733391837018406,0.02825687055955708,0.1025352258312253,0.18891224122159953,16,0,16,0
e028_b09,all,response_variance_full,8192,0.16630776015976573,0.032904479074445006,0.1147144549982547,0.2112433664873486,16,0,16,0
e028_b09,all,response_covariance_Q_R,8192,0.009770332426642787,0.0029087419719219096,0.006220159594961706,0.015254173768548245,16,0,16,0
e028_b09,all,response_twice_covariance_Q_R,8192,0.019540664853285573,0.005817483943843819,0.012440319189923412,0.03050834753709649,16,0,16,0
e028_b09,all,response_covariance_Q_full,8192,0.011203306392491173,0.0033499996629541705,0.007158800283642217,0.017731952146311195,16,0,16,0
e028_b09,all,response_covariance_R_full,8192,0.1560980729149074,0.03040175603277308,0.10811531022358421,0.1993813641567458,16,0,16,0
e028_b09,all,response_variance_additive,8192,0.16840879859983182,0.033352722708365826,0.11691037474883315,0.211592621519205,16,0,16,0
e028_b09,all,response_variance_mixed,8192,0.00011380014480040127,5.8994949447132586e-05,4.653965619682974e-05,0.00023821623177997203,16,0,16,0
e028_b09,all,response_covariance_additive_mixed,8192,-0.0011074192924332418,0.0009036399599501677,-0.002858367660667652,0.0002642119417978767,16,14,2,0
e028_b09,all,response_twice_covariance_additive_mixed,8192,-0.0022148385848664836,0.0018072799199003353,-0.005716735321335304,0.0005284238835957534,16,14,2,0
e028_b09,all,symmetric_improvement_credit_Q,8192,0.006844893181451678,0.002781528483094974,0.003044947418035537,0.013779672021982842,16,0,16,0
e028_b09,all,symmetric_improvement_credit_R,8192,0.043223738505626705,0.02471106995078534,-0.004535784512795277,0.08368755836899963,16,1,15,0
e028_b09,bank0,nll_base,4096,5.063700177275869,0.4069687606658275,4.591820295996355,5.884170238333398,8,0,8,0
e028_b09,bank0,nll_Q,4096,5.053870037888457,0.40590415284583536,4.585201111199424,5.872847312390133,8,0,8,0
e028_b09,bank0,nll_R,4096,5.013467429489588,0.3946800280074373,4.556513281306186,5.80894101083943,8,0,8,0
e028_b09,bank0,nll_full,4096,5.011815803146229,0.3941698009569985,4.555797587203026,5.80569566096952,8,0,8,0
e028_b09,bank0,delta_nll_Q_alone,4096,-0.009830139387413282,0.0021039216449662956,-0.012129827323982108,-0.00661918479693085,8,8,0,0
e028_b09,bank0,delta_nll_R_alone,4096,-0.05023274778628137,0.017007767397721106,-0.0752292274939681,-0.0331238060488796,8,8,0,0
e028_b09,bank0,delta_nll_full,4096,-0.051884374129640705,0.018356606297354375,-0.07847457736387801,-0.031484248639799296,8,8,0,0
e028_b09,bank0,delta_nll_Q_last,4096,-0.0016516263433593368,0.0020514679305656154,-0.004117054608955281,0.001639557409080303,8,6,2,0
e028_b09,bank0,delta_nll_R_last,4096,-0.04205423474222743,0.016662977859631542,-0.0671516514206121,-0.02375479639464792,8,8,0,0
e028_b09,bank0,forward_kl_Q,4096,0.0006376544442795397,0.00015867562284922572,0.00047187965814712857,0.000977183587777897,8,0,8,0
e028_b09,bank0,forward_kl_R,4096,0.0715645905130586,0.014684476941670953,0.05272346909889369,0.08923555657409626,8,0,8,0
e028_b09,bank0,forward_kl_full,4096,0.08001716304832904,0.016488241653544726,0.058672990425079605,0.09937875808323579,8,0,8,0
e028_b09,bank0,conditional_kl_Q_last,4096,0.0006319106952990095,0.00013516044266662753,0.00046545358941614144,0.0008575856091633009,8,0,8,0
e028_b09,bank0,conditional_kl_R_last,4096,0.07072639925615738,0.014725242326450184,0.0520128644280256,0.08844905746166172,8,0,8,0
e028_b09,bank0,finite_label_linear_Q,4096,-0.01046779383169282,0.002201487617677245,-0.012947331881611353,-0.007091064455077978,8,8,0,0
e028_b09,bank0,finite_label_linear_R,4096,-0.12179733829933997,0.02339824134795172,-0.1583762286063654,-0.0880304837890624,8,8,0,0
e028_b09,bank0,finite_label_linear_full,4096,-0.13190153717796974,0.0249163036299915,-0.17136216758283315,-0.09469569921840863,8,8,0,0
e028_b09,bank0,interaction,4096,0.008178513044053945,0.0016835214126916752,0.005717685562671961,0.010638615748501605,8,0,8,0
e028_b09,bank0,overlap,4096,0.008272513371254118,0.0018261048318946773,0.005777191038739441,0.010280700816382844,8,0,8,0
e028_b09,bank0,mixed_loss,4096,-9.40003272001807e-05,0.0008209687815071122,-0.0017331058966294538,0.0011805551287651078,8,4,4,0
e028_b09,bank0,J_direct,4096,0.0003635949530630589,0.0010665332018123953,-0.0009508843647854726,0.002174218447512876,8,3,5,0
e028_b09,bank0,KL_add,4096,0.08047475832859227,0.016341654297131677,0.058972539795780266,0.09909778978654238,8,0,8,0
e028_b09,bank0,base_entropy,4096,5.965158837810761,0.287133281414929,5.595229908983551,6.4769256156245145,8,0,8,0
e028_b09,bank0,response_variance_Q,4096,0.0012764728922602352,0.0003175850323756838,0.0009454764826852903,0.001959490430055367,8,0,8,0
e028_b09,bank0,response_variance_R,4096,0.14892044145726263,0.030809059148440558,0.11094508459970129,0.18891224122159953,8,0,8,0
e028_b09,bank0,response_variance_full,4096,0.16654902354955606,0.03467697707703744,0.12364220615365776,0.2112433664873486,8,0,8,0
e028_b09,bank0,response_covariance_Q_R,4096,0.008700587798371455,0.0018630212129208184,0.006220159594961706,0.010739846030607661,8,0,8,0
e028_b09,bank0,response_twice_covariance_Q_R,4096,0.01740117559674291,0.003726042425841637,0.012440319189923412,0.021479692061215323,8,0,8,0
e028_b09,bank0,response_covariance_Q_full,4096,0.009939806308096771,0.002096245813517108,0.007158800283642217,0.012517690795395867,8,0,8,0
e028_b09,bank0,response_covariance_R_full,4096,0.1570915938494933,0.03264066629722211,0.11680447310124323,0.1993813641567458,8,0,8,0
e028_b09,bank0,response_variance_additive,4096,0.16759808994626574,0.03428249620039772,0.12433088027230997,0.21077286513300003,8,0,8,0
e028_b09,bank0,response_variance_mixed,4096,8.431318064167523e-05,3.24637164005804e-05,4.653965619682974e-05,0.0001450043452245879,8,0,8,0
e028_b09,bank0,response_covariance_additive_mixed,4096,-0.0005666897886756831,0.0006064513882413364,-0.0013233239589484414,0.0002642119417978767,8,6,2,0
e028_b09,bank0,response_twice_covariance_additive_mixed,4096,-0.0011333795773513663,0.0012129027764826727,-0.002646647917896883,0.0005284238835957534,8,6,2,0
e028_b09,bank0,symmetric_improvement_credit_Q,4096,0.005740882865386309,0.0018997216618232742,0.003044947418035537,0.008123440966468694,8,0,8,0
e028_b09,bank0,symmetric_improvement_credit_R,4096,0.046143491264254405,0.016815199386746214,0.02843930122176376,0.07119043945729012,8,0,8,0
e028_b09,bank1,nll_base,4096,5.388813398941019,0.16097881507227793,5.19779739744316,5.610499126232783,8,0,8,0
e028_b09,bank1,nll_Q,4096,5.375585083647897,0.16115839096712442,5.188825788567607,5.593649115477235,8,0,8,0
e028_b09,bank1,nll_R,4096,5.343230001398415,0.16511252093372822,5.1344152551036135,5.575748136687121,8,0,8,0
e028_b09,bank1,nll_full,4096,5.340560509696502,0.1661954119986967,5.128197980989079,5.575373520627649,8,0,8,0
e028_b09,bank1,delta_nll_Q_alone,4096,-0.013228315293121474,0.00500983902667666,-0.0213420699294308,-0.006573889393433396,8,8,0,0
e028_b09,bank1,delta_nll_R_alone,4096,-0.045583397542603446,0.03338833170289255,-0.09066228433913061,0.0014361478458150643,8,7,1,0
e028_b09,bank1,delta_nll_full,4096,-0.04825288924451606,0.034576980224735814,-0.0927996527434024,0.0010615317863420914,8,7,1,0
e028_b09,bank1,delta_nll_Q_last,4096,-0.0026694917019126204,0.0018799009211678019,-0.006217274114534882,-0.000374616059472969,8,8,0,0
e028_b09,bank1,delta_nll_R_last,4096,-0.03502457395139459,0.030100264540593263,-0.07671283239886867,0.00763542117977549,8,7,1,0
e028_b09,bank1,forward_kl_Q,4096,0.0009013310316175896,0.00031952627385152977,0.0005472352031946736,0.0013961593758122929,8,0,8,0
e028_b09,bank1,forward_kl_R,4096,0.07227513487986698,0.014592576925488931,0.05002917629368299,0.0890761573492409,8,0,8,0
e028_b09,bank1,forward_kl_full,4096,0.08257028959376086,0.017882100067558727,0.05600226607526533,0.10099183811155114,8,0,8,0
e028_b09,bank1,conditional_kl_Q_last,4096,0.0008339468314044087,0.00029463975589625387,0.0004657674459499202,0.0012752378785102151,8,0,8,0
e028_b09,bank1,conditional_kl_R_last,4096,0.07091326109003546,0.014211600496333346,0.04890455029332429,0.08634010111897453,8,0,8,0
e028_b09,bank1,finite_label_linear_Q,4096,-0.014129646324739061,0.005319190549522389,-0.022738229305243093,-0.007162178869891995,8,8,0,0
e028_b09,bank1,finite_label_linear_R,4096,-0.11785853242247044,0.046305936023533424,-0.17240909874701418,-0.04859302844786793,8,8,0,0
e028_b09,bank1,finite_label_linear_full,4096,-0.13082317883827693,0.05048585530131829,-0.19220661587844284,-0.05494073428892324,8,8,0,0
e028_b09,bank1,interaction,4096,0.010558823591208853,0.004065485918847316,0.005717395281707682,0.015124795814895918,8,0,8,0
e028_b09,bank1,overlap,4096,0.010829276566798038,0.003688715525152488,0.006206787527648517,0.01561010518468572,8,0,8,0
e028_b09,bank1,mixed_loss,4096,-0.0002704529755891831,0.0006150842421876418,-0.0012724662732407585,0.0005592938652746694,8,5,3,0
e028_b09,bank1,J_direct,4096,0.0011649999089325697,0.001203099758865559,-0.0004562114490401275,0.002561170386645385,8,2,6,0
e028_b09,bank1,KL_add,4096,0.08400574247828262,0.018445614499908537,0.05712256815158739,0.10345895047968291,8,0,8,0
e028_b09,bank1,base_entropy,4096,6.019700442792258,0.24596292760805213,5.6445875466785065,6.352104163480853,8,0,8,0
e028_b09,bank1,response_variance_Q,4096,0.0017919578604641663,0.0006287753153298378,0.0011034641739917429,0.0027560891706128353,8,0,8,0
e028_b09,bank1,response_variance_R,4096,0.14574739528310549,0.027495717172771692,0.1025352258312253,0.18164052238462078,8,0,8,0
e028_b09,bank1,response_variance_full,4096,0.16606649676997542,0.033428368287658085,0.1147144549982547,0.2060702373499361,8,0,8,0
e028_b09,bank1,response_covariance_Q_R,4096,0.01084007705491412,0.0034704076437030063,0.006530251663268642,0.015254173768548245,8,0,8,0
e028_b09,bank1,response_twice_covariance_Q_R,4096,0.02168015410982824,0.0069408152874060125,0.013060503326537284,0.03050834753709649,8,0,8,0
e028_b09,bank1,response_covariance_Q_full,4096,0.012466806476885575,0.004000621757745827,0.007533012596059981,0.017731952146311195,8,0,8,0
e028_b09,bank1,response_covariance_R_full,4096,0.15510455198032153,0.030214274139169422,0.10811531022358421,0.1929449118253162,8,0,8,0
e028_b09,bank1,response_variance_additive,4096,0.1692195072533979,0.03474091635535759,0.11691037474883315,0.211592621519205,8,0,8,0
e028_b09,bank1,response_variance_mixed,4096,0.0001432871089591273,6.645848740972159e-05,7.607616490241436e-05,0.00023821623177997203,8,0,8,0
e028_b09,bank1,response_covariance_additive_mixed,4096,-0.0016481487961908007,0.0008447975509332627,-0.002858367660667652,-0.0003998836767133919,8,8,0,0
e028_b09,bank1,response_twice_covariance_additive_mixed,4096,-0.0032962975923816014,0.0016895951018665253,-0.005716735321335304,-0.0007997673534267838,8,8,0,0
e028_b09,bank1,symmetric_improvement_credit_Q,4096,0.007948903497517047,0.003191271429105271,0.003474252726453183,0.013779672021982842,8,0,8,0
e028_b09,bank1,symmetric_improvement_credit_R,4096,0.04030398574699902,0.03172177904404089,-0.004535784512795277,0.08368755836899963,8,1,7,0
e028_b08,all,nll_base,8192,5.086583388959076,0.3551325360742196,4.423359577151167,5.6907690925735785,16,0,16,0
e028_b08,all,nll_Q,8192,5.071873108530234,0.3522748341422136,4.415261198841183,5.675892899694726,16,0,16,0
e028_b08,all,nll_R,8192,5.05030762927721,0.34146393604923175,4.417021433925603,5.650813638935021,16,0,16,0
e028_b08,all,nll_full,8192,5.051409455895671,0.3396441582855334,4.421014932316682,5.648626536952108,16,0,16,0
e028_b08,all,delta_nll_Q_alone,8192,-0.014710280428841442,0.005637071621715887,-0.025961032873288842,-0.00799498939925678,16,16,0,0
e028_b08,all,delta_nll_R_alone,8192,-0.03627575968186532,0.03057485007140411,-0.10394630744045848,-4.5368949750044726e-05,16,16,0,0
e028_b08,all,delta_nll_full,8192,-0.0351739330634039,0.03344050485565057,-0.10649477693410057,0.0076816612216427825,16,14,2,0
e028_b08,all,delta_nll_Q_last,8192,0.0011018266184614274,0.0035075206682525003,-0.006062476443032547,0.007727030171392825,16,6,10,0
e028_b08,all,delta_nll_R_last,8192,-0.020463652634562457,0.028381924613984554,-0.08053374406081172,0.015676650620899554,16,12,4,0
e028_b08,all,forward_kl_Q,8192,0.0013277030066303742,0.00046340088469696254,0.000808340845876089,0.0026434843762459083,16,0,16,0
e028_b08,all,forward_kl_R,8192,0.09758413933952352,0.009340426585657499,0.07980334261256893,0.10918101240235163,16,0,16,0
e028_b08,all,forward_kl_full,8192,0.1118789911893288,0.011395764756147788,0.09009481080689102,0.12844301281763293,16,0,16,0
e028_b08,all,conditional_kl_Q_last,8192,0.0010651287324720403,0.000270596203458843,0.0007542378462846912,0.0017590447178757673,16,0,16,0
e028_b08,all,conditional_kl_R_last,8192,0.09490788158499801,0.00871655615642198,0.07721625079007259,0.10631947010636339,16,0,16,0
e028_b08,all,finite_label_linear_Q,8192,-0.016037983435471817,0.0060501920197540025,-0.028604517249534753,-0.008906719155860327,16,16,0,0
e028_b08,all,finite_label_linear_R,8192,-0.13385989902138884,0.03411972735723493,-0.21312731984281014,-0.09010326763964852,16,16,0,0
e028_b08,all,finite_label_linear_full,8192,-0.1470529242527327,0.038123021462494196,-0.23493778975173352,-0.09977338976358896,16,16,0,0
e028_b08,all,interaction,8192,0.01581210704730287,0.003220573464238838,0.01139037859325209,0.023412563379646752,16,0,16,0
e028_b08,all,overlap,8192,0.015752752044870463,0.003268307030773555,0.011519169932582769,0.023200054802527785,16,0,16,0
e028_b08,all,mixed_loss,8192,5.935500243240272e-05,0.000963640726066638,-0.0018757015475129124,0.001297697940336034,16,6,10,0
e028_b08,all,J_direct,8192,0.0028449582041279488,0.0020753329877927157,-0.00044768350506421754,0.006890269506972041,16,1,15,0
e028_b08,all,KL_add,8192,0.11466459439102436,0.012427707702071899,0.092289664922032,0.13502455158112533,16,0,16,0
e028_b08,all,base_entropy,8192,5.455010876210588,0.17511763524252666,5.221280575928924,5.870090982718991,16,0,16,0
e028_b08,all,response_variance_Q,8192,0.0026582701961273478,0.0009359068357838848,0.0016168252775194038,0.005341853908191218,16,0,16,0
e028_b08,all,response_variance_R,8192,0.19497934505808065,0.019011485951299964,0.1626742173868089,0.22193777295402706,16,0,16,0
e028_b08,all,response_variance_full,8192,0.22378819069989403,0.022930196919899132,0.18414770849779227,0.25872720328271104,16,0,16,0
e028_b08,all,response_covariance_Q_R,8192,0.016098085476619076,0.0033049198781883366,0.0117760446252938,0.024426290226565516,16,0,16,0
e028_b08,all,response_twice_covariance_Q_R,8192,0.03219617095323815,0.006609839756376673,0.0235520892505876,0.04885258045313103,16,0,16,0
e028_b08,all,response_covariance_Q_full,8192,0.018317844161250027,0.0038549610406389016,0.01329001674889536,0.028315593379206645,16,0,16,0
e028_b08,all,response_covariance_R_full,8192,0.2083174595193463,0.020777684786170387,0.17263391190179347,0.2371443881515679,16,0,16,0
e028_b08,all,response_variance_additive,8192,0.22983378620744613,0.02522906621741858,0.18916540589227887,0.2733662528771772,16,0,16,0
e028_b08,all,response_variance_mixed,8192,0.0003513695461475401,0.0002558809528082398,0.00015813096649560965,0.001173493098339134,16,0,16,0
e028_b08,all,response_covariance_additive_mixed,8192,-0.003198482526849817,0.0021567939959809043,-0.007906271346402635,-0.0006299947694782297,16,16,0,0
e028_b08,all,response_twice_covariance_additive_mixed,8192,-0.006396965053699634,0.0043135879919618085,-0.01581254269280527,-0.0012599895389564593,16,16,0,0
e028_b08,all,symmetric_improvement_credit_Q,8192,0.006804226905190006,0.004409831685410078,0.00013397961393197752,0.01486692594666049,16,0,16,0
e028_b08,all,symmetric_improvement_credit_R,8192,0.028369706158213888,0.029454787853280002,-0.007815640835574754,0.0922400257506351,16,2,14,0
e028_b08,bank0,nll_base,4096,4.901829409231243,0.4043727172478273,4.423359577151167,5.6907690925735785,8,0,8,0
e028_b08,bank0,nll_Q,4096,4.8899275689535155,0.40218390339810417,4.415261198841183,5.675892899694726,8,0,8,0
e028_b08,bank0,nll_R,4096,4.8808531856096415,0.3924871088282737,4.417021433925603,5.650813638935021,8,0,8,0
e028_b08,bank0,nll_full,4096,4.883383494309445,0.39012745050565256,4.421014932316682,5.648626536952108,8,0,8,0
e028_b08,bank0,delta_nll_Q_alone,4096,-0.011901840277727699,0.0030737493774687886,-0.016172953700612183,-0.00799498939925678,8,8,0,0
e028_b08,bank0,delta_nll_R_alone,4096,-0.020976223621601838,0.017347832652053176,-0.04092081449369286,-4.5368949750044726e-05,8,8,0,0
e028_b08,bank0,delta_nll_full,4096,-0.01844591492179839,0.01997598651804408,-0.04240956032438673,0.0076816612216427825,8,6,2,0
e028_b08,bank0,delta_nll_Q_last,4096,0.0025303086998034524,0.0031342885097251343,-0.002187101982912906,0.007727030171392825,8,2,6,0
e028_b08,bank0,delta_nll_R_last,4096,-0.006544074644070686,0.017364478755195586,-0.027266362742618188,0.015676650620899554,8,5,3,0
e028_b08,bank0,forward_kl_Q,4096,0.001130730736565897,0.0002017229935679947,0.000808340845876089,0.0013776706462569604,8,0,8,0
e028_b08,bank0,forward_kl_R,4096,0.09648235273755229,0.007953784917445793,0.08588560419363389,0.10830894470898354,8,0,8,0
e028_b08,bank0,forward_kl_full,4096,0.10980610200647933,0.009027818210304281,0.09822166538822541,0.12377232902488208,8,0,8,0
e028_b08,bank0,conditional_kl_Q_last,4096,0.0009006756431447739,0.00011976150654152969,0.0007875048155865646,0.0011019310522074272,8,0,8,0
e028_b08,bank0,conditional_kl_R_last,4096,0.09400497911579603,0.007534129923609899,0.08431918008359407,0.10631947010636339,8,0,8,0
e028_b08,bank0,finite_label_linear_Q,4096,-0.013032571014293597,0.0032163200801166407,-0.0174789720481627,-0.008906719155860327,8,8,0,0
e028_b08,bank0,finite_label_linear_R,4096,-0.11745857635915413,0.01730343931160784,-0.14202559126000197,-0.09400348044151649,8,8,0,0
e028_b08,bank0,finite_label_linear_full,4096,-0.1282520169282777,0.019534259651596584,-0.15653509465915894,-0.10156779654974327,8,8,0,0
e028_b08,bank0,interaction,4096,0.014432148977531154,0.001660436701877758,0.012091876701062798,0.016602709078132393,8,0,8,0
e028_b08,bank0,overlap,4096,0.014289819796985327,0.0018391973048173037,0.011834963976622379,0.016175125732926288,8,0,8,0
e028_b08,bank0,mixed_loss,4096,0.00014232918054580035,0.0007341048026994486,-0.0014497147158309843,0.0008684477046108189,8,2,6,0
e028_b08,bank0,J_direct,4096,0.0022391304451699935,0.0008589657847592533,0.0013424030476335436,0.0037267687398024477,8,0,8,0
e028_b08,bank0,KL_add,4096,0.11190290327110353,0.009327104108317764,0.09905828068800926,0.1248730310103123,8,0,8,0
e028_b08,bank0,base_entropy,4096,5.469917947591315,0.23111282648601553,5.2822015431244385,5.870090982718991,8,0,8,0
e028_b08,bank0,response_variance_Q,4096,0.0022738112843405612,0.00040596712064773494,0.0016168252775194038,0.0027950675687888095,8,0,8,0
e028_b08,bank0,response_variance_R,4096,0.19455334514025246,0.01803869911864916,0.17323933768520228,0.22193777295402706,8,0,8,0
e028_b08,bank0,response_variance_full,4096,0.22211163083748037,0.020493705695564888,0.19624341879076973,0.25402976333008215,8,0,8,0
e028_b08,bank0,response_covariance_Q_R,4096,0.015036268098953,0.002019922114047171,0.0117760446252938,0.017300446687127158,8,0,8,0
e028_b08,bank0,response_twice_covariance_Q_R,4096,0.030072536197906,0.004039844228094342,0.0235520892505876,0.034600893374254316,8,0,8,0
e028_b08,bank0,response_covariance_Q_full,4096,0.01701554540407614,0.0022432056416502085,0.01329001674889536,0.019353508923336423,8,0,8,0
e028_b08,bank0,response_covariance_R_full,4096,0.20736822326085075,0.01919919740326822,0.18394562900268818,0.23691073182330058,8,0,8,0
e028_b08,bank0,response_variance_additive,4096,0.22689969262249904,0.021361910028479127,0.19840825221330927,0.25747161581267847,8,0,8,0
e028_b08,bank0,response_variance_mixed,4096,0.0002437861301256182,6.490178011996237e-05,0.00015813096649560965,0.0003570083949823063,8,0,8,0
e028_b08,bank0,response_covariance_additive_mixed,4096,-0.0025159239575721485,0.0013282136148537792,-0.005025153902532959,-0.0011251730013960616,8,8,0,0
e028_b08,bank0,response_twice_covariance_additive_mixed,4096,-0.005031847915144297,0.0026564272297075584,-0.010050307805065918,-0.002250346002792123,8,8,0,0
e028_b08,bank0,symmetric_improvement_credit_Q,4096,0.004685765788962123,0.0029910846425012304,0.00013397961393197752,0.008830849765653025,8,0,8,0
e028_b08,bank0,symmetric_improvement_credit_R,4096,0.013760149132836262,0.017336289902150488,-0.007815640835574754,0.03361090819058755,8,2,6,0
e028_b08,bank1,nll_base,4096,5.271337368686908,0.1694618301280801,5.091201999356212,5.513385431612917,8,0,8,0
e028_b08,bank1,nll_Q,4096,5.253818648106952,0.16883350485497375,5.080432966833342,5.489812913903203,8,0,8,0
e028_b08,bank1,nll_R,4096,5.2197620729447785,0.17370107512616662,5.011796128601306,5.478523976751408,8,0,8,0
e028_b08,bank1,nll_full,4096,5.219435417481899,0.17454133367380975,5.009247659107664,5.4838570929483925,8,0,8,0
e028_b08,bank1,delta_nll_Q_alone,4096,-0.017518720579955183,0.006373110062247988,-0.025961032873288842,-0.00991931796065805,8,8,0,0
e028_b08,bank1,delta_nll_R_alone,4096,-0.05157529574212881,0.0341644717521376,-0.10394630744045848,-0.0102999250270796,8,8,0,0
e028_b08,bank1,delta_nll_full,4096,-0.05190195120500941,0.03684621468888174,-0.10649477693410057,-0.009678578956697922,8,8,0,0
e028_b08,bank1,delta_nll_Q_last,4096,-0.0003266554628805975,0.003446016135242635,-0.006062476443032547,0.005333116196984182,8,4,4,0
e028_b08,bank1,delta_nll_R_last,4096,-0.03438323062505423,0.03133290007984974,-0.08053374406081172,0.0010904535661724881,8,7,1,0
e028_b08,bank1,forward_kl_Q,4096,0.0015246752766948518,0.0005751386582308435,0.0009671523768802849,0.0026434843762459083,8,0,8,0
e028_b08,bank1,forward_kl_R,4096,0.09868592594149474,0.01099604949177795,0.07980334261256893,0.10918101240235163,8,0,8,0
e028_b08,bank1,forward_kl_full,4096,0.11395188037217827,0.013673182256643844,0.09009481080689102,0.12844301281763293,8,0,8,0
e028_b08,bank1,conditional_kl_Q_last,4096,0.001229581821799307,0.00028415733904272754,0.0007542378462846912,0.0017590447178757673,8,0,8,0
e028_b08,bank1,conditional_kl_R_last,4096,0.09581078405419999,0.010207068605192705,0.07721625079007259,0.10475795445729248,8,0,8,0
e028_b08,bank1,finite_label_linear_Q,4096,-0.019043395856650033,0.006888284951299949,-0.028604517249534753,-0.010947564206128215,8,8,0,0
e028_b08,bank1,finite_label_linear_R,4096,-0.15026122168362355,0.039753561707053325,-0.21312731984281014,-0.09010326763964852,8,8,0,0
e028_b08,bank1,finite_label_linear_full,4096,-0.1658538315771877,0.04387282680158158,-0.23493778975173352,-0.09977338976358896,8,8,0,0
e028_b08,bank1,interaction,4096,0.017192065117074586,0.0038879576515650433,0.01139037859325209,0.023412563379646752,8,0,8,0
e028_b08,bank1,overlap,4096,0.017215684292755596,0.0038229794558375368,0.011519169932582769,0.023200054802527785,8,0,8,0
e028_b08,bank1,mixed_loss,4096,-2.3619175680994904e-05,0.001198005919187099,-0.0018757015475129124,0.001297697940336034,8,4,4,0
e028_b08,bank1,J_direct,4096,0.003450785963085904,0.002766325908937592,-0.00044768350506421754,0.006890269506972041,8,1,7,0
e028_b08,bank1,KL_add,4096,0.11742628551094518,0.015050978506968897,0.092289664922032,0.13502455158112533,8,0,8,0
e028_b08,bank1,base_entropy,4096,5.440103804829859,0.108591824340464,5.221280575928924,5.5949005932798315,8,0,8,0
e028_b08,bank1,response_variance_Q,4096,0.0030427291079141343,0.0011723127617808366,0.0019390486023162876,0.005341853908191218,8,0,8,0
e028_b08,bank1,response_variance_R,4096,0.19540534497590883,0.02118248162655448,0.1626742173868089,0.21917181851585493,8,0,8,0
e028_b08,bank1,response_variance_full,4096,0.22546475056230775,0.026462889115215046,0.18414770849779227,0.25872720328271104,8,0,8,0
e028_b08,bank1,response_covariance_Q_R,4096,0.017159902854285147,0.004092458836423231,0.012276069951576853,0.024426290226565516,8,0,8,0
e028_b08,bank1,response_twice_covariance_Q_R,4096,0.034319805708570295,0.008184917672846462,0.024552139903153705,0.04885258045313103,8,0,8,0
e028_b08,bank1,response_covariance_Q_full,4096,0.019620142918423913,0.004789144803922284,0.013921247925287358,0.028315593379206645,8,0,8,0
e028_b08,bank1,response_covariance_R_full,4096,0.20926669577784185,0.02354631217107237,0.17263391190179347,0.2371443881515679,8,0,8,0
e028_b08,bank1,response_variance_additive,4096,0.23276787979239325,0.029798192298828817,0.18916540589227887,0.2733662528771772,8,0,8,0
e028_b08,bank1,response_variance_mixed,4096,0.00045895296216946204,0.00033111352827876233,0.00018968781028032972,0.001173493098339134,8,0,8,0
e028_b08,bank1,response_covariance_additive_mixed,4096,-0.0038810410961274858,0.0026718951557114044,-0.007906271346402635,-0.0006299947694782297,8,8,0,0
e028_b08,bank1,response_twice_covariance_additive_mixed,4096,-0.0077620821922549715,0.005343790311422809,-0.01581254269280527,-0.0012599895389564593,8,8,0,0
e028_b08,bank1,symmetric_improvement_credit_Q,4096,0.00892268802141789,0.004739907790226386,0.0022931008818369335,0.01486692594666049,8,0,8,0
e028_b08,bank1,symmetric_improvement_credit_R,4096,0.04297926318359152,0.03272158041848127,0.004604735730453556,0.0922400257506351,8,0,8,0
e040_b09,all,nll_base,8192,5.207227003644176,0.3431458723599864,4.596102336402922,5.849200636321869,16,0,16,0
e040_b09,all,nll_Q,8192,5.196240830461889,0.3431399177821451,4.588978793689232,5.8396653129118,16,0,16,0
e040_b09,all,nll_R,8192,5.160222114436531,0.3423467020684838,4.542492246877654,5.781603029242076,16,0,16,0
e040_b09,all,nll_full,8192,5.159888010740364,0.3419676454495617,4.54482516676271,5.781069586523354,16,0,16,0
e040_b09,all,delta_nll_Q_alone,8192,-0.010986173182286021,0.003059252976740517,-0.016661904644100705,-0.006568608603261976,16,16,0,0
e040_b09,all,delta_nll_R_alone,8192,-0.04700488920764551,0.026010670334137318,-0.08409464718132084,-0.0013103142489435463,16,16,0,0
e040_b09,all,delta_nll_full,8192,-0.047338992903811286,0.02801737145914094,-0.08594562406709991,0.0005040175748673992,16,15,1,0
e040_b09,all,delta_nll_Q_last,8192,-0.000334103696165769,0.002547919533524026,-0.004778160923418777,0.0035582414012292835,16,7,9,0
e040_b09,all,delta_nll_R_last,8192,-0.036352819721525265,0.025907164682807036,-0.071205496715854,0.011432175568322897,16,15,1,0
e040_b09,all,forward_kl_Q,8192,0.0010748215117883165,0.00016917832357359508,0.0008215631465318657,0.001405806645595941,16,0,16,0
e040_b09,all,forward_kl_R,8192,0.0742711451943204,0.008230763575390362,0.05974217462071936,0.09036981645904674,16,0,16,0
e040_b09,all,forward_kl_full,8192,0.08429630123935586,0.009082508554203965,0.06865649356053302,0.10295382545341256,16,0,16,0
e040_b09,all,conditional_kl_Q_last,8192,0.0009176268228181491,0.0001354452968534295,0.0006649838738604296,0.001183560057063513,16,0,16,0
e040_b09,all,conditional_kl_R_last,8192,0.07262196489046394,0.007865552466756054,0.05947563294790967,0.08827954600961016,16,0,16,0
e040_b09,all,finite_label_linear_Q,8192,-0.012060994694074338,0.0031721069110619447,-0.018067711289696645,-0.007452190067575056,16,16,0,0
e040_b09,all,finite_label_linear_R,8192,-0.12127603440196592,0.026861589962045344,-0.16429147877211964,-0.06777631220133559,16,16,0,0
e040_b09,all,finite_label_linear_full,8192,-0.13163529414316716,0.02862738390423115,-0.17698129124999112,-0.07656405345655853,16,16,0,0
e040_b09,all,interaction,8192,0.010652069486120254,0.00181181767545491,0.007524001351772417,0.014494326830995882,16,0,16,0
e040_b09,all,overlap,8192,0.01042269630845067,0.0012321674101878205,0.008013705076653933,0.012879818891741217,16,0,16,0
e040_b09,all,mixed_loss,8192,0.00022937317766958025,0.0009622987809289483,-0.0015652001681074753,0.0016145079392547005,16,5,11,0
e040_b09,all,J_direct,8192,0.001701734952873111,0.0013627419922048168,-0.0010628101085008966,0.0032334688974688737,16,3,13,0
e040_b09,all,KL_add,8192,0.08576866301455939,0.009353633299631509,0.06889387695572824,0.10439855658359617,16,0,16,0
e040_b09,all,base_entropy,8192,5.608993269114205,0.2618916197577971,5.173930717112677,6.024123454383084,16,0,16,0
e040_b09,all,response_variance_Q,8192,0.0021602685582094534,0.00034621309661837064,0.0016549785987234093,0.0028318057486981115,16,0,16,0
e040_b09,all,response_variance_R,8192,0.14979994833318303,0.017614828205713806,0.11926725347731815,0.18673204065435223,16,0,16,0
e040_b09,all,response_variance_full,8192,0.1702940200554651,0.01983059459358484,0.13701269719354484,0.21290947115292122,16,0,16,0
e040_b09,all,response_covariance_Q_R,8192,0.01088178247461822,0.0014769021225230245,0.008220755780897105,0.013794590015228887,16,0,16,0
e040_b09,all,response_twice_covariance_Q_R,8192,0.02176356494923644,0.002953804245046049,0.01644151156179421,0.027589180030457773,16,0,16,0
e040_b09,all,response_covariance_Q_full,8192,0.012814948409291354,0.0017138838535085388,0.009660754374893658,0.015879727933718207,16,0,16,0
e040_b09,all,response_covariance_R_full,8192,0.15910051109266687,0.018637136647242935,0.12727007906654844,0.19877928567094932,16,0,16,0
e040_b09,all,response_variance_additive,8192,0.17372378184062892,0.02032278630346799,0.13782665727404958,0.21662385799161374,16,0,16,0
e040_b09,all,response_variance_mixed,8192,0.00018688289217754796,3.0619290013762774e-05,0.00012257276391574174,0.00022474453363981485,16,0,16,0
e040_b09,all,response_covariance_additive_mixed,8192,-0.0018083223386706824,0.0006662344027814941,-0.0029179982976321214,-0.00046826642221025217,16,16,0,0
e040_b09,all,response_twice_covariance_additive_mixed,8192,-0.003616644677341365,0.0013324688055629881,-0.005835996595264243,-0.0009365328444205043,16,16,0,0
e040_b09,all,symmetric_improvement_credit_Q,8192,0.0056601384392258956,0.0026654812961699422,0.0015051836010163463,0.010720032783759742,16,0,16,0
e040_b09,all,symmetric_improvement_credit_R,8192,0.041678854464585385,0.025943157204634037,-0.005060930659689674,0.07765007194858742,16,1,15,0
e040_b09,bank0,nll_base,4096,5.036672572924642,0.40300746836418594,4.596102336402922,5.849200636321869,8,0,8,0
e040_b09,bank0,nll_Q,4096,5.026288017344112,0.40329592313782625,4.588978793689232,5.8396653129118,8,0,8,0
e040_b09,bank0,nll_R,4096,4.9865593735330105,0.3987125950634791,4.542492246877654,5.781603029242076,8,0,8,0
e040_b09,bank0,nll_full,4096,4.986694510742028,0.39822793726120326,4.54482516676271,5.781069586523354,8,0,8,0
e040_b09,bank0,delta_nll_Q_alone,4096,-0.010384555580530641,0.002017537106315894,-0.013696148882368473,-0.007123542713690355,8,8,0,0
e040_b09,bank0,delta_nll_R_alone,4096,-0.05011319939163175,0.017113688032071087,-0.07294088325493846,-0.029703335320805015,8,8,0,0
e040_b09,bank0,delta_nll_full,4096,-0.04997806218261486,0.01894925015688749,-0.07591079897288056,-0.02842008432621579,8,8,0,0
e040_b09,bank0,delta_nll_Q_last,4096,0.00013513720901689767,0.002290174003542458,-0.003221329193117457,0.0031071632231444383,8,3,5,0
e040_b09,bank0,delta_nll_R_last,4096,-0.039593506602084216,0.01833298107569533,-0.06221465009051208,-0.017032920718364337,8,8,0,0
e040_b09,bank0,forward_kl_Q,4096,0.0010281426493289772,0.00011452299016877512,0.0008215631465318657,0.001152332137145653,8,0,8,0
e040_b09,bank0,forward_kl_R,4096,0.07744570601120357,0.008076391819403266,0.06303131252436624,0.09036981645904674,8,0,8,0
e040_b09,bank0,forward_kl_full,4096,0.08736798784489516,0.009496251976905672,0.07033329472598543,0.10295382545341256,8,0,8,0
e040_b09,bank0,conditional_kl_Q_last,4096,0.0008489308544182056,0.00011405244963826278,0.0006649838738604296,0.0010151052421930266,8,0,8,0
e040_b09,bank0,conditional_kl_R_last,4096,0.07561118817775467,0.007856556114500453,0.06154782488771427,0.08827954600961016,8,0,8,0
e040_b09,bank0,finite_label_linear_Q,4096,-0.011412698229859618,0.002037516720660261,-0.014770051722969753,-0.008065376561075172,8,8,0,0
e040_b09,bank0,finite_label_linear_R,4096,-0.12755890540283532,0.01452320724969851,-0.15102718792244274,-0.11147620055669608,8,8,0,0
e040_b09,bank0,finite_label_linear_full,4096,-0.13734605002751002,0.015427451428347842,-0.16358557258845874,-0.12146236758426827,8,8,0,0
e040_b09,bank0,interaction,4096,0.010519692789547539,0.001869414435755166,0.008841398574362827,0.014494326830995882,8,0,8,0
e040_b09,bank0,overlap,4096,0.010470828047842953,0.0014394502773267019,0.008013705076653933,0.012879818891741217,8,0,8,0
e040_b09,bank0,mixed_loss,4096,4.8864741704587585e-05,0.0010508692308019002,-0.0015652001681074753,0.0016145079392547005,8,3,5,0
e040_b09,bank0,J_direct,4096,0.0016255536051849265,0.0013257977057742106,-0.0010628101085008966,0.003059239069438292,8,1,7,0
e040_b09,bank0,KL_add,4096,0.0889446767083755,0.009570966950462126,0.07186658074755206,0.10439855658359617,8,0,8,0
e040_b09,bank0,base_entropy,4096,5.52398302173908,0.2995139783003379,5.173930717112677,6.024123454383084,8,0,8,0
e040_b09,bank0,response_variance_Q,4096,0.002066470754684848,0.00023197539259539555,0.0016549785987234093,0.0023152096479568843,8,0,8,0
e040_b09,bank0,response_variance_R,4096,0.15677050635800496,0.017962667109865414,0.1250121479642758,0.18673204065435223,8,0,8,0
e040_b09,bank0,response_variance_full,4096,0.1772093345830239,0.02152446722934509,0.13969878425428828,0.21290947115292122,8,0,8,0
e040_b09,bank0,response_covariance_Q_R,4096,0.011035473018910221,0.0017092265888050265,0.008220755780897105,0.013794590015228887,8,0,8,0
e040_b09,bank0,response_twice_covariance_Q_R,4096,0.022070946037820442,0.003418453177610053,0.01644151156179421,0.027589180030457773,8,0,8,0
e040_b09,bank0,response_covariance_Q_full,4096,0.01285470059752981,0.001926517419417933,0.009660754374893658,0.015879727933718207,8,0,8,0
e040_b09,bank0,response_covariance_R_full,4096,0.1661106601784312,0.019606904094489938,0.1316762454093924,0.19877928567094932,8,0,8,0
e040_b09,bank0,response_variance_additive,4096,0.18090792315051024,0.02144157125045134,0.1431086381247934,0.21662385799161374,8,0,8,0
e040_b09,bank0,response_variance_mixed,4096,0.0001865361816121505,2.787025362960186e-05,0.0001334228105095461,0.00021875689200350612,8,0,8,0
e040_b09,bank0,response_covariance_additive_mixed,4096,-0.0019425623745492457,0.0006480065244012879,-0.0029179982976321214,-0.0008471377036802911,8,8,0,0
e040_b09,bank0,response_twice_covariance_additive_mixed,4096,-0.0038851247490984914,0.0012960130488025759,-0.005835996595264243,-0.0016942754073605822,8,8,0,0
e040_b09,bank0,symmetric_improvement_credit_Q,4096,0.0051247091857568716,0.0019452503406449124,0.0023953114143169547,0.008333032300155283,8,0,8,0
e040_b09,bank0,symmetric_improvement_credit_R,4096,0.044853352996857984,0.017709166524917982,0.024113021259589258,0.06757776667272526,8,0,8,0
e040_b09,bank1,nll_base,4096,5.377781434363708,0.15302202803856332,5.226677748971519,5.612148325846894,8,0,8,0
e040_b09,bank1,nll_Q,4096,5.366193643579667,0.15376164174720844,5.220109140368257,5.60069628218057,8,0,8,0
e040_b09,bank1,nll_R,4096,5.33388485534005,0.15244524580122185,5.162200950460884,5.554588972310318,8,0,8,0
e040_b09,bank1,nll_full,4096,5.333081510738701,0.15310771784259986,5.157422789537465,5.553265595553073,8,0,8,0
e040_b09,bank1,delta_nll_Q_alone,4096,-0.011587790784041404,0.003893238460790246,-0.016661904644100705,-0.006568608603261976,8,8,0,0
e040_b09,bank1,delta_nll_R_alone,4096,-0.043896579023659274,0.033686773298509554,-0.08409464718132084,-0.0013103142489435463,8,8,0,0
e040_b09,bank1,delta_nll_full,4096,-0.04469992362500771,0.03615372534667759,-0.08594562406709991,0.0005040175748673992,8,7,1,0
e040_b09,bank1,delta_nll_Q_last,4096,-0.0008033446013484356,0.002857099879264214,-0.004778160923418777,0.0035582414012292835,8,4,4,0
e040_b09,bank1,delta_nll_R_last,4096,-0.033112132840966306,0.03283508041138191,-0.071205496715854,0.011432175568322897,8,7,1,0
e040_b09,bank1,forward_kl_Q,4096,0.0011215003742476555,0.00020793141429644287,0.0008829010612078551,0.001405806645595941,8,0,8,0
e040_b09,bank1,forward_kl_R,4096,0.07109658437743724,0.007543586866475989,0.05974217462071936,0.08176030130704896,8,0,8,0
e040_b09,bank1,forward_kl_full,4096,0.08122461463381656,0.008063707722640782,0.06865649356053302,0.09278287551791384,8,0,8,0
e040_b09,bank1,conditional_kl_Q_last,4096,0.0009863227912180928,0.0001245675493891847,0.0007976616281461778,0.001183560057063513,8,0,8,0
e040_b09,bank1,conditional_kl_R_last,4096,0.06963274160317318,0.007100886488589408,0.05947563294790967,0.08001015764164225,8,0,8,0
e040_b09,bank1,finite_label_linear_Q,4096,-0.01270929115828906,0.004055842350963789,-0.018067711289696645,-0.007452190067575056,8,8,0,0
e040_b09,bank1,finite_label_linear_R,4096,-0.1149931634010965,0.03528479822285858,-0.16429147877211964,-0.06777631220133559,8,8,0,0
e040_b09,bank1,finite_label_linear_full,4096,-0.12592453825882427,0.03799447161036601,-0.17698129124999112,-0.07656405345655853,8,8,0,0
e040_b09,bank1,interaction,4096,0.010784446182692968,0.0018707103147263832,0.007524001351772417,0.012889150465466855,8,0,8,0
e040_b09,bank1,overlap,4096,0.01037456456905839,0.0010844591519193964,0.008268801273801023,0.011624848482818747,8,0,8,0
e040_b09,bank1,mixed_loss,4096,0.0004098816136345729,0.000897509924152407,-0.00100105794487247,0.0013794657282473154,8,2,6,0
e040_b09,bank1,J_direct,4096,0.0017779163005612955,0.0014860759257450359,-0.0005074165268333858,0.0032334688974688737,8,2,6,0
e040_b09,bank1,KL_add,4096,0.08259264932074327,0.008533463308468471,0.06889387695572824,0.09449680384592406,8,0,8,0
e040_b09,bank1,base_entropy,4096,5.69400351648933,0.20185570184412643,5.323039777374818,5.919550368127046,8,0,8,0
e040_b09,bank1,response_variance_Q,4096,0.002254066361734059,0.00042770084630766586,0.0017669357192880643,0.0028318057486981115,8,0,8,0
e040_b09,bank1,response_variance_R,4096,0.14282939030836106,0.015204378392023047,0.11926725347731815,0.16270913650283778,8,0,8,0
e040_b09,bank1,response_variance_full,4096,0.1633787055279063,0.01643395093020905,0.13701269719354484,0.1849328536009354,8,0,8,0
e040_b09,bank1,response_covariance_Q_R,4096,0.010728091930326217,0.0013033186725253348,0.008394578073893488,0.012073433625344528,8,0,8,0
e040_b09,bank1,response_twice_covariance_Q_R,4096,0.021456183860652435,0.0026066373450506697,0.016789156147786977,0.024146867250689055,8,0,8,0
e040_b09,bank1,response_covariance_Q_full,4096,0.012775196221052897,0.0016060332052695238,0.010088311785290885,0.014287021746534036,8,0,8,0
e040_b09,bank1,response_covariance_R_full,4096,0.15209036200690257,0.015733735709578787,0.12727007906654844,0.17256116598477245,8,0,8,0
e040_b09,bank1,response_variance_additive,4096,0.16653964053074757,0.01753061657078684,0.13782665727404958,0.18898826639531738,8,0,8,0
e040_b09,bank1,response_variance_mixed,4096,0.0001872296027429454,3.5099721653550005e-05,0.00012257276391574174,0.00022474453363981485,8,0,8,0
e040_b09,bank1,response_covariance_additive_mixed,4096,-0.001674082302792119,0.0007000317142157514,-0.0023283653636515882,-0.00046826642221025217,8,8,0,0
e040_b09,bank1,response_twice_covariance_additive_mixed,4096,-0.003348164605584238,0.0014000634284315027,-0.0046567307273031764,-0.0009365328444205043,8,8,0,0
e040_b09,bank1,symmetric_improvement_credit_Q,4096,0.00619556769269492,0.0032840940068652237,0.0015051836010163463,0.010720032783759742,8,0,8,0
e040_b09,bank1,symmetric_improvement_credit_R,4096,0.038504355932312787,0.033250499412386884,-0.005060930659689674,0.07765007194858742,8,1,7,0
e040_b08,all,nll_base,8192,5.0939634476893225,0.34044354424936735,4.462571570260735,5.656280130207827,16,0,16,0
e040_b08,all,nll_Q,8192,5.079839177169464,0.33984927961561956,4.447021961240426,5.649062185313472,16,0,16,0
e040_b08,all,nll_R,8192,5.0678693851872865,0.32845964329274835,4.417965086638771,5.61745609634923,16,0,16,0
e040_b08,all,nll_full,8192,5.075473461195797,0.3303815759239577,4.421313485920428,5.623780074303475,16,0,16,0
e040_b08,all,delta_nll_Q_alone,8192,-0.014124270519858638,0.005605034040845655,-0.02570839126067534,-0.0072179448943548545,16,16,0,0
e040_b08,all,delta_nll_R_alone,8192,-0.026094062502036303,0.028456409603152343,-0.07804125430949838,0.050868846903342604,16,14,2,0
e040_b08,all,delta_nll_full,8192,-0.018489986493526463,0.02906900612342179,-0.07499322720774391,0.059325086000735265,16,12,4,0
e040_b08,all,delta_nll_Q_last,8192,0.007604076008509841,0.006783987917316819,-0.0008976127256885561,0.023361288590615516,16,1,15,0
e040_b08,all,delta_nll_R_last,8192,-0.0043657159736678235,0.02819343793869713,-0.06397495698742894,0.06705653919622484,16,9,7,0
e040_b08,all,forward_kl_Q,8192,0.0018862902338379506,0.0011801353650557132,0.0009737141067009934,0.0042492823251351055,16,0,16,0
e040_b08,all,forward_kl_R,8192,0.1400261605086258,0.04213302902857124,0.10104003257257775,0.22294099373719561,16,0,16,0
e040_b08,all,forward_kl_full,8192,0.16073449181426577,0.05430733843248719,0.1123122400192011,0.2724474799796665,16,0,16,0
e040_b08,all,conditional_kl_Q_last,8192,0.0015407656994666536,0.0010240130854930018,0.0007894655984944877,0.003921486533065393,16,0,16,0
e040_b08,all,conditional_kl_R_last,8192,0.13695457356138305,0.04160027396309747,0.09783680263934344,0.2219047600435216,16,0,16,0
e040_b08,all,finite_label_linear_Q,8192,-0.016010560753696588,0.006673333543529986,-0.02995767358581044,-0.008391882902272958,16,16,0,0
e040_b08,all,finite_label_linear_R,8192,-0.1661202230106621,0.05444656050067994,-0.2689361629223415,-0.07433303418560697,16,16,0,0
e040_b08,all,finite_label_linear_full,8192,-0.17922447830779226,0.06020767907072679,-0.29508136057419687,-0.08104090241230755,16,16,0,0
e040_b08,all,interaction,8192,0.02172834652836848,0.01150183342668419,0.012701467980152288,0.04906967985129085,16,0,16,0
e040_b08,all,overlap,8192,0.021636093539771195,0.010927283414227823,0.013109123080617534,0.045831008401865346,16,0,16,0
e040_b08,all,mixed_loss,8192,9.225298859729097e-05,0.0010974139723862386,-0.0009761055129077704,0.0032386714494255734,16,11,5,0
e040_b08,all,J_direct,8192,0.0029063054565664458,0.0013053396915276656,0.0007494160131091916,0.004800081190611555,16,0,16,0
e040_b08,all,KL_add,8192,0.16354854428223492,0.054034460041583535,0.11551099016451725,0.2730212844641961,16,0,16,0
e040_b08,all,base_entropy,8192,5.074922415528824,0.19543364101002467,4.704179134254084,5.414263583053971,16,0,16,0
e040_b08,all,response_variance_Q,8192,0.0037972760619030908,0.002402889043655208,0.0019403704119918697,0.00860623365256121,16,0,16,0
e040_b08,all,response_variance_R,8192,0.2748475755110751,0.08333536460302536,0.20363040589062892,0.4371154453800158,16,0,16,0
e040_b08,all,response_variance_full,8192,0.31546860169434393,0.10716568309840095,0.22637283440567052,0.5279049894962025,16,0,16,0
e040_b08,all,response_covariance_Q_R,8192,0.02248073509621517,0.012157015396927172,0.012952574366206369,0.04784829691444521,16,0,16,0
e040_b08,all,response_twice_covariance_Q_R,8192,0.04496147019243034,0.024314030793854344,0.025905148732412737,0.09569659382889042,16,0,16,0
e040_b08,all,response_covariance_Q_full,8192,0.025715843490080083,0.014233378261271332,0.014658972582966017,0.055220975682426184,16,0,16,0
e040_b08,all,response_covariance_R_full,8192,0.2936325689924952,0.09423040871009103,0.21421590088884207,0.4789596164944623,16,0,16,0
e040_b08,all,response_variance_additive,8192,0.3236063217654085,0.109648316338368,0.2333162152671737,0.541337470497764,16,0,16,0
e040_b08,all,response_variance_mixed,8192,0.00037809849460195195,0.00028511363988592173,0.0001675384893352815,0.0010870815487823854,16,0,16,0
e040_b08,all,response_covariance_additive_mixed,8192,-0.004257909282833262,0.0015945415655509504,-0.007156878320875646,-0.00199690502701936,16,16,0,0
e040_b08,all,response_twice_covariance_additive_mixed,8192,-0.008515818565666524,0.0031890831311019007,-0.014313756641751291,-0.00399381005403872,16,16,0,0
e040_b08,all,symmetric_improvement_credit_Q,8192,0.003260097255674399,0.0023762168013193043,-0.0003623929509515389,0.008335134629526581,16,1,15,0
e040_b08,all,symmetric_improvement_credit_R,8192,0.015229889237852064,0.027735276312107954,-0.05896269304978373,0.07100810564846366,16,4,12,0
e040_b08,bank0,nll_base,4096,4.9101952767656964,0.3782581768653289,4.462571570260735,5.656280130207827,8,0,8,0
e040_b08,bank0,nll_Q,4096,4.898941261736443,0.38032429466007883,4.447021961240426,5.649062185313472,8,0,8,0
e040_b08,bank0,nll_R,4096,4.894847442890313,0.3713773494480951,4.417965086638771,5.61745609634923,8,0,8,0
e040_b08,bank0,nll_full,4096,4.899958670043018,0.37148754883906876,4.421313485920428,5.623780074303475,8,0,8,0
e040_b08,bank0,delta_nll_Q_alone,4096,-0.011254015029253899,0.00325449343996919,-0.015549609020308807,-0.0072179448943548545,8,8,0,0
e040_b08,bank0,delta_nll_R_alone,4096,-0.015347833875383448,0.03162373249697218,-0.044606483621963046,0.050868846903342604,8,6,2,0
e040_b08,bank0,delta_nll_full,4096,-0.010236606722678414,0.03337803341608765,-0.0412580843403071,0.059325086000735265,8,5,3,0
e040_b08,bank0,delta_nll_Q_last,4096,0.0051112271527050356,0.0024118744671700163,0.002985785207808721,0.00879905797856195,8,0,8,0
e040_b08,bank0,delta_nll_R_last,4096,0.0010174083065754864,0.03186148211876862,-0.025708475319998293,0.06705653919622484,8,5,3,0
e040_b08,bank0,forward_kl_Q,4096,0.0012811513623320909,0.0002706226628909302,0.0009737141067009934,0.0017398403063490348,8,0,8,0
e040_b08,bank0,forward_kl_R,4096,0.12424007687130253,0.015762313936150813,0.1060423331032129,0.14542900234627928,8,0,8,0
e040_b08,bank0,forward_kl_full,4096,0.139139570094872,0.01715882750550909,0.11933806624901527,0.16168928384119724,8,0,8,0
e040_b08,bank0,conditional_kl_Q_last,4096,0.0010257071473003467,0.0001835792110947351,0.0007894655984944877,0.0013163266545152144,8,0,8,0
e040_b08,bank0,conditional_kl_R_last,4096,0.12157130516956492,0.014716132439883263,0.10452026456981565,0.14164460339553045,8,0,8,0
e040_b08,bank0,finite_label_linear_Q,4096,-0.01253516639158599,0.0033923108214693105,-0.01699565645006683,-0.008391882902272958,8,8,0,0
e040_b08,bank0,finite_label_linear_R,4096,-0.13958791074668597,0.03475132720267785,-0.19003548596824232,-0.07433303418560697,8,8,0,0
e040_b08,bank0,finite_label_linear_full,4096,-0.1493761768175504,0.036454170167668644,-0.20294736818150433,-0.08104090241230755,8,8,0,0
e040_b08,bank0,interaction,4096,0.016365242181958936,0.002903697295829048,0.012701467980152288,0.02063735081925242,8,0,8,0
e040_b08,bank0,overlap,4096,0.016547099353731984,0.0025652659671591797,0.013109123080617534,0.020713877358646444,8,0,8,0
e040_b08,bank0,mixed_loss,4096,-0.00018185717177303826,0.0004684801081858386,-0.00089406467154729,0.0005182892202415365,8,6,2,0
e040_b08,bank0,J_direct,4096,0.0027469003207215886,0.0014533379302743923,0.0007494160131091916,0.004303324621669189,8,0,8,0
e040_b08,bank0,KL_add,4096,0.1420683275873666,0.018103124323353193,0.12128311068706213,0.1651760978141228,8,0,8,0
e040_b08,bank0,base_entropy,4096,5.0149289270031785,0.23488030450717812,4.704179134254084,5.414263583053971,8,0,8,0
e040_b08,bank0,response_variance_Q,4096,0.002565495649239749,0.0005460601265406197,0.0019403704119918697,0.0034799750141978995,8,0,8,0
e040_b08,bank0,response_variance_R,4096,0.24153994701152942,0.030993508510172362,0.20730141592875662,0.28402917417589685,8,0,8,0
e040_b08,bank0,response_variance_full,4096,0.27066842306011796,0.03419434262129503,0.23286252576054361,0.31742597620181967,8,0,8,0
e040_b08,bank0,response_covariance_Q_R,4096,0.016660410836721387,0.002799785945731529,0.012952574366206369,0.02113990348697936,8,0,8,0
e040_b08,bank0,response_twice_covariance_Q_R,4096,0.033320821673442774,0.005599571891463058,0.025905148732412737,0.04227980697395872,8,0,8,0
e040_b08,bank0,response_covariance_Q_full,4096,0.018827975565846932,0.0030700648367199585,0.014658972582966017,0.023844071613289813,8,0,8,0
e040_b08,bank0,response_covariance_R_full,4096,0.2550995956637926,0.03257014371354705,0.21930209306655662,0.29978229768898335,8,0,8,0
e040_b08,bank0,response_variance_additive,4096,0.2774262643342119,0.03620844401053029,0.23745422506393582,0.32516203049917913,8,0,8,0
e040_b08,bank0,response_variance_mixed,4096,0.0002395449350507854,8.22325112821695e-05,0.0001675384893352815,0.0003899639584610975,8,0,8,0
e040_b08,bank0,response_covariance_additive_mixed,4096,-0.0034986931045723896,0.0012589024014769035,-0.0053221345269579045,-0.00199690502701936,8,8,0,0
e040_b08,bank0,response_twice_covariance_additive_mixed,4096,-0.006997386209144779,0.002517804802953807,-0.010644269053915809,-0.00399381005403872,8,8,0,0
e040_b08,bank0,symmetric_improvement_credit_Q,4096,0.0030713939382744316,0.0024691230227842733,-0.0003623929509515389,0.006100604869326431,8,1,7,0
e040_b08,bank0,symmetric_improvement_credit_R,4096,0.007165212784403982,0.03170961030075713,-0.05896269304978373,0.035157479470980676,8,3,5,0
e040_b08,bank1,nll_base,4096,5.277731618612949,0.1676051965797886,5.085778861592619,5.535702527222652,8,0,8,0
e040_b08,bank1,nll_Q,4096,5.260737092602485,0.16748224474758439,5.076536422174286,5.515039731793771,8,0,8,0
e040_b08,bank1,nll_R,4096,5.24089132748426,0.157594701251964,5.082070088255605,5.499798639680053,8,0,8,0
e040_b08,bank1,nll_full,4096,5.250988252348574,0.1596298049677528,5.084195910582931,5.519738267849853,8,0,8,0
e040_b08,bank1,delta_nll_Q_alone,4096,-0.01699452601046338,0.006156183196341414,-0.02570839126067534,-0.009242439418333581,8,8,0,0
e040_b08,bank1,delta_nll_R_alone,4096,-0.036840291128689154,0.021707084551608097,-0.07804125430949838,-0.0037087733370134678,8,8,0,0
e040_b08,bank1,delta_nll_full,4096,-0.026743366264374506,0.02325806314778738,-0.07499322720774391,0.001410095626395793,8,7,1,0
e040_b08,bank1,delta_nll_Q_last,4096,0.010096924864314644,0.008865572942009244,-0.0008976127256885561,0.023361288590615516,8,1,7,0
e040_b08,bank1,delta_nll_R_last,4096,-0.009748840253911133,0.02493798711704836,-0.06397495698742894,0.01065253504472937,8,4,4,0
e040_b08,bank1,forward_kl_Q,4096,0.002491429105343811,0.0014401908086489447,0.0010714806698705177,0.0042492823251351055,8,0,8,0
e040_b08,bank1,forward_kl_R,4096,0.15581224414594902,0.054643678574157584,0.10104003257257775,0.22294099373719561,8,0,8,0
e040_b08,bank1,forward_kl_full,4096,0.18232941353365956,0.07042410025764906,0.1123122400192011,0.2724474799796665,8,0,8,0
e040_b08,bank1,conditional_kl_Q_last,4096,0.0020558242516329605,0.0012676506789634728,0.0007986091590985593,0.003921486533065393,8,0,8,0
e040_b08,bank1,conditional_kl_R_last,4096,0.15233784195320116,0.05432241169498856,0.09783680263934344,0.2219047600435216,8,0,8,0
e040_b08,bank1,finite_label_linear_Q,4096,-0.01948595511580719,0.007504212571490289,-0.02995767358581044,-0.010575003028386643,8,8,0,0
e040_b08,bank1,finite_label_linear_R,4096,-0.19265253527463821,0.05946117407147743,-0.2689361629223415,-0.11005019805098515,8,8,0,0
e040_b08,bank1,finite_label_linear_full,4096,-0.20907277979803407,0.06635121486488518,-0.29508136057419687,-0.1186696718599518,8,8,0,0
e040_b08,bank1,interaction,4096,0.027091450874778024,0.014467481590694452,0.013491159609104455,0.04906967985129085,8,0,8,0
e040_b08,bank1,overlap,4096,0.026725087725810413,0.013787431785290991,0.013399476922068995,0.045831008401865346,8,0,8,0
e040_b08,bank1,mixed_loss,4096,0.0003663631489676202,0.0014796845242519721,-0.0009761055129077704,0.0032386714494255734,8,5,3,0
e040_b08,bank1,J_direct,4096,0.0030657105924113024,0.001216950387520488,0.0014443193736494628,0.004800081190611555,8,0,8,0
e040_b08,bank1,KL_add,4096,0.18502876097710325,0.06981545670017579,0.11551099016451725,0.2730212844641961,8,0,8,0
e040_b08,bank1,base_entropy,4096,5.134915904054468,0.13582857884176167,4.906794332099173,5.2806039395912645,8,0,8,0
e040_b08,bank1,response_variance_Q,4096,0.005029056474566432,0.002933655373392761,0.0021452667404558796,0.00860623365256121,8,0,8,0
e040_b08,bank1,response_variance_R,4096,0.30815520401062074,0.10670198288034145,0.20363040589062892,0.4371154453800158,8,0,8,0
e040_b08,bank1,response_variance_full,4096,0.3602687803285699,0.13730549200729059,0.22637283440567052,0.5279049894962025,8,0,8,0
e040_b08,bank1,response_covariance_Q_R,4096,0.028301059355708955,0.015212799823330278,0.013770271318044428,0.04784829691444521,8,0,8,0
e040_b08,bank1,response_twice_covariance_Q_R,4096,0.05660211871141791,0.030425599646660556,0.027540542636088856,0.09569659382889042,8,0,8,0
e040_b08,bank1,response_covariance_Q_full,4096,0.03260371141431323,0.017783520347091582,0.015537182705383212,0.055220975682426184,8,0,8,0
e040_b08,bank1,response_covariance_R_full,4096,0.3321655423211977,0.1207170295227682,0.21421590088884207,0.4789596164944623,8,0,8,0
e040_b08,bank1,response_variance_additive,4096,0.36978637919660506,0.13991955645214685,0.2333162152671737,0.541337470497764,8,0,8,0
e040_b08,bank1,response_variance_mixed,4096,0.0005166520541531183,0.0003514984437120196,0.00018288248439362887,0.0010870815487823854,8,0,8,0
e040_b08,bank1,response_covariance_additive_mixed,4096,-0.005017125461094134,0.0015956211501483959,-0.007156878320875646,-0.0029648870081800875,8,8,0,0
e040_b08,bank1,response_twice_covariance_additive_mixed,4096,-0.010034250922188268,0.0031912423002967917,-0.014313756641751291,-0.005929774016360175,8,8,0,0
e040_b08,bank1,symmetric_improvement_credit_Q,4096,0.0034488005730743676,0.002433409475248807,0.00036158362954045396,0.008335134629526581,8,0,8,0
e040_b08,bank1,symmetric_improvement_credit_R,4096,0.023294565691300145,0.022231134804505497,-0.0034718808538579497,0.07100810564846366,8,1,7,0
