family,setting,numerator,denominator,bank,metric,numerator_mean,denominator_mean,ratio,defined,reason,denominator_at_or_below_numerical_tolerance,input_units,source_numerator_variance,source_denominator_variance,numerically_resolved,resolution_reason,criterion_relation,criterion_bound,signed_distance_to_bound,condition_met
beta08_over09,LR .028,e028_b08,e028_b09,all,forward_kl_Q,0.0013277030066303742,0.0007694927379485645,1.725426298589867,True,,False,KL,,,True,,>,1.0,0.725426298589867,True
beta08_over09,LR .028,e028_b08,e028_b09,all,conditional_kl_Q_last,0.0010651287324720403,0.0007329287633517091,1.4532500097296892,True,,False,KL,,,True,,>,1.0,0.4532500097296892,True
beta08_over09,LR .028,e028_b08,e028_b09,all,forward_kl_R,0.09758413933952352,0.0719198626964628,1.356845462169145,True,,False,KL,,,True,,,,,
beta08_over09,LR .028,e028_b08,e028_b09,all,forward_kl_full,0.1118789911893288,0.08129372632104495,1.3762315525738924,True,,False,KL,,,True,,,,,
beta08_over09,LR .028,e028_b08,e028_b09,all,conditional_kl_R_last,0.09490788158499801,0.07081983017309643,1.3401314483955418,True,,False,KL,,,True,,,,,
beta08_over09,LR .028,e028_b08,e028_b09,all,finite_response_rms_Q,0.05155841537641889,0.03916906146899873,1.316304589458341,True,,False,RMS=sqrt(mean finite-response variance),0.0026582701961273478,0.0015342153763622008,True,,,,,
beta08_over09,LR .028,e028_b08,e028_b09,all,finite_response_rms_R,0.4415646555806756,0.3838410066292866,1.1503842683674974,True,,False,RMS=sqrt(mean finite-response variance),0.19497934505808065,0.14733391837018406,True,,,,,
beta08_over09,LR .028,e028_b08,e028_b09,all,finite_response_rms_full,0.4730625653123422,0.40780848465887237,1.1600115816816667,True,,False,RMS=sqrt(mean finite-response variance),0.22378819069989403,0.16630776015976573,True,,,,,
beta08_over09,LR .028,e028_b08,e028_b09,bank0,forward_kl_Q,0.001130730736565897,0.0006376544442795397,1.7732656718851298,True,,False,KL,,,True,,>,1.0,0.7732656718851298,True
beta08_over09,LR .028,e028_b08,e028_b09,bank0,conditional_kl_Q_last,0.0009006756431447739,0.0006319106952990095,1.4253210933842309,True,,False,KL,,,True,,>,1.0,0.42532109338423085,True
beta08_over09,LR .028,e028_b08,e028_b09,bank0,forward_kl_R,0.09648235273755229,0.0715645905130586,1.3481856326690902,True,,False,KL,,,True,,,,,
beta08_over09,LR .028,e028_b08,e028_b09,bank0,forward_kl_full,0.10980610200647933,0.08001716304832904,1.3722818683306515,True,,False,KL,,,True,,,,,
beta08_over09,LR .028,e028_b08,e028_b09,bank0,conditional_kl_R_last,0.09400497911579603,0.07072639925615738,1.3291356566213433,True,,False,KL,,,True,,,,,
beta08_over09,LR .028,e028_b08,e028_b09,bank0,finite_response_rms_Q,0.047684497316639096,0.035727760806692536,1.3346623533066988,True,,False,RMS=sqrt(mean finite-response variance),0.0022738112843405612,0.0012764728922602352,True,,,,,
beta08_over09,LR .028,e028_b08,e028_b09,bank0,finite_response_rms_R,0.4410820163419185,0.38590211382844564,1.1429893761556416,True,,False,RMS=sqrt(mean finite-response variance),0.19455334514025246,0.14892044145726263,True,,,,,
beta08_over09,LR .028,e028_b08,e028_b09,bank0,finite_response_rms_full,0.4712872063163612,0.4081041822250246,1.1548208198868644,True,,False,RMS=sqrt(mean finite-response variance),0.22211163083748037,0.16654902354955606,True,,,,,
beta08_over09,LR .028,e028_b08,e028_b09,bank1,forward_kl_Q,0.0015246752766948518,0.0009013310316175896,1.6915819196400754,True,,False,KL,,,True,,>,1.0,0.6915819196400754,True
beta08_over09,LR .028,e028_b08,e028_b09,bank1,conditional_kl_Q_last,0.001229581821799307,0.0008339468314044087,1.4744127269224454,True,,False,KL,,,True,,>,1.0,0.4744127269224454,True
beta08_over09,LR .028,e028_b08,e028_b09,bank1,forward_kl_R,0.09868592594149474,0.07227513487986698,1.3654201559848596,True,,False,KL,,,True,,,,,
beta08_over09,LR .028,e028_b08,e028_b09,bank1,forward_kl_full,0.11395188037217827,0.08257028959376086,1.380059110035974,True,,False,KL,,,True,,,,,
beta08_over09,LR .028,e028_b08,e028_b09,bank1,conditional_kl_R_last,0.09581078405419999,0.07091326109003546,1.3510982654225032,True,,False,KL,,,True,,,,,
beta08_over09,LR .028,e028_b08,e028_b09,bank1,finite_response_rms_Q,0.055160938243598925,0.04233152324762442,1.303070005795137,True,,False,RMS=sqrt(mean finite-response variance),0.0030427291079141343,0.0017919578604641663,True,,,,,
beta08_over09,LR .028,e028_b08,e028_b09,bank1,finite_response_rms_R,0.4420467678604933,0.38176877201141723,1.1578913737011296,True,,False,RMS=sqrt(mean finite-response variance),0.19540534497590883,0.14574739528310549,True,,,,,
beta08_over09,LR .028,e028_b08,e028_b09,bank1,finite_response_rms_full,0.47483128641898453,0.40751257252994716,1.1651942011779044,True,,False,RMS=sqrt(mean finite-response variance),0.22546475056230775,0.16606649676997542,True,,,,,
beta08_over09,LR .04,e040_b08,e040_b09,all,forward_kl_Q,0.0018862902338379506,0.0010748215117883165,1.7549799786752416,True,,False,KL,,,True,,>,1.0,0.7549799786752416,True
beta08_over09,LR .04,e040_b08,e040_b09,all,conditional_kl_Q_last,0.0015407656994666536,0.0009176268228181491,1.6790765713830875,True,,False,KL,,,True,,>,1.0,0.6790765713830875,True
beta08_over09,LR .04,e040_b08,e040_b09,all,forward_kl_R,0.1400261605086258,0.0742711451943204,1.8853373021550468,True,,False,KL,,,True,,,,,
beta08_over09,LR .04,e040_b08,e040_b09,all,forward_kl_full,0.16073449181426577,0.08429630123935586,1.906779887742249,True,,False,KL,,,True,,,,,
beta08_over09,LR .04,e040_b08,e040_b09,all,conditional_kl_R_last,0.13695457356138305,0.07262196489046394,1.8858560735440344,True,,False,KL,,,True,,,,,
beta08_over09,LR .04,e040_b08,e040_b09,all,finite_response_rms_Q,0.06162204201341506,0.046478689291001456,1.3258128177324795,True,,False,RMS=sqrt(mean finite-response variance),0.0037972760619030908,0.0021602685582094534,True,,,,,
beta08_over09,LR .04,e040_b08,e040_b09,all,finite_response_rms_R,0.5242590728934265,0.3870399828611807,1.3545346633643844,True,,False,RMS=sqrt(mean finite-response variance),0.2748475755110751,0.14979994833318303,True,,,,,
beta08_over09,LR .04,e040_b08,e040_b09,all,finite_response_rms_full,0.5616659164435243,0.4126669602178797,1.361063449681012,True,,False,RMS=sqrt(mean finite-response variance),0.31546860169434393,0.1702940200554651,True,,,,,
beta08_over09,LR .04,e040_b08,e040_b09,bank0,forward_kl_Q,0.0012811513623320909,0.0010281426493289772,1.2460832776154565,True,,False,KL,,,True,,>,1.0,0.24608327761545645,True
beta08_over09,LR .04,e040_b08,e040_b09,bank0,conditional_kl_Q_last,0.0010257071473003467,0.0008489308544182056,1.2082340298531034,True,,False,KL,,,True,,>,1.0,0.20823402985310335,True
beta08_over09,LR .04,e040_b08,e040_b09,bank0,forward_kl_R,0.12424007687130253,0.07744570601120357,1.6042216317755502,True,,False,KL,,,True,,,,,
beta08_over09,LR .04,e040_b08,e040_b09,bank0,forward_kl_full,0.139139570094872,0.08736798784489516,1.5925692410575734,True,,False,KL,,,True,,,,,
beta08_over09,LR .04,e040_b08,e040_b09,bank0,conditional_kl_R_last,0.12157130516956492,0.07561118817775467,1.6078480989316346,True,,False,KL,,,True,,,,,
beta08_over09,LR .04,e040_b08,e040_b09,bank0,finite_response_rms_Q,0.05065072209988471,0.045458450861031854,1.1142201535799319,True,,False,RMS=sqrt(mean finite-response variance),0.002565495649239749,0.002066470754684848,True,,,,,
beta08_over09,LR .04,e040_b08,e040_b09,bank0,finite_response_rms_R,0.49146713726507635,0.3959425543661668,1.2412586923166855,True,,False,RMS=sqrt(mean finite-response variance),0.24153994701152942,0.15677050635800496,True,,,,,
beta08_over09,LR .04,e040_b08,e040_b09,bank0,finite_response_rms_full,0.5202580350750173,0.4209623909365585,1.2358777084991976,True,,False,RMS=sqrt(mean finite-response variance),0.27066842306011796,0.1772093345830239,True,,,,,
beta08_over09,LR .04,e040_b08,e040_b09,bank1,forward_kl_Q,0.002491429105343811,0.0011215003742476555,2.2215142879601397,True,,False,KL,,,True,,>,1.0,1.2215142879601397,True
beta08_over09,LR .04,e040_b08,e040_b09,bank1,conditional_kl_Q_last,0.0020558242516329605,0.0009863227912180928,2.0843320968929966,True,,False,KL,,,True,,>,1.0,1.0843320968929966,True
beta08_over09,LR .04,e040_b08,e040_b09,bank1,forward_kl_R,0.15581224414594902,0.07109658437743724,2.1915573794484087,True,,False,KL,,,True,,,,,
beta08_over09,LR .04,e040_b08,e040_b09,bank1,forward_kl_full,0.18232941353365956,0.08122461463381656,2.2447556612690858,True,,False,KL,,,True,,,,,
beta08_over09,LR .04,e040_b08,e040_b09,bank1,conditional_kl_R_last,0.15233784195320116,0.06963274160317318,2.1877329320357983,True,,False,KL,,,True,,,,,
beta08_over09,LR .04,e040_b08,e040_b09,bank1,finite_response_rms_Q,0.07091584078727708,0.047477008769867324,1.493688052906271,True,,False,RMS=sqrt(mean finite-response variance),0.005029056474566432,0.002254066361734059,True,,,,,
beta08_over09,LR .04,e040_b08,e040_b09,bank1,finite_response_rms_R,0.5551172885171392,0.37792775805484446,1.4688449754902129,True,,False,RMS=sqrt(mean finite-response variance),0.30815520401062074,0.14282939030836106,True,,,,,
beta08_over09,LR .04,e040_b08,e040_b09,bank1,finite_response_rms_full,0.6002239418155276,0.40420131806799725,1.4849628513941515,True,,False,RMS=sqrt(mean finite-response variance),0.3602687803285699,0.1633787055279063,True,,,,,
lr040_over028,beta .9,e040_b09,e028_b09,all,forward_kl_Q,0.0010748215117883165,0.0007694927379485645,1.39679227467922,True,,False,KL,,,True,,<,2.0408163265306123,0.6440240518513922,True
lr040_over028,beta .9,e040_b09,e028_b09,all,conditional_kl_Q_last,0.0009176268228181491,0.0007329287633517091,1.2520000151471873,True,,False,KL,,,True,,<,2.0408163265306123,0.788816311383425,True
lr040_over028,beta .9,e040_b09,e028_b09,all,forward_kl_R,0.0742711451943204,0.0719198626964628,1.0326930893594886,True,,False,KL,,,True,,,,,
lr040_over028,beta .9,e040_b09,e028_b09,all,forward_kl_full,0.08429630123935586,0.08129372632104495,1.0369348909712066,True,,False,KL,,,True,,,,,
lr040_over028,beta .9,e040_b09,e028_b09,all,conditional_kl_R_last,0.07262196489046394,0.07081983017309643,1.025446752879282,True,,False,KL,,,True,,,,,
lr040_over028,beta .9,e040_b09,e028_b09,all,finite_response_rms_Q,0.046478689291001456,0.03916906146899873,1.186617384942657,True,,False,RMS=sqrt(mean finite-response variance),0.0021602685582094534,0.0015342153763622008,True,,,,,
lr040_over028,beta .9,e040_b09,e028_b09,all,finite_response_rms_R,0.3870399828611807,0.3838410066292866,1.0083341179724021,True,,False,RMS=sqrt(mean finite-response variance),0.14979994833318303,0.14733391837018406,True,,,,,
lr040_over028,beta .9,e040_b09,e028_b09,all,finite_response_rms_full,0.4126669602178797,0.40780848465887237,1.0119136205885255,True,,False,RMS=sqrt(mean finite-response variance),0.1702940200554651,0.16630776015976573,True,,,,,
lr040_over028,beta .9,e040_b09,e028_b09,bank0,forward_kl_Q,0.0010281426493289772,0.0006376544442795397,1.6123821586323837,True,,False,KL,,,True,,<,2.0408163265306123,0.42843416789822863,True
lr040_over028,beta .9,e040_b09,e028_b09,bank0,conditional_kl_Q_last,0.0008489308544182056,0.0006319106952990095,1.3434348567506138,True,,False,KL,,,True,,<,2.0408163265306123,0.6973814697799985,True
lr040_over028,beta .9,e040_b09,e028_b09,bank0,forward_kl_R,0.07744570601120357,0.0715645905130586,1.0821791259613485,True,,False,KL,,,True,,,,,
lr040_over028,beta .9,e040_b09,e028_b09,bank0,forward_kl_full,0.08736798784489516,0.08001716304832904,1.0918656012851435,True,,False,KL,,,True,,,,,
lr040_over028,beta .9,e040_b09,e028_b09,bank0,conditional_kl_R_last,0.07561118817775467,0.07072639925615738,1.0690659919488552,True,,False,KL,,,True,,,,,
lr040_over028,beta .9,e040_b09,e028_b09,bank0,finite_response_rms_Q,0.045458450861031854,0.035727760806692536,1.272356560686461,True,,False,RMS=sqrt(mean finite-response variance),0.002066470754684848,0.0012764728922602352,True,,,,,
lr040_over028,beta .9,e040_b09,e028_b09,bank0,finite_response_rms_R,0.3959425543661668,0.38590211382844564,1.026018101943294,True,,False,RMS=sqrt(mean finite-response variance),0.15677050635800496,0.14892044145726263,True,,,,,
lr040_over028,beta .9,e040_b09,e028_b09,bank0,finite_response_rms_full,0.4209623909365585,0.4081041822250246,1.0315071721182314,True,,False,RMS=sqrt(mean finite-response variance),0.1772093345830239,0.16654902354955606,True,,,,,
lr040_over028,beta .9,e040_b09,e028_b09,bank1,forward_kl_Q,0.0011215003742476555,0.0009013310316175896,1.2442713441641249,True,,False,KL,,,True,,<,2.0408163265306123,0.7965449823664874,True
lr040_over028,beta .9,e040_b09,e028_b09,bank1,conditional_kl_Q_last,0.0009863227912180928,0.0008339468314044087,1.1827166362117778,True,,False,KL,,,True,,<,2.0408163265306123,0.8580996903188345,True
lr040_over028,beta .9,e040_b09,e028_b09,bank1,forward_kl_R,0.07109658437743724,0.07227513487986698,0.9836935551294552,True,,False,KL,,,True,,,,,
lr040_over028,beta .9,e040_b09,e028_b09,bank1,forward_kl_full,0.08122461463381656,0.08257028959376086,0.9837026736061492,True,,False,KL,,,True,,,,,
lr040_over028,beta .9,e040_b09,e028_b09,bank1,conditional_kl_R_last,0.06963274160317318,0.07091326109003546,0.9819424538206407,True,,False,KL,,,True,,,,,
lr040_over028,beta .9,e040_b09,e028_b09,bank1,finite_response_rms_Q,0.047477008769867324,0.04233152324762442,1.1215520994164005,True,,False,RMS=sqrt(mean finite-response variance),0.002254066361734059,0.0017919578604641663,True,,,,,
lr040_over028,beta .9,e040_b09,e028_b09,bank1,finite_response_rms_R,0.37792775805484446,0.38176877201141723,0.9899388995691405,True,,False,RMS=sqrt(mean finite-response variance),0.14282939030836106,0.14574739528310549,True,,,,,
lr040_over028,beta .9,e040_b09,e028_b09,bank1,finite_response_rms_full,0.40420131806799725,0.40751257252994716,0.9918744728748056,True,,False,RMS=sqrt(mean finite-response variance),0.1633787055279063,0.16606649676997542,True,,,,,
lr040_over028,beta .8,e040_b08,e028_b08,all,forward_kl_Q,0.0018862902338379506,0.0013277030066303742,1.420717001029647,True,,False,KL,,,True,,<,2.0408163265306123,0.6200993255009652,True
lr040_over028,beta .8,e040_b08,e028_b08,all,conditional_kl_Q_last,0.0015407656994666536,0.0010651287324720403,1.446553503341061,True,,False,KL,,,True,,<,2.0408163265306123,0.5942628231895513,True
lr040_over028,beta .8,e040_b08,e028_b08,all,forward_kl_R,0.1400261605086258,0.09758413933952352,1.4349274529279208,True,,False,KL,,,True,,,,,
lr040_over028,beta .8,e040_b08,e028_b08,all,forward_kl_full,0.16073449181426577,0.1118789911893288,1.4366816334825594,True,,False,KL,,,True,,,,,
lr040_over028,beta .8,e040_b08,e028_b08,all,conditional_kl_R_last,0.13695457356138305,0.09490788158499801,1.443026345907096,True,,False,KL,,,True,,,,,
lr040_over028,beta .8,e040_b08,e028_b08,all,finite_response_rms_Q,0.06162204201341506,0.05155841537641889,1.1951888273431874,True,,False,RMS=sqrt(mean finite-response variance),0.0037972760619030908,0.0026582701961273478,True,,,,,
lr040_over028,beta .8,e040_b08,e028_b08,all,finite_response_rms_R,0.5242590728934265,0.4415646555806756,1.1872758978048286,True,,False,RMS=sqrt(mean finite-response variance),0.2748475755110751,0.19497934505808065,True,,,,,
lr040_over028,beta .8,e040_b08,e028_b08,all,finite_response_rms_full,0.5616659164435243,0.4730625653123422,1.187297320963626,True,,False,RMS=sqrt(mean finite-response variance),0.31546860169434393,0.22378819069989403,True,,,,,
lr040_over028,beta .8,e040_b08,e028_b08,bank0,forward_kl_Q,0.0012811513623320909,0.001130730736565897,1.1330295718528278,True,,False,KL,,,True,,<,2.0408163265306123,0.9077867546777845,True
lr040_over028,beta .8,e040_b08,e028_b08,bank0,conditional_kl_Q_last,0.0010257071473003467,0.0009006756431447739,1.1388196795452536,True,,False,KL,,,True,,<,2.0408163265306123,0.9019966469853586,True
lr040_over028,beta .8,e040_b08,e028_b08,bank0,forward_kl_R,0.12424007687130253,0.09648235273755229,1.2876974218202968,True,,False,KL,,,True,,,,,
lr040_over028,beta .8,e040_b08,e028_b08,bank0,forward_kl_full,0.139139570094872,0.10980610200647933,1.2671387796523528,True,,False,KL,,,True,,,,,
lr040_over028,beta .8,e040_b08,e028_b08,bank0,conditional_kl_R_last,0.12157130516956492,0.09400497911579603,1.2932432549111308,True,,False,KL,,,True,,,,,
lr040_over028,beta .8,e040_b08,e028_b08,bank0,finite_response_rms_Q,0.05065072209988471,0.047684497316639096,1.062205222874617,True,,False,RMS=sqrt(mean finite-response variance),0.002565495649239749,0.0022738112843405612,True,,,,,
lr040_over028,beta .8,e040_b08,e028_b08,bank0,finite_response_rms_R,0.49146713726507635,0.4410820163419185,1.114230730468277,True,,False,RMS=sqrt(mean finite-response variance),0.24153994701152942,0.19455334514025246,True,,,,,
lr040_over028,beta .8,e040_b08,e028_b08,bank0,finite_response_rms_full,0.5202580350750173,0.4712872063163612,1.103908674163719,True,,False,RMS=sqrt(mean finite-response variance),0.27066842306011796,0.22211163083748037,True,,,,,
lr040_over028,beta .8,e040_b08,e028_b08,bank1,forward_kl_Q,0.002491429105343811,0.0015246752766948518,1.6340719518615536,True,,False,KL,,,True,,<,2.0408163265306123,0.40674437466905866,True
lr040_over028,beta .8,e040_b08,e028_b08,bank1,conditional_kl_Q_last,0.0020558242516329605,0.001229581821799307,1.6719702708556416,True,,False,KL,,,True,,<,2.0408163265306123,0.36884605567497064,True
lr040_over028,beta .8,e040_b08,e028_b08,bank1,forward_kl_R,0.15581224414594902,0.09868592594149474,1.5788699620482989,True,,False,KL,,,True,,,,,
lr040_over028,beta .8,e040_b08,e028_b08,bank1,forward_kl_full,0.18232941353365956,0.11395188037217827,1.600056207393449,True,,False,KL,,,True,,,,,
lr040_over028,beta .8,e040_b08,e028_b08,bank1,conditional_kl_R_last,0.15233784195320116,0.09581078405419999,1.5899863826082867,True,,False,KL,,,True,,,,,
lr040_over028,beta .8,e040_b08,e028_b08,bank1,finite_response_rms_Q,0.07091584078727708,0.055160938243598925,1.285617015325268,True,,False,RMS=sqrt(mean finite-response variance),0.005029056474566432,0.0030427291079141343,True,,,,,
lr040_over028,beta .8,e040_b08,e028_b08,bank1,finite_response_rms_R,0.5551172885171392,0.4420467678604933,1.255788592695536,True,,False,RMS=sqrt(mean finite-response variance),0.30815520401062074,0.19540534497590883,True,,,,,
lr040_over028,beta .8,e040_b08,e028_b08,bank1,finite_response_rms_full,0.6002239418155276,0.47483128641898453,1.2640783347327673,True,,False,RMS=sqrt(mean finite-response variance),0.3602687803285699,0.22546475056230775,True,,,,,
