state,group,total_interaction,additive_overlap,finite_mixed_loss,base_linear_J,mixed_KL_correction
q09_9,old,0.08714955285721938,0.04940058247946871,0.037748970377750685,0.01563254536445649,0.02211642501329418
q09_9,old_bank0,0.08695277289709819,0.053160131437174934,0.033792641459923285,0.016442571806903,0.017350069653020245
q09_9,old_bank1,0.08734633281734058,0.04564103352176249,0.04170529929557809,0.014822518922009979,0.026882780373568116
q09_9,fresh,0.09100831463516276,0.05844889429493354,0.032559420340229225,0.007524093724420453,0.025035326615808748
q09_9,fresh_bank0,0.0840846519496955,0.04028503061880539,0.04379962133089009,0.019401615206418314,0.024398006124471794
q09_9,fresh_bank1,0.09793197732063001,0.07661275797106168,0.021319219349568354,-0.004353427757577408,0.025672647107145702
h09_9,old,-0.04674064251324362,-0.06148380208830295,0.01474315957505932,-0.03274872388620235,0.047491883461261666
h09_9,old_bank0,-0.0492434128660827,-0.06237449336373172,0.013131080497649014,-0.03273701224554117,0.04586809274319019
h09_9,old_bank1,-0.04423787216040454,-0.060593110812874176,0.016355238652469628,-0.03276043552686353,0.049115674179333144
h09_9,fresh,-0.047695956620778995,-0.053006435559910706,0.0053104789391317155,-0.03847488012998719,0.0437853590691189
h09_9,fresh_bank0,-0.046953454952128125,-0.06526344130687461,0.01830998635474652,-0.03049658844539299,0.048806574800139536
h09_9,fresh_bank1,-0.048438458289429866,-0.04074942981294679,-0.007689028476483093,-0.04645317181458138,0.03876414333809827
q09_46,old,0.022469385676226045,0.02227451646919858,0.00019486920702746166,0.0004937440923084944,-0.0002988748852810266
q09_46,old_bank0,0.023592304821874743,0.02390336270171651,-0.0003110578798417548,-0.000929298656710182,0.0006182407768684159
q09_46,old_bank1,0.021346466530577347,0.020645670236680652,0.0007007962938966781,0.0019167868413271704,-0.0012159905474304691
q09_46,fresh,0.01787483027059502,0.016257398466921667,0.0016174318036733678,0.002507321051995093,-0.0008898892483217222
q09_46,fresh_bank0,0.02145051875493274,0.020290474214750335,0.0011600445401824236,0.0024962613815785162,-0.0013362168413960825
q09_46,fresh_bank1,0.014299141786257304,0.012224322719093003,0.0020748190671643113,0.0025183807224116693,-0.0004435616552473619
h09_46,old,0.029589596737922524,0.02912437998227562,0.00046521675564689994,0.006919672745907166,-0.0064544559902602675
h09_46,old_bank0,0.02985446830396192,0.03098188109434933,-0.0011274127903874221,0.005750141603697599,-0.006877554394085019
h09_46,old_bank1,0.02932472517188312,0.027266878870201915,0.002057846301681222,0.008089203888116733,-0.006031357586435516
h09_46,fresh,0.026796869131312594,0.024265177603348332,0.002531691527964267,0.008208267404771727,-0.005676575876807468
h09_46,fresh_bank0,0.029012990051144386,0.026393448129141565,0.0026195419220028243,0.010621001540718142,-0.008001459618715316
h09_46,fresh_bank1,0.024580748211480794,0.0221369070775551,0.002443841133925709,0.005795533268825315,-0.003351692134899621
